"id","hash","factKey","source","evidenceVerified","translationParity","difficultyReviewed","distinctFact","reviewDate"
"001","fdd37c054915223a5adbb371878b0ce33301774e4f5addfacfeae9696eee200d","dress:kandura:identity","dress","yes","yes","yes","yes","2026-10-07"
"002","8a6be536bd7f2726832591ffadeac4d770286dfef78414ba6ba1f830751c1fbf","dress:abaya:identity","dressbasic","yes","yes","yes","yes","2026-10-07"
"003","ac211b18827e4f800490c2da03507c0400ab648acec55e8e70194814b9716dea","dress:ghutra:identity","dress","yes","yes","yes","yes","2026-10-07"
"004","df963eff59f763ca9b175a59a1ea325e4677fde9719a7045821d45b5b19ece40","dress:agal:function","dress","yes","yes","yes","yes","2026-10-07"
"005","ae32154f084ef4645b2619d9d81b8d32a194c669d7e006e97b9ee96d297713c6","dress:bisht:identity","bisht","yes","yes","yes","yes","2026-10-07"
"006","a1d39dbf2c0909f1326011764723e6879a60054ad857eb15eb8b36db9c46ad81","dress:burqa:coverage","burqa","yes","yes","yes","yes","2026-10-07"
"007","fdab49b11b32837a45db02ab8b6b80a27c959be285ffe8a4c7470637fe9d37b9","adornment:henna:occasion","henna","yes","yes","yes","yes","2026-10-07"
"008","0a3f759be14d99a0fb35b69701fa5f361e1cbb6c9d26085cbcff06469e4e4a83","adornment:kohl:use","kohl","yes","yes","yes","yes","2026-10-07"
"009","981156a29d495eb059616f6c0a802a598a72746c95e2ebf74ba6fbd53500ee02","food:harees:identity","harees","yes","yes","yes","yes","2026-10-07"
"010","86e41fb71f008160f8132991aca4be6fb5d5441c470519d97df0c6f741de5840","food:luqaimat:identity","foodguide","yes","yes","yes","yes","2026-10-07"
"011","f9d89eda62775d3a8ead3b4ac1077ceb6c0f296f6847bb383026a109b4d800bb","food:balaleet:identity","foodguide","yes","yes","yes","yes","2026-10-07"
"012","ae51d7a2a3a5ed6cfca8e23f25f1ef01b79e2a1134287316f029226bbe95a89b","food:thareed:identity","foodguide","yes","yes","yes","yes","2026-10-07"
"013","b12ebff1db6f4d9c651b23df6fc499b93792cd6ec5f093ac9909bfa25e13f658","food:machboos:identity","foodguide","yes","yes","yes","yes","2026-10-07"
"014","42b2e53614781cb6d2e7ff452de2013e6b37c23e189a159548da93184a3a3b9c","food:rigag:identity","rigag","yes","yes","yes","yes","2026-10-07"
"015","5c2ae841faccf26bcbfc35fb983e8f9c6b9837cd95c80306acbc2952e77be732","food:khabees:identity","khabees","yes","yes","yes","yes","2026-10-07"
"016","1e49640a2da9e83776921cc58319828e4fe87f959737703e7409d064555df5e6","food:kami:category","kami","yes","yes","yes","yes","2026-10-07"
"017","deccbe8433eaa5bc94bb9a1998128d363ff456d538a55238978bbcf39933d9df","hospitality:dallah:identity","coffee","yes","yes","yes","yes","2026-10-07"
"018","ffbd4f56d33900fbbae95b57e10d12a211cbcc30db5cf836e9c76945d569b28f","hospitality:coffee:finish-signal","coffeecustom","yes","yes","yes","yes","2026-10-07"
"019","cafb01933249bf593880bacc2e45a483f9627dc824120b9e0a8471e16f6a5dfc","hospitality:coffee:first-guest","coffeecustom","yes","yes","yes","yes","2026-10-07"
"020","b681242c23a99853f56fe187098df9accebdc485eeec76e4b352f53190e03b0b","hospitality:majlis:purpose","majlis","yes","yes","yes","yes","2026-10-07"
"021","88437ba42de9a36b65da18d52a9b35940542cdd58002482484bd97f1d48e60ca","customs:fazaa:meaning","oasislife","yes","yes","yes","yes","2026-10-07"
"022","667abb5379358ff250e6fedc66c398a43fef673254e028a822224982da973441","celebration:haqlaila:date","haqlaila","yes","yes","yes","yes","2026-10-07"
"023","c5deb1283f2d2ea310da7032eddd4af8262ff617acfbd0bc41708f8229aeb4fb","celebration:fitr:timing","eid","yes","yes","yes","yes","2026-10-07"
"024","d7265b8f33ce962585a27b3969318ef19d3d6dfe7b6c1c15dadb62c669777bf6","celebration:adha:pilgrimage","eid","yes","yes","yes","yes","2026-10-07"
"025","61742520a5fa8558265cfdc5989a5fb6a25bad796d9252b71022f293bdbf536f","craft:sadu:identity","sadu","yes","yes","yes","yes","2026-10-07"
"026","5b1fa717814a58f3f04741c26fc69cf3d90770e439f2a88affcb34a2a16dbb56","craft:khous:material","khous","yes","yes","yes","yes","2026-10-07"
"027","5502c319bca8aa673ee85a1f84cec5d93f4107729d42ce69367db8e7db932101","craft:talli:purpose","talli","yes","yes","yes","yes","2026-10-07"
"028","df1c13b727999fd254cfe084a4f6a35fd6f4a67268bfdc566988942877b6fc2e","craft:pottery:material","pottery","yes","yes","yes","yes","2026-10-07"
"029","e19ee10e0a902d5cbc0ff16f64e267deca221b3cfbda6f3f168aee9be3a43189","household:raha:function","raha","yes","yes","yes","yes","2026-10-07"
"030","a49830356b91320077540230d9f7111e631848d9f8b77e89be95553cc1f30fb5","arts:ayyala:rhythm","ayyala","yes","yes","yes","yes","2026-10-07"
"031","da7e9311ea3d067968c426b8f477374a5807c417c1d5daeae683de9ad4c2edd4","household:mandoos:identity","furniture","yes","yes","yes","yes","2026-10-07"
"032","7a0b10f5743ce20e346ecaf28978b0516f5a4c8d1c693c6c68105a5c459c6237","household:haseer:identity","furniture","yes","yes","yes","yes","2026-10-07"
"033","f1dc4ac74abfb2cef83923ce2953fe9ae10221517b359dded6c19cd683c8ae6d","household:jafeer:identity","jafeer","yes","yes","yes","yes","2026-10-07"
"034","1644549ef403692878ff2a13f4e150878da6e268038832c49daf08244b295406","household:serai:function","serai","yes","yes","yes","yes","2026-10-07"
"035","a24e1609a27aa8d8a46b63cb961aac0791db23545071b00a9aaac63cd45fe954","occupation:taresh:identity","taresh","yes","yes","yes","yes","2026-10-07"
"036","52e4b29fece05eaf1563307b1646816d4cfc969ae9895adbf88d03929db86cd2","occupation:qassab:identity","qassab","yes","yes","yes","yes","2026-10-07"
"037","7e9fc25d2b7efd4bc6008760e1d967e6eb1d6619ad8358cb03b506335cebee16","occupation:nukhada:role","pearling","yes","yes","yes","yes","2026-10-07"
"038","d09699eebcc26350f06a982eb988017429c9b4136e2022e01c2151c79fa89d54","occupation:naham:role","pearling","yes","yes","yes","yes","2026-10-07"
"039","7b4cf323dc17cbcf6854e80bc537e16b4e05faecbb0ae7320fdbd41ab137ae0a","pearling:oyster:harvest","pearling","yes","yes","yes","yes","2026-10-07"
"040","362c9e17f8d40a72a9d28a18269f3bdc3880a4f318714e5ec59d07af1bc16029","pearling:fattam:function","pearling","yes","yes","yes","yes","2026-10-07"
"041","0664c932c913c837e7fcefae53f6154f50ba8ca609c68ec9372dea2807ec8113","fishing:gargoor:identity","fishing","yes","yes","yes","yes","2026-10-07"
"042","c299c12f6befc5721d8c979bbdb9c813f168367b93db73f6dc5db43dc9cb8e66","fishing:hadaq:method","fishing","yes","yes","yes","yes","2026-10-07"
"043","546f2eaa63c0ac51f530b68d58a485eab062da85e00d3c787521877a68360d66","maritime:jallaf:occupation","jallaf","yes","yes","yes","yes","2026-10-07"
"044","c113bae9984c590edf7ffd6cfee2938417ffcde59430430353a0ce19a298f446","maritime:hoori:purpose","maritime","yes","yes","yes","yes","2026-10-07"
"045","5840fcc7ff856ddefd5e8c17f9ccf8bae608d5d2846039f966145db45425452d","animal:falconry:practice","falcon","yes","yes","yes","yes","2026-10-07"
"046","c96420f82d19617a875149a57edfaa765e19e2deec40985d381336544afc69de","animal:saluki:role","saluki","yes","yes","yes","yes","2026-10-07"
"047","d05328428cba87d3b93a664e30bb08cfc4a07928ccd31b2ba488f7b96319a515","animal:hedaa:purpose","hedaa","yes","yes","yes","yes","2026-10-07"
"048","e3116ce93af0923c88b6418e6e33530c87d07a35d7f8889646e6ad20d63725c3","desert:karrey:transport","karrey","yes","yes","yes","yes","2026-10-07"
"049","0f514d786b1187c401fe20293a1a85fdb1bd6ae7d56036298818a902a90193d3","architecture:areesh:material","oasislife","yes","yes","yes","yes","2026-10-07"
"050","3b8fddc53ccd12ccebdca0b5774cb0db551b63242fd957c5969cdff7433be590","place:fahidi:emirate","fahidi","yes","yes","yes","yes","2026-10-07"
"051","6d967a9c0c9ad83e647387ceb794e6dd39bd6fc75cc840a7b9b9a85d8359bf5e","place:dhayah:emirate","dhayah","yes","yes","yes","yes","2026-10-07"
"052","919552e8462d8521c15878f18c6e9eb1f79fd4cb37fa9ecf1b4482609eed3ae3","arts:ayyala:formation","ayyala","yes","yes","yes","yes","2026-10-07"
"053","0a74ce7571aba1178cf50c7d1ba33a1cd6077fbcd5ef19b55899db602cd0ec9e","arts:nabati:language","nabati","yes","yes","yes","yes","2026-10-07"
"054","9d6cd81cb53564a1bf16f250a7627c9e6535c5eb5d6399c4633a1e903db8bc2a","game:dahrouj:object","dahrouj","yes","yes","yes","yes","2026-10-07"
"055","3c347599cd12d09ed561220a8cefe852832e91d5097022d8f282d515baa12343","game:karabi:movement","karabi","yes","yes","yes","yes","2026-10-07"
"056","bb4a6165544b53c613746ad283e99a9631d79edce1818ab2fc75901f94913674","game:motor:construction","motor","yes","yes","yes","yes","2026-10-07"
"057","2f6791b7df340eda612a4bebd85617100e1b8c737ef19b0dba38460c567da6c7","hospitality:coffee:cup-hand","coffee","yes","yes","yes","yes","2026-10-07"
"058","4f5ea6026b6c004f89a8829537ca0c72f5490369ba79cc67bbd507811cc091de","household:saqa:purpose","saqa","yes","yes","yes","yes","2026-10-07"
"059","620e4ca61ffbfae3c5d4ef3cadec60b07675d98943dcafcb05562714bedc72bf","food:maleh:preservation","foodguide","yes","yes","yes","yes","2026-10-07"
"060","02783d64b37a8d6098cca38ba8ae6ec546c3aee9745c12e6268247359c492de8","household:mahafa:purpose","furniture","yes","yes","yes","yes","2026-10-07"
"061","6866200c27a59e92b0e6909aea6c807030dbe6cdab3f7a5cce462a70fbc9e31d","celebration:haqlaila:collection","haqlaila","yes","yes","yes","yes","2026-10-07"
"062","d2816e5c2b70d160ef709ceb86422bed3f31f8ff95ea6d6156b4c7364bc3d598","food:harees:topping","harees","yes","yes","yes","yes","2026-10-07"
"063","e9d8795c0310d605c7c994d75fa3bc6f42dd54f200e019d97535c567fd46ccaa","arts:ayyala:canes","ayyala","yes","yes","yes","yes","2026-10-07"
"064","cea17ba3642c186f8443b915ee0bceb06346d522c6c8dca58454adc062f34a22","customs:zuhba:meaning","zuhba","yes","yes","yes","yes","2026-10-07"
"065","afcf2ec04ce77fe93d9d75afde26abec6b68651db32b7f8d7dfa0b635551c32b","arts:azi:formation","azi","yes","yes","yes","yes","2026-10-07"
"066","30373e3dea86c330953bcbfef197834246fbdaa39046d83fdee83535665f606e","food:khameer:texture","fwala","yes","yes","yes","yes","2026-10-07"
"067","68834468e7562a19cb604c463405c6eecb3ceaf95cd4ae70394cea2d61dae8e1","place:naboodah:occupation","sharjahfort","yes","yes","yes","yes","2026-10-07"
"068","c45280384c6b5aa06581df6375a7cef3b284fff07649081ad84273c28807ec97","food:fwala:meaning","fwala","yes","yes","yes","yes","2026-10-07"
"069","0461501014153804f003f51961a93d54b34fdacf41d203e5c66962b46254a021","dress:wizar:identity","dress","yes","yes","yes","yes","2026-10-07"
"070","2ee913451d251cac8a7a68015dc1d46451aa8e8e1de5c9743f464c0a90dfc3db","dress:ghafiya:identity","dress","yes","yes","yes","yes","2026-10-07"
"071","3d5bf3cdd4263e6e20ca3435dc5fd56519212a53cf63e8b71aa27b6e78f0b72e","dress:sudairi:identity","dress","yes","yes","yes","yes","2026-10-07"
"072","6e662168f2a3fcfa3df491464b96deb82b6e0915ef892df971d4452a3c1dab2f","dress:medas:identity","dress","yes","yes","yes","yes","2026-10-07"
"073","dc7963f0265a6e2ea1a060d3e552802b633def6e5cad797c930e3957fac2d839","dress:bisht:seasonal-weight","bisht","yes","yes","yes","yes","2026-10-07"
"074","b2c25970a15662a9266a2559d9e3d054dea63ce47e3fc0d07e74c6d00ecae9d9","adornment:henna:rawayeb","henna","yes","yes","yes","yes","2026-10-07"
"075","0547efa592f2458e67da4960c345843897b9a18ee72f5ef54ca2d41bad1d9e6f","adornment:kohl:container","kohl","yes","yes","yes","yes","2026-10-07"
"076","5cd5645ecc25473c6c1fb80107f295150251a595247f911e80c5b58c294f5630","craft:talli:stand","talli","yes","yes","yes","yes","2026-10-07"
"077","21195363b71898987d7ca77f891d42a53c73d1dbdc46ece5be1a4fa7cb3fb7ed","craft:sadu:fibres","sadu","yes","yes","yes","yes","2026-10-07"
"078","d8a8d9f7a85c225215442786f47aa0273b500c53bc54d03acc4be2de1ee79b04","craft:khous:softening","khous","yes","yes","yes","yes","2026-10-07"
"079","46ee28dcedb19aadd29123c24f51072901b8f7ab262fb35c218a90b51cd02909","craft:pottery:hib","pottery","yes","yes","yes","yes","2026-10-07"
"080","089c318a727e843a01496d5f4f8dd478cd6b60581f693680f488c4cff033d5c7","household:saqa:material","saqa","yes","yes","yes","yes","2026-10-07"
"081","67cbf81e91cddef22fdc3f709ccc535378907d8aac077c7883ca13c6f52fb3b2","household:raha:rotating-stone","raha","yes","yes","yes","yes","2026-10-07"
"082","7a64c6a6fa5a70183f3da329618af3d6b2e9504b3da141d407dba1a30856e222","household:serai:fuel","serai","yes","yes","yes","yes","2026-10-07"
"083","e432fb26a8b1d1dd7b07cfc5a935ae077c7931eed10d4bad783718d329e35df3","household:mandoos:legs","furniture","yes","yes","yes","yes","2026-10-07"
"084","5e044f9e6550cd5b5d87e8f9f33e65a1f5dd34d1e748b21d9791a96501e79ed5","household:jafnah:material","jafnah","yes","yes","yes","yes","2026-10-07"
"085","18090ef9c6f98d41f52e810c675f099c19b7f05519e906c4c63d7d798c1136fd","household:utensils:strainer","utensils","yes","yes","yes","yes","2026-10-07"
"086","6e1a4bfc3392aee77f4792d33ebbfbe09c7438faa661b7b04e425111899c6958","food:kami:accompaniments","kami","yes","yes","yes","yes","2026-10-07"
"087","6f8b724757ce34bbe734568d9968343b02a65925128f3e5aa389df5cf33ec624","food:rigag:dough","rigag","yes","yes","yes","yes","2026-10-07"
"088","3e41e92236dbb25d37e231d4890f63079791120f32d4c97b2e77f37d401405e0","food:harees:tool","harees","yes","yes","yes","yes","2026-10-07"
"089","bb5658334653e475fd16eb3f65eff59a2600997dc33b22db53f3a42dc135cfa7","food:khabees:flavouring","khabees","yes","yes","yes","yes","2026-10-07"
"090","5bc5a984dc4da16d154a30069fa326e3dab08747ca80a9c4d5613074bc66dc54","food:dango:ingredient","foodguide","yes","yes","yes","yes","2026-10-07"
"091","40961adf744cf97d4179c702a0b15a6b79e3b2acb311c397e267714825ecb4c1","food:bajella:ingredient","foodguide","yes","yes","yes","yes","2026-10-07"
"092","61fdf3b5e5dbb89b8e116e7948c560abcc10b5695531bbb48f91f6d82e9ae4b8","food:khanfaroosh:identity","foodguide","yes","yes","yes","yes","2026-10-07"
"093","20e702ba3ec5700822e5a3ab2290163b97d8d93c7cd2013b8d295fc53875a2e8","hospitality:coffee:pot-hand","coffee","yes","yes","yes","yes","2026-10-07"
"094","8800799029a930ff398a26ebbf5e03d2ec59045a208378da0f290b4dd50dee41","hospitality:coffee:fill-level","coffee","yes","yes","yes","yes","2026-10-07"
"095","33816bdaa2529ab93b80f9547a58ecd72cb320c4a9f05b2d025522558cd871b1","majlis:barza:meaning","majlis","yes","yes","yes","yes","2026-10-07"
"096","b2e70629faf1f1af08c44249e923fec6c6c335603519b83349af3648f88a6604","majlis:merchant:finance","majlis","yes","yes","yes","yes","2026-10-07"
"097","b5bf3ecb0a534187f80cfbdadee86284e2a85c8f574ff8921a0659e5fb6bdf0f","customs:zuhba:provider","zuhba","yes","yes","yes","yes","2026-10-07"
"098","2dd6f061c03c7adbfbe2b271c5dcf1ed800dff5ff52273b1596bb4dc3b4c7829","customs:eid:bedouin-snack","eid","yes","yes","yes","yes","2026-10-07"
"099","b06d1e691536175b991268d5d72c91567a2f6c903f79f2e5caa15792c539895d","occupation:seib:role","pearling","yes","yes","yes","yes","2026-10-07"
"100","83ba76d14fa78c1db9e8d4bc36438c1c763151423be9591744096133167e21b8","pearling:season:months","pearling","yes","yes","yes","yes","2026-10-07"
"101","63ea9ba5847d1018be3dec8492145ec566197a5247f77ab5c85d922981e847e3","pearling:deyeen:function","pearling","yes","yes","yes","yes","2026-10-07"
"102","12bd23f8c80c013393dc9177aa8d9d81713fdf5c574add450e7a22f88aa096db","pearling:maflaqa:function","divingtools","yes","yes","yes","yes","2026-10-07"
"103","89f0a646f9cb6906a95c2596167dd7a9be3178de8eec27002a451bbcc5838beb","fishing:leekh:method","fishing","yes","yes","yes","yes","2026-10-07"
"104","6567ff71b55fed4c6a883069c89a915daca0cc65300e9b739cb5ffcec01b488b","fishing:saleya:identity","fishing","yes","yes","yes","yes","2026-10-07"
"105","8527a219f98fa8d6bebf4a775170992b5f79aefb685644e5b7a3a109cf42d9fa","fishing:sharkh:tides","fishing","yes","yes","yes","yes","2026-10-07"
"106","f779888a31f689820cda2d0748dd40df07f35f8959212f090190cd7804b7add7","maritime:boum:use","maritime","yes","yes","yes","yes","2026-10-07"
"107","6e777d9886f0a79e1b2618a96b1952cfb562bd1f07d5ecbee84d8d4eef8fe9f7","maritime:rope:material","maritime","yes","yes","yes","yes","2026-10-07"
"108","fc6309e4c274872710ea1eef971cba8690f6b883f0d50b9e52ee98ea9e2ca8e3","occupation:tannaf:role","tannaf","yes","yes","yes","yes","2026-10-07"
"109","a9ef689792886b19d80155e02c14ac92a37c574b593b16f9e415770883746bc3","occupation:baydar:role","baydar","yes","yes","yes","yes","2026-10-07"
"110","9c60b56e80fd2c237e091e76047ace4b86a3c65854283cccf6ea96df40d38e0e","desert:mukaid:destination","karrey","yes","yes","yes","yes","2026-10-07"
"111","ead4bf32be229cceb43183a09fbe41972e7f9c78ba98827504ebab2b5c2bb443","falcon:training:live-birds","falcon","yes","yes","yes","yes","2026-10-07"
"112","66e24b77625142bca3b9bbfa4253735bfe12c4b2348492c7e0f3980b99e85823","falcon:training:decoy","falcon","yes","yes","yes","yes","2026-10-07"
"113","9eb2c8ef37e06d45a4303c04b5994d17ab39ffa5124978ffdc6cf2eb683d98d6","saluki:falcon:cooperation","saluki","yes","yes","yes","yes","2026-10-07"
"114","3a19cc493510d6624d0d9390d6c4be222981bce224dd45950220a6698ec62899","camelrace:distance:criterion","camelrace","yes","yes","yes","yes","2026-10-07"
"115","98a0ed727a215b4385bcc34cb4996cd97daf7855c167fa43bfa21669432703ef","architecture:aflaj:purpose","aflaj","yes","yes","yes","yes","2026-10-07"
"116","e1ceb297518c2af2c1b933c80fc91f4b2679c40e314c843c9627cb95c2f3de48","architecture:aflaj:evaporation","aflaj","yes","yes","yes","yes","2026-10-07"
"117","109d9869e7a3967d0673c718d902fa5b1cccefcac6bab96df46499348031adf8","place:jahili:summer-home","jahili","yes","yes","yes","yes","2026-10-07"
"118","064fffa51eb73b6c267fbe0d74844995d24bba9871cf0386774d51e125f6eee9","place:sharjahfort:historic-role","sharjahfort","yes","yes","yes","yes","2026-10-07"
"119","b81573cb77bc463ab3bedd4753131fee571ef22b7581ee38d5745edf60a3edd4","arts:ayyala:symbolic-battle","ayyala","yes","yes","yes","yes","2026-10-07"
"120","449d5359ad173a7e1dfefda420d54f31cb3add27eefea92df1db84623c882e9c","arts:razfa:naashat","razfa","yes","yes","yes","yes","2026-10-07"
"121","795f3a99cd4cbbf14791c417eff2cd6d2cbc502bd94b5fef719dd2505fa6564e","arts:azi:accompaniment","azi","yes","yes","yes","yes","2026-10-07"
"122","4b0b426d816fa7c4f30fac676d98366fa2ad4b0e9db6438556f0fc71766f0dbd","arts:taghrooda:setting","taghrooda","yes","yes","yes","yes","2026-10-07"
"123","5d1281546c6a3389e4afe540adbf10a863bbb224c76a38bb97e6470dd7541dce","arts:shilla:instrument","shilla","yes","yes","yes","yes","2026-10-07"
"124","bd7a2cae2566598c5bbea0168c9c5d9e848a17e72a23b2381e59a133f981c771","arts:wanna:emotion","wanna","yes","yes","yes","yes","2026-10-07"
"125","9d8cd40a9dde83f616955241ae88a449f0a039445d30f4981e9444047340c0ee","poetry:nabati:competition","nabati","yes","yes","yes","yes","2026-10-07"
"126","0029334a3b60efc57d1ffb6a7b4cf67607545cae952223acdf30311f9e36b92f","game:meendarabak:challenge","meendarabak","yes","yes","yes","yes","2026-10-07"
"127","8d6ccc0d0d42ffc53d5dca3c253fd8382cf25f4b21ee34bdef17abac1931659c","game:tabat:type","tabat","yes","yes","yes","yes","2026-10-07"
"128","c7b935c4785a9065fdec5f6049267128e4766af45f3576ae52409cf344c00c8c","game:suwair:season","suwair","yes","yes","yes","yes","2026-10-07"
"129","7dfdd6b08210f1a973e8fb7737e1bd4fa20d5ea056b0d9a719c2d094afa0242f","game:essee:identity","essee","yes","yes","yes","yes","2026-10-07"
"130","fb2d7b81ddcdcd94c927ef8bf404098266ce8bccc831e26e3842663aac146925","game:maryahana:identity","maryahana","yes","yes","yes","yes","2026-10-07"
"131","48e6626097035b2141d7259c3d285f855c493605d2a7c20242576f2f1989dbc1","unesco:majlis:partners","majlis","yes","yes","yes","yes","2026-10-07"
"132","5f38fdfee105e90b9fcc358246c10db794f5307593c805b53c2381afb3de2faf","unesco:ayyala:year","ayyala","yes","yes","yes","yes","2026-10-07"
"133","05f52b00226afe867732a3948ffa485c051c0d42865406feb2a16aea77fb25f8","unesco:razfa:year","razfa","yes","yes","yes","yes","2026-10-07"
"134","41cc26e03c7fd269e99e2a6676e6e7baa139195b64bc5a0617e1373a436eb9f2","unesco:camelrace:year","camelrace","yes","yes","yes","yes","2026-10-07"
"135","2dc5d42d1cef52812678c2fec9af80d8e3857ada821f01ce7b6a4b6aca02f9b5","craft:smith:bellows-purpose","smith","yes","yes","yes","yes","2026-10-07"
"136","d244b0e46dfdf211d6db7478fbf473137af35233238fab36a505d622631decc2","household:judoor:singular","judoor","yes","yes","yes","yes","2026-10-07"
"137","a21f8f472293e0d01001b38f27ab8a6ea3b01a706d363f4e1e34362aae22d53c","dress:burqa:lining-quality","burqa","yes","yes","yes","yes","2026-10-07"
"138","b4bbd40820df7c90d3ae0b13930a48a56bf69f5ffbc503296242d3e1cdcdeb8a","dress:burqa:nose-piece","burqa","yes","yes","yes","yes","2026-10-07"
"139","2cbb874ad409ee1a1be70844c83234d5a81ccb3f41d76a9ad4b32f174e9448df","craft:burqa:craft-name","burqaar","yes","yes","yes","yes","2026-10-07"
"140","93ba763fd7991a3760a8b7bf8a32d061d42ebb04ddea8be83916686d9627bcde","craft:sadu:loom-position","sadu","yes","yes","yes","yes","2026-10-07"
"141","733ac39df7ab781544f7c2480907b4c53d9d1b9388dc6249e84fa2cbb683539d","craft:talli:bobbins","talli","yes","yes","yes","yes","2026-10-07"
"142","68ccec4e7921afa37285c8c09cca6e2729de07ecf74c719acf77a9a2f463e98f","craft:talli:sayeryaay","talli","yes","yes","yes","yes","2026-10-07"
"143","ef6d0c30cb37e627aa409c4f3349943baf876a7c5a5040a878fad9c9ccc5acdd","craft:talli:bukhostain","talli","yes","yes","yes","yes","2026-10-07"
"144","29baf8cff2bcb187c7c9e9db12731f7361b93fb352fe67283e85cf67ce6d8e1a","dress:bisht:najafi-origin","bisht","yes","yes","yes","yes","2026-10-07"
"145","707dcbd4368122a413cb35af0985f40a4c2b417aaa6a9a8e2870eae12a8c9561","dress:bisht:doranki","bisht","yes","yes","yes","yes","2026-10-07"
"146","8b4ace4e89aa70c4c4664da60ff4120fdfc61f8ad2e03a7f97da61c6dd557625","adornment:henna:ghamsa","henna","yes","yes","yes","yes","2026-10-07"
"147","224931aa0cd014533899ea1b7aaeb75f456676338c9b348148e73f8c698a8984","adornment:henna:sheraa","henna","yes","yes","yes","yes","2026-10-07"
"148","139975661e1fb4b55177dc7080a3d11c1f9ed6662dfff232b12a441d70970063","adornment:kohl:athmad","kohl","yes","yes","yes","yes","2026-10-07"
"149","acd807c8804a07333b9a13a08686325e3ed67e088b878cfd416bd3a193eb50bd","adornment:kohl:applicator","kohl","yes","yes","yes","yes","2026-10-07"
"150","21aeab0effb9739b42f583ca0c848c6512fa58114d02794a6a2da9ad944fc055","occupation:taresh:bag","taresh","yes","yes","yes","yes","2026-10-07"
"151","91f50d1f04c54ff39d844fda124f74aabeac0e73c2d913cb3f9d5118bbbf866d","occupation:baydar:landowner-term","baydar","yes","yes","yes","yes","2026-10-07"
"152","feccb3878eef2eb6c24cbe6c5337cc9680f63e7cb014b590812a6338289fa1ca","occupation:sardal:role","pearling","yes","yes","yes","yes","2026-10-07"
"153","3a037eb8eafa1e2fb46df9849419d45bf5de8377ad471df238aa5d6c34e858e1","occupation:tabbab:age","pearling","yes","yes","yes","yes","2026-10-07"
"154","8f7443cab9cd67852b3ad05c4d2a1d7a89808ce96dfd5ab598b321b6d354914a","occupation:ridha:role","pearling","yes","yes","yes","yes","2026-10-07"
"155","a9cc396237845fa42adc9105c9f3f8514cfd27d9182bf62aface7285c4b9d222","pearling:yada:rope","pearling","yes","yes","yes","yes","2026-10-07"
"156","d965474596f0802cd48f5add2af87bf3984ffa59c29a8917d97540561b4dab49","pearling:khbat:protection","divingtools","yes","yes","yes","yes","2026-10-07"
"157","5b348f7b119f9d1ded357baeb08cbd5cf5aab9134966814d37dc8f27e4d00c5d","pearling:balad:material","divingtools","yes","yes","yes","yes","2026-10-07"
"158","8a9dfba681c542282337287bbb2b4bbdd722f10d12e6d974607c740f0de661a0","pearling:shamshool:identity","divingtools","yes","yes","yes","yes","2026-10-07"
"159","34d813e612353157bf33d8a0cea38d83fe09d3606ca7af6decefc6a0d4641283","pearling:taqiya:hazard","divingtools","yes","yes","yes","yes","2026-10-07"
"160","f6d39f783edd02482b590115a3285b5c0810daa8a5656ed172d8bd8c5cb9d5fa","maritime:noora:meaning","maritime","yes","yes","yes","yes","2026-10-07"
"161","906e0720ca8fb301b8201b60c969c7e2178ff48a4d05b4cfae60504c08170554","maritime:saffar:vessel","maritimear","yes","yes","yes","yes","2026-10-07"
"162","a5739cff703da90bb851f1674665f8a3f1cb0b234b7441ea3d0b98f211e7f323","maritime:kalafat:role","jallaf","yes","yes","yes","yes","2026-10-07"
"163","d3eb15334fdf673b5a8b34c56fe34d2eff928b59a99400e9338866067fac4ea4","maritime:oustad:role","jallaf","yes","yes","yes","yes","2026-10-07"
"164","3faa748d3bfb2ab7f5af43599647ced6480aa6974042909f40ae418e5e85579c","maritime:shalamen:role","jallaf","yes","yes","yes","yes","2026-10-07"
"165","9754cb1d5dbea55f3cdf0f9fc561c6c73a28a662b48ac06591ea2d3afcbd2ec1","maritime:sewnboats:fibre","jallaf","yes","yes","yes","yes","2026-10-07"
"166","df9a5ff50eaa66a42531818d1bf579d05c5522615859165bc2be5795b932bf6e","fishing:yall:catch","fishing","yes","yes","yes","yes","2026-10-07"
"167","62f1971b264fb769864c744cca29c991888f6e3dd452f625eaa0ba027b8764d3","fishing:kufa:weight-name","fishingar","yes","yes","yes","yes","2026-10-07"
"168","c648ec035e9f972c0697d02368e09bc7e306c301dcb2a3b777ca7813a642ad61","household:saqa:stand","saqaar","yes","yes","yes","yes","2026-10-07"
"169","faef0ef480a19e4ddaa4c2a11eebf4bbe5cf5c0170d0a955af4944c01749cf14","household:saqa:mouth","saqa","yes","yes","yes","yes","2026-10-07"
"170","8b11e30935226354355661687ebbb260d213f410e66f63280ce64cc7bd9369e8","household:raha:axis","raha","yes","yes","yes","yes","2026-10-07"
"171","db9108fe00f25c4c9aa89cfd48da263c64430dff6b5b7002eb47f6151b58975d","household:raha:flour-cloth","rahaar","yes","yes","yes","yes","2026-10-07"
"172","15a272b14d79bffb7684c0fa3991c4afd178ea9130a76a81158473202fa08278","household:raha:tarsha","raha","yes","yes","yes","yes","2026-10-07"
"173","548b7bde4889fca06ac80ab8e5201ebcf869f4bad54c5c595abb1aa530226bc6","craft:pottery:kharas","pottery","yes","yes","yes","yes","2026-10-07"
"174","cdfb536d0021fc8d683eba096d8e551ef765cfa459c93f66be865d5de6db1d11","craft:jafeer:base","jafeer","yes","yes","yes","yes","2026-10-07"
"175","8bbd96eca6cd2c455b3e5559ea3d66f0842f0e44d92c7937a29341dccae8d589","craft:jafeer:tall-basket","jafeer","yes","yes","yes","yes","2026-10-07"
"176","fadab3c3dbc4833666d6fcef8c054451d27215709c8be3a63289d9cd5b51894b","household:utensils:serving-spoon","utensilsar","yes","yes","yes","yes","2026-10-07"
"177","e333c93e6eca2343c3da01e4f1fa84c1d7be0472e0bd18f18267e706fe84f41e","household:utensils:fryingpan","utensils","yes","yes","yes","yes","2026-10-07"
"178","5723a1ff6a13c9f726cd9fad6f4408dad35ef25a8fb6bc93a00fcbd1fb5d37c2","craft:smith:anchor-term","smith","yes","yes","yes","yes","2026-10-07"
"179","f6880fbc988bed5162bf9effe2b8383a07337a846fa27818ad00fb2c472a8dbb","craft:smith:bellows-material","smith","yes","yes","yes","yes","2026-10-07"
"180","ee72f3c1bc88e05142b9d8ec4d641e2f83beb5ac1fef594c00319dc000f3cb80","hospitality:coffee:three-pots","coffee","yes","yes","yes","yes","2026-10-07"
"181","998dd3342cdcd2c1319627cbc616a97df476f25a541accedcd5c0d5ec1098188","customs:wedding:meer","zuhba","yes","yes","yes","yes","2026-10-07"
"182","beab3ffeef269183877b48bfdd5c3e6132d477fa43f890322c066bbe7919dbb3","dress:suwaia:material","zuhba","yes","yes","yes","yes","2026-10-07"
"183","8bcf09765fbcaebe1a62d7b8348705927f270e59da161f58f26c84d1b1c9084d","scent:hair:powder-name","sandalwoodar","yes","yes","yes","yes","2026-10-07"
"184","77989535fc4a43d93a340bb1663452385a8eb8c1571f70b24b592f9db91b785b","craft:isqa:clapping-toy","isqa","yes","yes","yes","yes","2026-10-07"
"185","1f1a73d371c36e2b6c78de433d6cae5050bf201ebb1f73b5cb506a6e3228fb6e","craft:isqa:bow","isqa","yes","yes","yes","yes","2026-10-07"
"186","c9e819032bdbde8e39ed47e20cc54d432024c61c3218d741853149cdd259e37b","food:kami:dried-name","kami","yes","yes","yes","yes","2026-10-07"
"187","ee5dc7ce7151d1b79b9bbfacdcd05ec6a1460838668e92242e45c9ee4fff1417","food:harees:birth-custom","harees","yes","yes","yes","yes","2026-10-07"
"188","f8f87f3f5c337eb0d83848789d53b6ba3ca39762d1938fed2e71b70ac10cf16b","food:harees:quran-custom","harees","yes","yes","yes","yes","2026-10-07"
"189","2d99f1cb14b71470febe9fa1bfcc0e230810b45ab2d36304d5a6fd6c66af95e1","food:rigag:mhyawa","rigag","yes","yes","yes","yes","2026-10-07"
"190","6aa640e6288c6e549314517948b02c7d15df82d6a2e464e8e7ddca227ead69b1","saluki:coat:types","saluki","yes","yes","yes","yes","2026-10-07"
"191","372fb64c18bf55b8c64264a0f6abba57cd8f9c2b7dadca5da68effe25c1595f8","saluki:centre:year","saluki","yes","yes","yes","yes","2026-10-07"
"192","4fc1c5c3bc51c0fa1b302ee25f43406f5ce52f326209a9c539ce6e8c54c6108d","unesco:azi:list","azi","yes","yes","yes","yes","2026-10-07"
"193","07f2b7b30f5de1b91c279d0ea60e44c0f24e4b49f6157a0c1a5c878fc2b44602","poetry:taghrooda:length","taghrooda","yes","yes","yes","yes","2026-10-07"
"194","d77e0ac16ef3e2d9e86a16c04df8cf0bd0ef40e1dad062c12d8a9625cbd2e882","poetry:taghrooda:alwajan-poet","taghrooda","yes","yes","yes","yes","2026-10-07"
"195","d873737b70ca6d89f4f0ba69522be69f47bb1ff8c902da251b5f1c2ad679ebfc","arts:wanna:integration","wanna","yes","yes","yes","yes","2026-10-07"
"196","9529155b390f8afd372a1c607519be11adb831248ad4bcb3b9bd5af66230bb61","game:tabat:answer-call","tabat","yes","yes","yes","yes","2026-10-07"
"197","75ae9fe4b253c49119a5f9f53938e05c913ba4288044d6a692dbb7ccefd9314c","game:suwair:houl","suwair","yes","yes","yes","yes","2026-10-07"
"198","a2aca995214c143166d14576f79ef0f6bb2febe81160944b30513ec53ac233c1","place:jahili:completion","jahili","yes","yes","yes","yes","2026-10-07"
"199","f3d138c6c914652e847f1a01bfbfc855d47708a24b742841a80764c14c3b9c97","place:jahili:round-tower","jahili","yes","yes","yes","yes","2026-10-07"
"200","5c9802bc0e7da2c990a4d81618ddef1b336dc1d1cedcfe0ff2d6ec1a4b2843b1","place:jahili:explorer","jahili","yes","yes","yes","yes","2026-10-07"
"201","5866648a271795fe13d1f38ae147bad522ad7ce07c5e72c33d8108401285d217","place:sharjahfort:construction-year","sharjahfort","yes","yes","yes","yes","2026-10-07"
"202","87503acc286672f62255c45efd4ee947e658eb021dece0043d58da78ecee9ba8","place:dhayah:lower-refuge","dhayahhistory","yes","yes","yes","yes","2026-10-07"
"203","4a18b3cb1b5af762cf2031d287e8281fd40dff5c83202848e8b75e80f9a4d174","unesco:aflaj:year","aflaj","yes","yes","yes","yes","2026-10-07"
"204","3d1b5ba8365034dcfbbf3b1c8883013c31b19da4d523d65304c28c6b6199e1c3","place:jahili:commissioner","jahili","yes","yes","yes","yes","2026-10-07"
