"entity","ids","hash","facts","decision","reason"
"abaya","002","99b0257899355991c7bc23196ade26b632cc0469f9b2683b5d3e4cf4b49579a3","dress:abaya:identity","distinct","Single tested fact: dress:abaya:identity. Reviewed with related topic families for semantic overlap."
"adha","024","8bba2551f1aebb5ab09e0f39a74d2f8b0af2516e3376f70d4cfc0742d0db9276","celebration:adha:pilgrimage","distinct","Single tested fact: celebration:adha:pilgrimage. Reviewed with related topic families for semantic overlap."
"aflaj","115,116,203","48d8178250a7fa0716e2cff2ccba17fdbee859d6a98adb95f657c07403681fb6","architecture:aflaj:purpose,architecture:aflaj:evaporation,unesco:aflaj:year","distinct","Water transport function, underground evaporation benefit and intangible inscription date are distinct."
"agal","004","4e37d97df69f762016e05e11cfab2f02310697677b7158033285c5fc620cdff2","dress:agal:function","distinct","Single tested fact: dress:agal:function. Reviewed with related topic families for semantic overlap."
"areesh","049","af23a3b9b7ac0e50afa993620c106b0c6d1976d3e4bea4160c182e0597910419","architecture:areesh:material","distinct","Single tested fact: architecture:areesh:material. Reviewed with related topic families for semantic overlap."
"ayyala","030,052,063,119,132","85b79a3a7bf381fb490625aeab657dadbeb1773083fb7ab3d52ca3b34898c352","arts:ayyala:rhythm,arts:ayyala:formation,arts:ayyala:canes,arts:ayyala:symbolic-battle,unesco:ayyala:year","distinct","Drums, facing rows, bamboo canes, symbolic weapons and inscription date are distinct. Physical cane identification is separated from symbolism."
"azi","065,121,192","a8a485474ccc71b4a3033d2532114708d1f3cec793b6a966a902fee0db465438","arts:azi:formation,arts:azi:accompaniment,unesco:azi:list","distinct","Response group location, absence of instrumental accompaniment and urgent-safeguarding list are separate."
"bajella","091","8388b8de0de921380ed9ab1f9290a55261e5bde4412147eb67e7e2bfe81c881f","food:bajella:ingredient","distinct","Single tested fact: food:bajella:ingredient. Reviewed with related topic families for semantic overlap."
"balad","157","67cfba7a0024300c085f8b22f7887062fbb4a1503439459fae932f34eb51cad1","pearling:balad:material","distinct","Single tested fact: pearling:balad:material. Reviewed with related topic families for semantic overlap."
"balaleet","011","1620cd040faf8c3efdbe84e5ec46489cb516f04e4f15d2ed1cb3e4d0d463ebcb","food:balaleet:identity","distinct","Single tested fact: food:balaleet:identity. Reviewed with related topic families for semantic overlap."
"barza","095","534eaaea9951ee888380c795825fc06780dd4be3473c88c3d71b3773beef400f","majlis:barza:meaning","distinct","Single tested fact: majlis:barza:meaning. Reviewed with related topic families for semantic overlap."
"baydar","109,151","9409f666d1a7b5466c719e294adc217d18e5e4b8ae1bb283beea5c1dc9a56d31","occupation:baydar:role,occupation:baydar:landowner-term","distinct","Worker role versus landowner title; different people rather than reversed definition of the worker."
"bisht","005,073,144,145","2d99b798ce35ed726165a8bc2fe30b3063ec5321d32810b81fb7f0e1fef98a5f","dress:bisht:identity,dress:bisht:seasonal-weight,dress:bisht:najafi-origin,dress:bisht:doranki","distinct","Cloak identity, seasonal fabric, Najaf origin and two-colour Doranki style are separate."
"boum","106","0e46ee410b15b14f621add69f76b3e4fa96cc0a8a6e13ce629aa40a288a5cfb9","maritime:boum:use","distinct","Single tested fact: maritime:boum:use. Reviewed with related topic families for semantic overlap."
"burqa","006,137,138,139","a2f100b2296e2242f739df433e54b4226c20bf2d4a4727ada05ba9c4be8bce8e","dress:burqa:coverage,dress:burqa:lining-quality,dress:burqa:nose-piece,craft:burqa:craft-name","distinct","Face coverage, lining quality, nose-bridge name and craft name are distinct."
"camelracing","114,134","02de7f0a03b4e9d4a6262d12c81174e24c92fc8375f84fef812b1de375ae5977","camelrace:distance:criterion,unesco:camelrace:year","distinct","Race distance depends on age versus UNESCO inscription date."
"coffee","018,019,057,093,094,180","b1ac0c58537fd5607081deedaad889168657544e09f6218f750cfa707d9d1d3b","hospitality:coffee:finish-signal,hospitality:coffee:first-guest,hospitality:coffee:cup-hand,hospitality:coffee:pot-hand,hospitality:coffee:fill-level,hospitality:coffee:three-pots","distinct","Completion gesture, serving precedence, guest cup hand, server pot hand, fill fraction and three named preparation pots are distinct actor/action facts; there is no second question asking the same hand rule in reverse."
"dahrouj","054","49ca0bdc48d8075964cf4eda6a1c3659c0d1a957bf6fa33c7a2dc98ea1b37c9b","game:dahrouj:object","distinct","Single tested fact: game:dahrouj:object. Reviewed with related topic families for semantic overlap."
"dallah","017","11c6379cb19bec0e68e3692a57d709ad940a4038b0cb990fb45ce920df4f1d64","hospitality:dallah:identity","distinct","Single tested fact: hospitality:dallah:identity. Reviewed with related topic families for semantic overlap."
"dango","090","bdd15844e77f604cd8c372e76986ceb8e05ec94758169c1c9ae7b5569194502b","food:dango:ingredient","distinct","Single tested fact: food:dango:ingredient. Reviewed with related topic families for semantic overlap."
"deyeen","101","cf37075e5e12e92666fa684a7841b6e21a1b3754d7bac2e9b354da3e4ac90d0f","pearling:deyeen:function","distinct","Single tested fact: pearling:deyeen:function. Reviewed with related topic families for semantic overlap."
"dhayah","051,202","b0c0e8e804e67a6e066f85975594a883186a46258e5dcb6b2b29b4708b95f2a9","place:dhayah:emirate,place:dhayah:lower-refuge","distinct","Emirate of hill fort versus name of a different, lower refuge structure."
"eid","098","03fe0b4c8f8d5497ab8ce2f1098c93c21f67f80d10dcef641c44c6ab9583b0a2","customs:eid:bedouin-snack","distinct","Single tested fact: customs:eid:bedouin-snack. Reviewed with related topic families for semantic overlap."
"essee","129","b6f31651ac9847995dbf244bce8eae5c72cf23759217c0badf9463c9da0eda89","game:essee:identity","distinct","Single tested fact: game:essee:identity. Reviewed with related topic families for semantic overlap."
"fahidi","050","f4dabb964e132a8a64012e540892e632dd31ea8b015391695c612c98284348a4","place:fahidi:emirate","distinct","Single tested fact: place:fahidi:emirate. Reviewed with related topic families for semantic overlap."
"falconry","045,111,112","70d1afca7d2aee3c7765327ccf775499672a8bdcb70709180c6dca316c960bdf","animal:falconry:practice,falcon:training:live-birds,falcon:training:decoy","distinct","Hunting role versus live-pigeon training stage versus feather decoy; no second question asks hunting role in reverse."
"fattam","040","54fe0569ec4d3d69c8807a6835800152f4f8f3c60c236f42e8e601b31bbbe7c4","pearling:fattam:function","distinct","Single tested fact: pearling:fattam:function. Reviewed with related topic families for semantic overlap."
"fazaa","021","a4372c9fa53989e38a14afc4a545b6d412ba6859dd09cff6f9cb0fd26be80736","customs:fazaa:meaning","distinct","Single tested fact: customs:fazaa:meaning. Reviewed with related topic families for semantic overlap."
"fitr","023","c2565d1ff5bffbe4d3b7c5c3f5ea89e1cf7c63c410f235510d4002b250fe0678","celebration:fitr:timing","distinct","Single tested fact: celebration:fitr:timing. Reviewed with related topic families for semantic overlap."
"fwala","068","415fe0d2d3af39dd89914667636bcf2c6c74a38e7f96b61b1e843e164efc40e2","food:fwala:meaning","distinct","Single tested fact: food:fwala:meaning. Reviewed with related topic families for semantic overlap."
"gargoor","041","d94fe0d759352be136d4716f03dc3567f4ab4bc0001cfce4498fbd0545c41602","fishing:gargoor:identity","distinct","Single tested fact: fishing:gargoor:identity. Reviewed with related topic families for semantic overlap."
"ghafiya","070","a27d509b6c63cc86b7f1a6d181eb303c15e036bdab616046c34f56c683387c11","dress:ghafiya:identity","distinct","Single tested fact: dress:ghafiya:identity. Reviewed with related topic families for semantic overlap."
"ghutra","003","736b42cf526b84417525291e4b73d2f833073567ec53801a15613f3eb788a638","dress:ghutra:identity","distinct","Single tested fact: dress:ghutra:identity. Reviewed with related topic families for semantic overlap."
"hadaq","042","b91e455aade7da9bde023e2afda27fa9d1727f906270c67b8444834d99078873","fishing:hadaq:method","distinct","Single tested fact: fishing:hadaq:method. Reviewed with related topic families for semantic overlap."
"hair","183","155ec3ea36e61c3855c76c33ff094e2d2bff8d9734a34aeb9628c10e781add26","scent:hair:powder-name","distinct","Single tested fact: scent:hair:powder-name. Reviewed with related topic families for semantic overlap."
"haqlaila","022,061","1a972f6cc95262da5c52dcfe17c607c33c1e70ccb2c351d95eec225fdfb451b5","celebration:haqlaila:date,celebration:haqlaila:collection","distinct","Calendar date versus collected gifts; neither reverses the other."
"harees","009,062,088,187,188","a2d9c444ab8833f2a7d27bc0225d9a68ceb97fcccad63676f64e08787518e78c","food:harees:identity,food:harees:topping,food:harees:tool,food:harees:birth-custom,food:harees:quran-custom","distinct","Dish identity, serving fat, beating tool, birth celebration timing and Quran completion custom are distinct."
"haseer","032","40f4680779156e8ddde4355caedd6f97acd0df84c9f280717fee5e8be86e9030","household:haseer:identity","distinct","Single tested fact: household:haseer:identity. Reviewed with related topic families for semantic overlap."
"hedaa","047","a26699d4ed958028320ae9a264dff43dc47a068803d886424bbf49ba99569d6a","animal:hedaa:purpose","distinct","Single tested fact: animal:hedaa:purpose. Reviewed with related topic families for semantic overlap."
"henna","007,074,146,147","34760aa97f1e4e82b86251e8d5e908f63a404315b157683e23258801f55abf7d","adornment:henna:occasion,adornment:henna:rawayeb,adornment:henna:ghamsa,adornment:henna:sheraa","distinct","Plant identity, fingertip pattern, whole-hand pattern and triangular pattern are separate facts. No medical claims."
"hoori","044","f298bdd0330a91ba16c20deddef2217edbc9bda25fb271309903d3a559489f7a","maritime:hoori:purpose","distinct","Single tested fact: maritime:hoori:purpose. Reviewed with related topic families for semantic overlap."
"isqa","184,185","23e4e917fec361f5f16e2ce1c64d24a30eba07128e6b70dc5f865707aea93a97","craft:isqa:clapping-toy,craft:isqa:bow","distinct","Clapping toy and bow are different objects made from palm stalks."
"jafeer","033,174,175","092fa03f8acaf32f2e699b8b916e9d28d338317b53dc41b02eaf4e5eac464a0f","household:jafeer:identity,craft:jafeer:base,craft:jafeer:tall-basket","distinct","Basket identity, base terminology and special tall-basket name are separate."
"jafnah","084","dce726fb24c36b2ec4b2e4ef61f8547b634a004fe9013e45cf7788fb93dcf576","household:jafnah:material","distinct","Single tested fact: household:jafnah:material. Reviewed with related topic families for semantic overlap."
"jahili","117,198,199,200,204","62184f3fe6674e050ec923bf6d7410e70b89a381da66a182bf1f641d69092207","place:jahili:summer-home,place:jahili:completion,place:jahili:round-tower,place:jahili:explorer,place:jahili:commissioner","distinct","Seasonal residence use, completion date, tower tiers, museum subject and commissioning ruler are independent attributes; no begin-date question repeats construction chronology."
"jallaf","043","1a695d5600355b37b68a081db2019e338e763f9915222432725a51ceac2c9214","maritime:jallaf:occupation","distinct","Single tested fact: maritime:jallaf:occupation. Reviewed with related topic families for semantic overlap."
"judoor","136","5651a2d44727cbe8f332406dc214acefe0a101bb5460b4137ccce92fa94574a5","household:judoor:singular","distinct","Single tested fact: household:judoor:singular. Reviewed with related topic families for semantic overlap."
"kalafat","162","22b2d32f97d2b53ce8d2cfcafd8cf33ddd1a5e32191b6e86d776c8a3d3d5bf4c","maritime:kalafat:role","distinct","Single tested fact: maritime:kalafat:role. Reviewed with related topic families for semantic overlap."
"kami","016,086,186","c5780cadf96875e2f039d0ed4c954c12ee1ddd5a1586ab04131a77101d9af3cd","food:kami:category,food:kami:accompaniments,food:kami:dried-name","distinct","Milk source, accompaniments and dried product name are distinct."
"kandura","001","9255e6d67e2d758da8ec2aef45364ba9c3ca751be96881b08ed91bff84b87d10","dress:kandura:identity","distinct","Single tested fact: dress:kandura:identity. Reviewed with related topic families for semantic overlap."
"karabi","055","778572876f8267f19a6aa2e153e8586b40fa510279b223a9fb7db3054524cbe3","game:karabi:movement","distinct","Single tested fact: game:karabi:movement. Reviewed with related topic families for semantic overlap."
"karrey","048","0bb73bba83f70a181ddd460c798d8afb6cc795a17d02057a6bac9be34609cbd3","desert:karrey:transport","distinct","Single tested fact: desert:karrey:transport. Reviewed with related topic families for semantic overlap."
"khabees","015,089","3427605d526d605abcfb9aa51b09ccb19fc7dc6ec687d179034ae06214715b92","food:khabees:identity,food:khabees:flavouring","distinct","Dessert identity versus aromatic water; no second flour identification question."
"khameer","066","33a5cf98bd00360c9d067da9dbdc30d9e3b63c35f34deeab7f0352619ef95ba1","food:khameer:texture","distinct","Single tested fact: food:khameer:texture. Reviewed with related topic families for semantic overlap."
"khanfaroosh","092","78fc600e2c0a29fcad8709d484ff313360d85a55e8fe045232f5ad912426e1b0","food:khanfaroosh:identity","distinct","Single tested fact: food:khanfaroosh:identity. Reviewed with related topic families for semantic overlap."
"khbat","156","e9a6c44ca1538b35eede78566b5d67fd18519abc8ece4e93fd90fa4086dec586","pearling:khbat:protection","distinct","Single tested fact: pearling:khbat:protection. Reviewed with related topic families for semantic overlap."
"khous","026,078","5c9e7791789e9ee4de5c8293c3253e098f0fa1fa91575798375e723db3cbf571","craft:khous:material,craft:khous:softening","distinct","Leaf raw material versus soaking preparation. Other palm products test their own identity rather than repeating leaf origin."
"kohl","008,075,148,149","1a739ab489628ad6cb58e17d493fe84a6d8ac1d0395e32814551897fa0825495","adornment:kohl:use,adornment:kohl:container,adornment:kohl:athmad,adornment:kohl:applicator","distinct","Adornment substance, storage vessel, mineral preparation and applicator are separate. No treatment claims."
"kufa","167","bd5f314b3d764300905a38ddf38f444ac5d4f30fde751d7db24e84ed82c2023b","fishing:kufa:weight-name","distinct","Single tested fact: fishing:kufa:weight-name. Reviewed with related topic families for semantic overlap."
"leekh","103","c2dffcd68d0a9c6c6a59fcd329a2e6c907f9e7c8e584fe115258b901ec456a14","fishing:leekh:method","distinct","Single tested fact: fishing:leekh:method. Reviewed with related topic families for semantic overlap."
"luqaimat","010","ddc2775077cc06acf32eb1be71c22f5de6f731eed48cb0c9acfa867f420822a1","food:luqaimat:identity","distinct","Single tested fact: food:luqaimat:identity. Reviewed with related topic families for semantic overlap."
"machboos","013","c035f433350c8688547e4fa145cb676ed2c8f9df368930ac38d34ae39ac3c7df","food:machboos:identity","distinct","Single tested fact: food:machboos:identity. Reviewed with related topic families for semantic overlap."
"maflaqa","102","d59641487330dfe2e635376f68c89a0af99f9e764b7819e0bbaa579f3e7160f0","pearling:maflaqa:function","distinct","Single tested fact: pearling:maflaqa:function. Reviewed with related topic families for semantic overlap."
"mahafa","060","ec2a030ea24afa8af636af10c0d29b93be21432e1ac06de754f38758e2196267","household:mahafa:purpose","distinct","Single tested fact: household:mahafa:purpose. Reviewed with related topic families for semantic overlap."
"majlis","020,131","93b73abe9d14c781ade5689db700e2354605a8b7cc4c43aee0f621d65a06a6d4","hospitality:majlis:purpose,unesco:majlis:partners","distinct","Reception space identity, barza term, merchant finance and UNESCO co-nominating countries are distinct."
"maleh","059","58453879839ef4227184a7976e35486fbe320952a6e528ec9d2af3d67ad1e77e","food:maleh:preservation","distinct","Single tested fact: food:maleh:preservation. Reviewed with related topic families for semantic overlap."
"mandoos","031,083","1ae8c5c4b45c5994712195d0d0d8e0e6610f3aa01fc060bc6e3dea864a7f292a","household:mandoos:identity,household:mandoos:legs","distinct","Chest identity versus reason for elevated legs."
"maryahana","130","98e71b7b4fd14fe3342f38d1460d47b8c94eafbe11b15dea541778834454091b","game:maryahana:identity","distinct","Single tested fact: game:maryahana:identity. Reviewed with related topic families for semantic overlap."
"medas","072","e80df0b96ec8eb03cf98dd748db0f700f72414dfcf6bea5ecdfa5696a61fc4be","dress:medas:identity","distinct","Single tested fact: dress:medas:identity. Reviewed with related topic families for semantic overlap."
"meendarabak","126","e460b42f4ba999b8b99ceea78b03dd9eec3f586089677e947a13b681833fa2cc","game:meendarabak:challenge","distinct","Single tested fact: game:meendarabak:challenge. Reviewed with related topic families for semantic overlap."
"merchant","096","105990caa30c535a5299a8e8c8eb393ab360867c542bc8a11c4205c0d99d7457","majlis:merchant:finance","distinct","Single tested fact: majlis:merchant:finance. Reviewed with related topic families for semantic overlap."
"motor","056","9419f8be5776be441edd92ea4a644fac3bc38a8b97e1bc7d893f97f18b0ba11f","game:motor:construction","distinct","Single tested fact: game:motor:construction. Reviewed with related topic families for semantic overlap."
"mukaid","110","f9594c65728d0194b5ec852958faca8c58c63d825cf327ee7a21cc0e0b97e5a9","desert:mukaid:destination","distinct","Single tested fact: desert:mukaid:destination. Reviewed with related topic families for semantic overlap."
"nabati","053,125","2dd41f4a19ac571da32c8b24be27a09f63cfef7a822eaf26e510ffe10e3fd64e","arts:nabati:language,poetry:nabati:competition","distinct","Colloquial language versus named TV competition; no reversed identification."
"naboodah","067","4f5d0af0a8a36d46a7274f4523dfc2816b6fc8bb44f8fe98ea34665ebe98a18e","place:naboodah:occupation","distinct","Single tested fact: place:naboodah:occupation. Reviewed with related topic families for semantic overlap."
"naham","038","f68287fe4aa142f66b67f1785454dc9e8aef44e4b440b5e89b4108475e9f62b4","occupation:naham:role","distinct","Single tested fact: occupation:naham:role. Reviewed with related topic families for semantic overlap."
"noora","160","bfa4da60a60a2af8f9d34a1bde23740b418e4f06196899d5604ca35f5e93455c","maritime:noora:meaning","distinct","Single tested fact: maritime:noora:meaning. Reviewed with related topic families for semantic overlap."
"nukhada","037","2210dd01173d3d650140ce8529e55dc3a6c14921548cdbf71f2b9282ccefbd4b","occupation:nukhada:role","distinct","Single tested fact: occupation:nukhada:role. Reviewed with related topic families for semantic overlap."
"oustad","163","0b237bcea98c8aba26982ed47ed1830dbb5ede9cb1105b585677e110efa704e5","maritime:oustad:role","distinct","Single tested fact: maritime:oustad:role. Reviewed with related topic families for semantic overlap."
"oyster","039","d9dd5fb12e049b41a8e576cf1b217f0941a5a569a6b0afab1ff84a76a4c944d9","pearling:oyster:harvest","distinct","Single tested fact: pearling:oyster:harvest. Reviewed with related topic families for semantic overlap."
"pottery","028,079,173","45b3cfdc989a5b571fa915e890d7bc95a4c7303ba0a7a279d67e81a9409c821f","craft:pottery:material,craft:pottery:hib,craft:pottery:kharas","distinct","Clay material, water-cooling vessel and storage jar are different facts."
"qassab","036","b51138c8a232aaa4ead7c3dfe2b629b4311672351253fd24b35b149023d990ea","occupation:qassab:identity","distinct","Single tested fact: occupation:qassab:identity. Reviewed with related topic families for semantic overlap."
"raha","029,081,170,171,172","893576ce590c27a544478395c958294aabe427eaa0d0114218c9b5800a35980e","household:raha:function,household:raha:rotating-stone,household:raha:axis,household:raha:flour-cloth,household:raha:tarsha","distinct","Grinding use, moving stone, axis, collection cloth and heavy two-person mill are separate components/functions."
"razfa","120,133","5a9584b0cff93f98e65df083e0b3210331cb77a9bcd9ff19672591ffe3f60fee","arts:razfa:naashat,unesco:razfa:year","distinct","Named female performers versus inscription year; independent from Ayyala performance and 2014 inscription."
"ridha","154","fa45a8cc7c547db9dad20193e2932ce0f4c57495b3702c3093579c1a9b88bd8f","occupation:ridha:role","distinct","Single tested fact: occupation:ridha:role. Reviewed with related topic families for semantic overlap."
"rigag","014,087,189","8daee9b50fbfb90d1a5263077c4b698e9d08a9435734295ebb079fb1c3eb928d","food:rigag:identity,food:rigag:dough,food:rigag:mhyawa","distinct","Thin-bread identity, yeast omission and fish-based topping are distinct. Reverse bread-to-griddle identification was removed."
"rope","107","056db39d2ed79ed5e8639bb00bf15e01745a6313709b69db1142490c5f054c40","maritime:rope:material","distinct","Single tested fact: maritime:rope:material. Reviewed with related topic families for semantic overlap."
"sadu","025,077,140","07fb9cb403394ad47fb1b370f620a2edec14eec853bd3fa344789d27c844d30e","craft:sadu:identity,craft:sadu:fibres,craft:sadu:loom-position","distinct","Craft identity, specific animal fibre sources and loom placement are distinct; first question does not list the three animals."
"saffar","161","1ef7481e45d6872c8426feac6c03af3c137132c412a199d0804075a9e22bb10a","maritime:saffar:vessel","distinct","Single tested fact: maritime:saffar:vessel. Reviewed with related topic families for semantic overlap."
"saleya","104","777b277b5136af04076796e0dc2da8fe9569d13612d70d154ef9987d10b159b2","fishing:saleya:identity","distinct","Single tested fact: fishing:saleya:identity. Reviewed with related topic families for semantic overlap."
"saluki","046,113,190,191","ec39709c21c2e339d04b704aea875d9352675ab28d933412414a0ddee41a2644","animal:saluki:role,saluki:falcon:cooperation,saluki:coat:types,saluki:centre:year","distinct","Hunting role, cooperation with falcon, coat categories and centre foundation date are distinct."
"saqa","058,080,168,169","98b28805ca64aaf546974d432724b51283c081ca0593bc3292ea5f8383626a4e","household:saqa:purpose,household:saqa:material,household:saqa:stand,household:saqa:mouth","distinct","Churning function, hide material, supporting tripod and opening name are distinct. Hide premise was removed from first question."
"sardal","152","db0320001c392bd11ebcbdbe18c73df30a940f974d69dc8def017e58503cce3b","occupation:sardal:role","distinct","Single tested fact: occupation:sardal:role. Reviewed with related topic families for semantic overlap."
"season","100","ae1e8bf17b6c5c67a38dfdf326d2f264d56ee043bfcacdb4b668b0a110a9b66c","pearling:season:months","distinct","Single tested fact: pearling:season:months. Reviewed with related topic families for semantic overlap."
"seib","099","595e9ffb18eaadd81312442f672628c921a84f697696f71917717cfd0074f031","occupation:seib:role","distinct","Single tested fact: occupation:seib:role. Reviewed with related topic families for semantic overlap."
"serai","034,082","abe7260b43d9d0dc3758b613b9db9dfb19dc0f20803a9cc18adb3b6c52001f94","household:serai:function,household:serai:fuel","distinct","Lighting use versus kerosene fuel."
"sewnboats","165","842fec9d872091982789c4d0dad915e4ba60e37b8e9746ae6eebfb9db803f369","maritime:sewnboats:fibre","distinct","Single tested fact: maritime:sewnboats:fibre. Reviewed with related topic families for semantic overlap."
"shalamen","164","3277cf9e641faecfd30a79fabd557af21000d21c99aa1c6b30d7c6ff62d3be4f","maritime:shalamen:role","distinct","Single tested fact: maritime:shalamen:role. Reviewed with related topic families for semantic overlap."
"shamshool","158","5306ceb96447263ae880eb9347159b62d2dc90ebad26c5641e2abead83e202c4","pearling:shamshool:identity","distinct","Single tested fact: pearling:shamshool:identity. Reviewed with related topic families for semantic overlap."
"sharjahfort","118,201","1d22aa6601b80cacffde23144556c393a63c991a0f440324086402393a124bb4","place:sharjahfort:historic-role,place:sharjahfort:construction-year","distinct","Historic functions versus construction year."
"sharkh","105","80f490c73fc656bcd779145bde1c4b93432ae5c8fe88f593e1713385f6dced69","fishing:sharkh:tides","distinct","Single tested fact: fishing:sharkh:tides. Reviewed with related topic families for semantic overlap."
"shilla","123","5332325385bb96214efa7eb8eccdeb0aa5875549c4b1d82f284bf1b89dd4a62b","arts:shilla:instrument","distinct","Single tested fact: arts:shilla:instrument. Reviewed with related topic families for semantic overlap."
"smith","135,178,179","4468ccf3ed520d4ae6689256f74a6e5676ecf573fa6fed0184f568545bcf8c97","craft:smith:bellows-purpose,craft:smith:anchor-term,craft:smith:bellows-material","distinct","Air supply function, local anchor term and bellows skin are distinct."
"sudairi","071","79687e891519863bb565c31f5a589439de30460b3ede2731c3788e33c31d001c","dress:sudairi:identity","distinct","Single tested fact: dress:sudairi:identity. Reviewed with related topic families for semantic overlap."
"suwaia","182","9afd26a86ed7bce691e6ce49a31f71b99167b0647060ee41f5f2911b0bd6bc42","dress:suwaia:material","distinct","Single tested fact: dress:suwaia:material. Reviewed with related topic families for semantic overlap."
"suwair","128,197","710ab4fca7932617209cd3d344475085809c1bed0cde4d8f3d07fb0ee931423f","game:suwair:season,game:suwair:houl","distinct","Ramadan play context versus named marked area."
"tabat","127,196","aebaab5dbab4c5f53d4c73358cc911825567b6d3182b6088bfe854b50075a82b","game:tabat:type,game:tabat:answer-call","distinct","Riddle game type versus phrase that obliges setter to answer."
"tabbab","153","b9a987268e615f7ae22bea9c40c5e16ddb851aefad51c3e95a84499c178652ae","occupation:tabbab:age","distinct","Single tested fact: occupation:tabbab:age. Reviewed with related topic families for semantic overlap."
"taghrooda","122,193,194","c28689661b9eed414bc91eb1bb788759983cd88c40846e71f8969d5e87fdddbd","arts:taghrooda:setting,poetry:taghrooda:length,poetry:taghrooda:alwajan-poet","distinct","Camel-rider art identity, poem length and Al Wajan poet are distinct."
"talli","027,076,141,142,143","609a69c35c2f82f0eb02ddde857d19b588c65631d592504108949ca717e4d18c","craft:talli:purpose,craft:talli:stand,craft:talli:bobbins,craft:talli:sayeryaay,craft:talli:bukhostain","distinct","Craft purpose, stand, bobbins and two named patterns are distinct tools and techniques."
"tannaf","108","50a403179d2200f64062ea9fda36649bf399dc8d73c8706df9ecf44fb7ea6712","occupation:tannaf:role","distinct","Single tested fact: occupation:tannaf:role. Reviewed with related topic families for semantic overlap."
"taqiya","159","c6e21ae43e950a9dc806567c9123cf19aea2ed98eb207fd51dc88d3ac2566273","pearling:taqiya:hazard","distinct","Single tested fact: pearling:taqiya:hazard. Reviewed with related topic families for semantic overlap."
"taresh","035,150","7f9b54bbd24c60825cfe9ef1dfe63f30d5d8f9936bc8b2c20060a54feb963463","occupation:taresh:identity,occupation:taresh:bag","distinct","Messenger occupation versus bag carried by the messenger."
"thareed","012","e4d7cc3444540f36127cd983a13a4fcbef915d71a77fe1280bfa30ac848c8199","food:thareed:identity","distinct","Single tested fact: food:thareed:identity. Reviewed with related topic families for semantic overlap."
"utensils","085,176,177","fc0084b3fbb95e73947cca46f834b5a6887056969ff13ce28c09b9517a9f2958","household:utensils:strainer,household:utensils:serving-spoon,household:utensils:fryingpan","distinct","Strainer use, serving-spoon synonym and frying-pan term identify three different utensils."
"wanna","124,195","cd72bbebcb345d5b14d26e1bf7b4c1e1cf5c3ddab827c2afc9b92669e223445f","arts:wanna:emotion,arts:wanna:integration","distinct","Emotional themes versus incorporation into another performance."
"wedding","181","c2957826e000c11a9491a7041106d94bc184bb13aade073b4da2bc50b11c824f","customs:wedding:meer","distinct","Single tested fact: customs:wedding:meer. Reviewed with related topic families for semantic overlap."
"wizar","069","463b9afda5ef086b82ab91b89b153afec01fbfe1aba51e634fbabfb6d48ab548","dress:wizar:identity","distinct","Single tested fact: dress:wizar:identity. Reviewed with related topic families for semantic overlap."
"yada","155","0fa49239f54b538a92c0b3061ed742df8e9ba47ba101366a2ae0ebb32922a358","pearling:yada:rope","distinct","Single tested fact: pearling:yada:rope. Reviewed with related topic families for semantic overlap."
"yall","166","8fc3a30cbdb01795c861bd48742ef28e165150f3c7d7244b0a250e0027f06507","fishing:yall:catch","distinct","Single tested fact: fishing:yall:catch. Reviewed with related topic families for semantic overlap."
"zuhba","064,097","01c7391148cf818acfc31f62358b03380eeb65f8dba2941e9151797c90654d62","customs:zuhba:meaning,customs:zuhba:provider","distinct","Trousseau contents versus supplying family. Meer provisions and silk suwaia are distinct items within wedding customs."
