id,category,difficulty,points,questionAr,questionEn,answerAr,answerEn,reviewStatus
"KW-NEW-001","kuwait","easy","200","ما اسم الجزيرة الكويتية المعروفة بآثارها اليونانية القديمة؟","Which Kuwaiti island is known for ancient Greek remains?","فيلكا","Failaka","NEEDS_FACT_AND_SEMANTIC_REVIEW"
"KW-NEW-002","kuwait","easy","200","ما اسم الجزيرة الكويتية التي تحمل اسم بوبيان؟","What is Kuwait's large northern island called?","بوبيان","Bubiyan","NEEDS_FACT_AND_SEMANTIC_REVIEW"
"KW-NEW-003","kuwait","easy","200","ما اسم البرج الشهير في مدينة الكويت الذي يضم كرة للمشاهدة؟","Which landmark in Kuwait City has an observation sphere?","أبراج الكويت","Kuwait Towers","NEEDS_FACT_AND_SEMANTIC_REVIEW"
"KW-NEW-004","kuwait","easy","200","ما اسم القصر الذي يُعد مقراً رسمياً لأمير الكويت؟","What is the official palace of Kuwait's Amir called?","قصر بيان","Bayan Palace","NEEDS_FACT_AND_SEMANTIC_REVIEW"
"KW-NEW-005","kuwait","easy","200","ما اسم القصر التاريخي الذي يقع في مدينة الكويت ويُعرف بقصر السيف؟","What is the historic palace in Kuwait City called?","قصر السيف","Seif Palace","NEEDS_FACT_AND_SEMANTIC_REVIEW"
"KW-NEW-006","kuwait","easy","200","ما اسم المحافظة الكويتية التي تحمل اسم الجهراء؟","Which Kuwaiti governorate shares its name with Jahra city?","الجهراء","Al Jahra","NEEDS_FACT_AND_SEMANTIC_REVIEW"
"KW-NEW-007","kuwait","easy","200","ما اسم المحافظة الكويتية التي تضم منطقة السالمية؟","Which Kuwaiti governorate contains Salmiya?","حولي","Hawalli","NEEDS_FACT_AND_SEMANTIC_REVIEW"
"KW-NEW-008","kuwait","easy","200","ما اسم المحافظة الكويتية التي تضم منطقة الفحيحيل؟","Which governorate contains Fahaheel?","الأحمدي","Al Ahmadi","NEEDS_FACT_AND_SEMANTIC_REVIEW"
"KW-NEW-009","kuwait","easy","200","ما اسم المنطقة الساحلية الكويتية المشهورة بالمطاعم والمقاهي على الواجهة البحرية؟","Which Kuwait waterfront district is known for seaside cafes and restaurants?","السالمية","Salmiya","NEEDS_FACT_AND_SEMANTIC_REVIEW"
"KW-NEW-010","kuwait","easy","200","ما اسم المدينة الكويتية التي سميت على اسم الشيخ صباح الأحمد؟","Which Kuwaiti city is named for Sheikh Sabah Al Ahmad?","مدينة صباح الأحمد","Sabah Al Ahmad City","NEEDS_FACT_AND_SEMANTIC_REVIEW"
"KW-NEW-011","kuwait","easy","200","ما اسم المجمع التجاري الشهير الواقع في منطقة العقيلة؟","Which well-known shopping mall is located in Eqaila?","ذا غيت مول","The Gate Mall","NEEDS_FACT_AND_SEMANTIC_REVIEW"
"KW-NEW-012","kuwait","easy","200","ما اسم مجمع التسوق الشهير في منطقة الفحيحيل المطل على البحر؟","Which popular shopping complex in Fahaheel overlooks the sea?","الكوت مول","Al Kout Mall","NEEDS_FACT_AND_SEMANTIC_REVIEW"
"KW-NEW-013","kuwait","easy","200","ما اسم مجمع التسوق الشهير الذي يقع في منطقة الزهراء؟","Which famous shopping mall is located in Zahra?","360 مول","360 Mall","NEEDS_FACT_AND_SEMANTIC_REVIEW"
"KW-NEW-014","kuwait","easy","200","ما اسم السوق الشعبي المعروف في الكويت ببيع السلع المستعملة؟","Which Kuwaiti market is known for secondhand goods?","سوق الجمعة","Friday Market","NEEDS_FACT_AND_SEMANTIC_REVIEW"
"KW-NEW-015","kuwait","easy","200","ما اسم متحف الكويت الذي يعرض تاريخ البلاد وتراثها الوطني؟","What is Kuwait's museum of national history and heritage called?","متحف الكويت الوطني","Kuwait National Museum","NEEDS_FACT_AND_SEMANTIC_REVIEW"
"KW-NEW-016","kuwait","easy","200","ما اسم متحف الكويت الذي يركز على التراث البحري؟","What is the Kuwait museum focused on maritime heritage called?","المتحف البحري","Maritime Museum","NEEDS_FACT_AND_SEMANTIC_REVIEW"
"KW-NEW-017","kuwait","easy","200","ما اسم الجسر الذي يربط مدينة الكويت بمنطقة الصبية عبر جون الكويت؟","Which causeway connects Kuwait City to Subiya across Kuwait Bay?","جسر الشيخ جابر الأحمد","Sheikh Jaber Al Ahmad Causeway","NEEDS_FACT_AND_SEMANTIC_REVIEW"
"KW-NEW-018","kuwait","easy","200","ما اسم شركة الاتصالات الكويتية المعروفة باسم زين؟","Which Kuwaiti telecom company is known as Zain?","زين","Zain","NEEDS_FACT_AND_SEMANTIC_REVIEW"
"KW-NEW-019","kuwait","easy","200","ما اسم أكبر حقل نفطي كويتي معروف عالمياً؟","Which major Kuwaiti oil field is famous worldwide?","حقل برقان","Burgan Field","NEEDS_FACT_AND_SEMANTIC_REVIEW"
"KW-NEW-020","kuwait","easy","200","ما اسم المركز الثقافي الشهير في الكويت المعروف بتصميمه المستوحى من الجواهر؟","Which famous Kuwait cultural centre has a jewel-inspired design?","مركز الشيخ جابر الأحمد الثقافي","Sheikh Jaber Al Ahmad Cultural Centre","NEEDS_FACT_AND_SEMANTIC_REVIEW"
"KW-NEW-021","kuwait","easy","200","ما اسم الحديقة الكبيرة في مدينة الكويت التي تضم نصباً للشهداء؟","Which large Kuwait City park contains a memorial to martyrs?","حديقة الشهيد","Al Shaheed Park","NEEDS_FACT_AND_SEMANTIC_REVIEW"
"KW-NEW-022","kuwait","easy","200","ما اسم المجمع التجاري الشهير الذي يقع في منطقة الري؟","Which major Kuwait mall is located in Al Rai?","الأفنيوز","The Avenues","NEEDS_FACT_AND_SEMANTIC_REVIEW"
"KW-NEW-023","kuwait","easy","200","ما اسم البحر الذي تطل عليه دولة الكويت؟","Which gulf does Kuwait overlook?","الخليج العربي","Arabian Gulf","NEEDS_FACT_AND_SEMANTIC_REVIEW"
"KW-NEW-024","kuwait","easy","200","ما اسم المطار الرئيسي الذي يخدم دولة الكويت؟","Which main airport serves Kuwait?","مطار الكويت الدولي","Kuwait International Airport","NEEDS_FACT_AND_SEMANTIC_REVIEW"
"KW-NEW-025","kuwait","easy","200","ما اسم شركة الطيران التي تحمل اسم الدولة؟","Which airline carries Kuwait's name?","الخطوط الجوية الكويتية","Kuwait Airways","NEEDS_FACT_AND_SEMANTIC_REVIEW"
"KW-NEW-026","kuwait","easy","200","ما اسم العملة الكويتية الصغيرة التي يساوي ألف منها ديناراً واحداً؟","What is the smaller Kuwaiti currency unit, one thousand of which make a dinar?","الفلس","Fils","NEEDS_FACT_AND_SEMANTIC_REVIEW"
"KW-NEW-027","kuwait","easy","200","ما اسم الجهة التي تدير العملة والسياسة النقدية في الكويت؟","Which institution manages Kuwait's currency and monetary policy?","بنك الكويت المركزي","Central Bank of Kuwait","NEEDS_FACT_AND_SEMANTIC_REVIEW"
"KW-NEW-028","kuwait","medium","400","كم عدد محافظات دولة الكويت؟","How many governorates does Kuwait have?","ست محافظات","Six","NEEDS_FACT_AND_SEMANTIC_REVIEW"
"KW-NEW-029","kuwait","medium","400","ما المحافظة التي تقع فيها منطقة مشرف؟","Which governorate contains Mishref?","حولي","Hawalli","NEEDS_FACT_AND_SEMANTIC_REVIEW"
"KW-NEW-030","kuwait","medium","400","ما المحافظة التي تقع فيها منطقة قرطبة؟","Which governorate contains Qortuba?","العاصمة","Capital Governorate","NEEDS_FACT_AND_SEMANTIC_REVIEW"
"KW-NEW-031","kuwait","medium","400","ما المحافظة التي تقع فيها منطقة الرقة؟","Which governorate contains Riqqa?","الأحمدي","Al Ahmadi","NEEDS_FACT_AND_SEMANTIC_REVIEW"
"KW-NEW-032","kuwait","medium","400","ما المحافظة التي تقع فيها منطقة الفروانية؟","Which governorate contains Farwaniya district?","الفروانية","Al Farwaniya","NEEDS_FACT_AND_SEMANTIC_REVIEW"
"KW-NEW-033","kuwait","medium","400","ما اسم المنطقة التي تقع فيها أبراج الكويت؟","Which district is home to Kuwait Towers?","شرق","Sharq","NEEDS_FACT_AND_SEMANTIC_REVIEW"
"KW-NEW-034","kuwait","medium","400","ما اسم الجزيرة الكويتية الواقعة عند مدخل جون الكويت؟","Which Kuwaiti island lies near the entrance to Kuwait Bay?","فيلكا","Failaka","NEEDS_FACT_AND_SEMANTIC_REVIEW"
"KW-NEW-035","kuwait","medium","400","ما اسم جزيرة الكويت التي تُعد الأكبر مساحة؟","Which is Kuwait's largest island by area?","بوبيان","Bubiyan","NEEDS_FACT_AND_SEMANTIC_REVIEW"
"KW-NEW-036","kuwait","medium","400","ما اسم الميناء التجاري الكويتي الذي يحمل اسم الشويخ؟","Which Kuwaiti commercial port is named Shuwaikh?","ميناء الشويخ","Shuwaikh Port","NEEDS_FACT_AND_SEMANTIC_REVIEW"
"KW-NEW-037","kuwait","medium","400","ما اسم الميناء الكويتي الواقع في جنوب البلاد والمخصص للنفط؟","Which southern Kuwaiti port is associated with oil exports?","ميناء الأحمدي","Mina Al Ahmadi","NEEDS_FACT_AND_SEMANTIC_REVIEW"
"KW-NEW-038","kuwait","medium","400","ما اسم الميناء التجاري الكويتي الواقع في منطقة الشعيبة؟","Which commercial Kuwaiti port is in Shuaiba?","ميناء الشعيبة","Shuaiba Port","NEEDS_FACT_AND_SEMANTIC_REVIEW"
"KW-NEW-039","kuwait","medium","400","ما اسم المدينة الكويتية التي ارتبطت تاريخياً بصناعة النفط وسميت باسم حاكم؟","Which Kuwaiti city developed around the oil industry and was named after a ruler?","الأحمدي","Ahmadi","NEEDS_FACT_AND_SEMANTIC_REVIEW"
"KW-NEW-040","kuwait","medium","400","ما اسم الجهة الكويتية المسؤولة عن إدارة الأصول السيادية؟","Which Kuwaiti authority manages sovereign assets?","الهيئة العامة للاستثمار","Kuwait Investment Authority","NEEDS_FACT_AND_SEMANTIC_REVIEW"
"KW-NEW-041","kuwait","medium","400","ما اسم الصندوق الكويتي الذي يمول مشاريع التنمية في الدول الأخرى؟","Which Kuwaiti fund finances development projects abroad?","الصندوق الكويتي للتنمية الاقتصادية العربية","Kuwait Fund for Arab Economic Development","NEEDS_FACT_AND_SEMANTIC_REVIEW"
"KW-NEW-042","kuwait","medium","400","ما اسم مؤسسة الكويت التي تدعم العلوم والبحث والابتكار؟","Which Kuwaiti foundation supports science, research and innovation?","مؤسسة الكويت للتقدم العلمي","Kuwait Foundation for the Advancement of Sciences","NEEDS_FACT_AND_SEMANTIC_REVIEW"
"KW-NEW-043","kuwait","medium","400","ما اسم المؤسسة الكويتية المعروفة اختصاراً بـ KISR؟","What is the Kuwaiti institution abbreviated KISR?","معهد الكويت للأبحاث العلمية","Kuwait Institute for Scientific Research","NEEDS_FACT_AND_SEMANTIC_REVIEW"
"KW-NEW-044","kuwait","medium","400","ما اسم أول بنك وطني كويتي تأسس عام 1952؟","Which Kuwaiti national bank was founded in 1952?","بنك الكويت الوطني","National Bank of Kuwait","NEEDS_FACT_AND_SEMANTIC_REVIEW"
"KW-NEW-045","kuwait","medium","400","ما اسم الشركة الحكومية الكويتية التي تعمل في الاستكشاف وإنتاج النفط؟","Which Kuwaiti state-owned company explores and produces oil?","شركة نفط الكويت","Kuwait Oil Company","NEEDS_FACT_AND_SEMANTIC_REVIEW"
"KW-NEW-046","kuwait","medium","400","ما اسم شركة النفط الكويتية المعروفة اختصاراً بـ KNPC؟","Which Kuwaiti petroleum company is abbreviated KNPC?","شركة البترول الوطنية الكويتية","Kuwait National Petroleum Company","NEEDS_FACT_AND_SEMANTIC_REVIEW"
"KW-NEW-047","kuwait","medium","400","ما اسم المصفاة النفطية الكبرى التي تقع في الزور؟","Which major oil refinery is located at Al Zour?","مصفاة الزور","Al Zour Refinery","NEEDS_FACT_AND_SEMANTIC_REVIEW"
"KW-NEW-048","kuwait","medium","400","ما اسم المدينة البحرية الكويتية الواقعة في الخيران؟","Which Kuwaiti marine city is located in Khiran?","مدينة صباح الأحمد البحرية","Sabah Al Ahmad Sea City","NEEDS_FACT_AND_SEMANTIC_REVIEW"
"KW-NEW-049","kuwait","medium","400","ما اسم المكتبة التي تحفظ التراث الوطني والمطبوعات الكويتية؟","Which library preserves Kuwait's national publications and heritage?","مكتبة الكويت الوطنية","National Library of Kuwait","NEEDS_FACT_AND_SEMANTIC_REVIEW"
"KW-NEW-050","kuwait","medium","400","ما اسم المجمع الثقافي الذي يضم متاحف للعلوم والتاريخ الطبيعي والفنون؟","Which Kuwait cultural complex contains science, natural history and arts museums?","مركز الشيخ عبدالله السالم الثقافي","Sheikh Abdullah Al Salem Cultural Centre","NEEDS_FACT_AND_SEMANTIC_REVIEW"
"KW-NEW-051","kuwait","medium","400","ما اسم المكان الكويتي المعروف بمقتنيات مجموعة الصباح للفن الإسلامي؟","Which Kuwait institution is known for the Al Sabah Collection of Islamic art?","دار الآثار الإسلامية","Dar al-Athar al-Islamiyyah","NEEDS_FACT_AND_SEMANTIC_REVIEW"
"KW-NEW-052","kuwait","medium","400","ما اسم منطقة الكويت المعروفة بسوق الذهب التقليدي في العاصمة؟","Which traditional market in central Kuwait is known for gold shops?","سوق المباركية","Souq Al Mubarakiya","NEEDS_FACT_AND_SEMANTIC_REVIEW"
"KW-NEW-053","kuwait","medium","400","ما اسم الجريدة الكويتية التي تحمل اسم «القبس»؟","Which Kuwaiti newspaper has a name meaning 'flame'?","القبس","Al Qabas","NEEDS_FACT_AND_SEMANTIC_REVIEW"
"KW-NEW-054","kuwait","medium","400","ما اسم شركة الاتصالات الكويتية التي كانت تعرف باسم الوطنية للاتصالات؟","Which Kuwait telecom operator was formerly known as Wataniya Telecom?","أوريدو الكويت","Ooredoo Kuwait","NEEDS_FACT_AND_SEMANTIC_REVIEW"
"KW-NEW-055","kuwait","medium","400","ما اسم شركة الاتصالات الكويتية التي تعمل تحت العلامة stc؟","Which telecom company operates in Kuwait under the stc brand?","stc الكويت","stc Kuwait","NEEDS_FACT_AND_SEMANTIC_REVIEW"
"KW-NEW-056","kuwait","medium","400","ما اسم سوق الكويت التاريخي الذي يرتبط بالتجارة الشعبية وسط العاصمة؟","Which historic central Kuwait market is associated with traditional commerce?","سوق المباركية","Souq Al Mubarakiya","NEEDS_FACT_AND_SEMANTIC_REVIEW"
"KW-NEW-057","kuwait","medium","400","ما اسم المول الكويتي الذي يتخذ الرقم 360 اسماً له؟","Which Kuwait mall uses 360 in its name?","360 مول","360 Mall","NEEDS_FACT_AND_SEMANTIC_REVIEW"
"KW-NEW-058","kuwait","hard","600","في أي عام تأسس بنك الكويت الوطني؟","In which year was National Bank of Kuwait founded?","1952","1952","NEEDS_FACT_AND_SEMANTIC_REVIEW"
"KW-NEW-059","kuwait","hard","600","في أي عام تأسست شركة نفط الكويت؟","In which year was Kuwait Oil Company founded?","1934","1934","NEEDS_FACT_AND_SEMANTIC_REVIEW"
"KW-NEW-060","kuwait","hard","600","في أي عام اكتُشف النفط في حقل برقان؟","In which year was oil discovered in Burgan Field?","1938","1938","NEEDS_FACT_AND_SEMANTIC_REVIEW"
"KW-NEW-061","kuwait","hard","600","في أي عام صدرت أول شحنة نفط كويتية تجارية؟","In which year was Kuwait's first commercial oil shipment exported?","1946","1946","NEEDS_FACT_AND_SEMANTIC_REVIEW"
"KW-NEW-062","kuwait","hard","600","في أي عام تأسس بنك الكويت المركزي؟","In which year was the Central Bank of Kuwait established?","1968","1968","NEEDS_FACT_AND_SEMANTIC_REVIEW"
"KW-NEW-063","kuwait","hard","600","في أي عام تأسست الهيئة العامة للاستثمار؟","In which year was Kuwait Investment Authority established?","1982","1982","NEEDS_FACT_AND_SEMANTIC_REVIEW"
"KW-NEW-064","kuwait","hard","600","في أي عام تأسس الصندوق الكويتي للتنمية الاقتصادية العربية؟","In which year was Kuwait Fund for Arab Economic Development founded?","1961","1961","NEEDS_FACT_AND_SEMANTIC_REVIEW"
"KW-NEW-065","kuwait","hard","600","في أي عام تأسس معهد الكويت للأبحاث العلمية؟","In which year was Kuwait Institute for Scientific Research founded?","1967","1967","NEEDS_FACT_AND_SEMANTIC_REVIEW"
"KW-NEW-066","kuwait","hard","600","في أي عام تأسست مؤسسة الكويت للتقدم العلمي؟","In which year was Kuwait Foundation for the Advancement of Sciences founded?","1976","1976","NEEDS_FACT_AND_SEMANTIC_REVIEW"
"KW-NEW-067","kuwait","hard","600","في أي عام تأسست الخطوط الجوية الكويتية؟","In which year was Kuwait Airways established?","1954","1954","NEEDS_FACT_AND_SEMANTIC_REVIEW"
"KW-NEW-068","kuwait","hard","600","في أي عام افتُتح جسر الشيخ جابر الأحمد؟","In which year did Sheikh Jaber Al Ahmad Causeway open?","2019","2019","NEEDS_FACT_AND_SEMANTIC_REVIEW"
"KW-NEW-069","kuwait","hard","600","في أي عام تأسست جامعة الكويت؟","In which year was Kuwait University founded?","1966","1966","NEEDS_FACT_AND_SEMANTIC_REVIEW"
"KW-NEW-070","kuwait","hard","600","في أي عام افتتح المركز العلمي في الكويت؟","In which year did The Scientific Center in Kuwait open?","2000","2000","NEEDS_FACT_AND_SEMANTIC_REVIEW"
"KW-NEW-071","kuwait","hard","600","ما اسم أول شركة نفط حصلت على امتياز التنقيب في الكويت عام 1934؟","Which oil company received Kuwait's 1934 oil concession?","شركة نفط الكويت","Kuwait Oil Company","NEEDS_FACT_AND_SEMANTIC_REVIEW"
"KW-NEW-072","kuwait","hard","600","ما اسم الحقل الذي انطلقت منه أول صادرات الكويت النفطية عام 1946؟","From which oil field did Kuwait's first 1946 oil exports originate?","برقان","Burgan","NEEDS_FACT_AND_SEMANTIC_REVIEW"
"KW-NEW-073","kuwait","hard","600","ما اسم المشروع الذي يصل العاصمة الكويتية بمنطقة الصبية عبر البحر؟","Which project links Kuwait City to Subiya across the bay?","جسر الشيخ جابر الأحمد","Sheikh Jaber Al Ahmad Causeway","NEEDS_FACT_AND_SEMANTIC_REVIEW"
"KW-NEW-074","kuwait","hard","600","ما اسم البنك الذي تولى مهام مجلس النقد الكويتي بعد إنشائه؟","Which institution succeeded Kuwait Currency Board?","بنك الكويت المركزي","Central Bank of Kuwait","NEEDS_FACT_AND_SEMANTIC_REVIEW"
"KW-NEW-075","kuwait","hard","600","في أي عام بدأت أعمال بنك الكويت المركزي رسمياً؟","In which year did the Central Bank of Kuwait begin operations?","1969","1969","NEEDS_FACT_AND_SEMANTIC_REVIEW"
"KW-NEW-076","kuwait","hard","600","ما اسم المؤسسة التي تأسست في الكويت عام 1961 لدعم التنمية في الخارج؟","Which institution was founded in Kuwait in 1961 to support overseas development?","الصندوق الكويتي للتنمية الاقتصادية العربية","Kuwait Fund for Arab Economic Development","NEEDS_FACT_AND_SEMANTIC_REVIEW"
"KW-NEW-077","kuwait","hard","600","ما اسم الهيئة الكويتية التي أُنشئت عام 1982 لإدارة الاستثمار الحكومي؟","Which Kuwaiti authority was set up in 1982 to manage government investments?","الهيئة العامة للاستثمار","Kuwait Investment Authority","NEEDS_FACT_AND_SEMANTIC_REVIEW"
"KW-NEW-078","kuwait","hard","600","ما اسم المؤسسة الكويتية التي تأسست عام 1976 لتعزيز العلوم؟","Which Kuwaiti foundation was created in 1976 to advance science?","مؤسسة الكويت للتقدم العلمي","Kuwait Foundation for the Advancement of Sciences","NEEDS_FACT_AND_SEMANTIC_REVIEW"
"KW-NEW-079","kuwait","hard","600","ما اسم المؤسسة التي تأسست عام 1967 لتطوير البحث العلمي في الكويت؟","Which Kuwait institution was founded in 1967 for scientific research?","معهد الكويت للأبحاث العلمية","Kuwait Institute for Scientific Research","NEEDS_FACT_AND_SEMANTIC_REVIEW"
"KW-NEW-080","kuwait","hard","600","ما اسم المصرف الذي تأسس عام 1952 بوصفه أول بنك وطني كويتي؟","Which bank founded in 1952 was Kuwait's first national bank?","بنك الكويت الوطني","National Bank of Kuwait","NEEDS_FACT_AND_SEMANTIC_REVIEW"
"KW-NEW-081","kuwait","hard","600","ما اسم شركة الطيران التي بدأت باسم الخطوط الجوية الوطنية الكويتية عام 1954؟","Which airline began in 1954 as Kuwait National Airways?","الخطوط الجوية الكويتية","Kuwait Airways","NEEDS_FACT_AND_SEMANTIC_REVIEW"
"KW-NEW-082","kuwait","hard","600","ما اسم الحقل الكويتي الذي يُعد من أكبر الحقول النفطية التقليدية عالمياً؟","Which Kuwaiti field is among the world's largest conventional oil fields?","برقان","Burgan","NEEDS_FACT_AND_SEMANTIC_REVIEW"
"KW-NEW-083","kuwait","hard","600","ما اسم المركز الثقافي الكويتي الذي افتُتح عام 2016؟","Which Kuwait cultural center opened in 2016?","مركز الشيخ جابر الأحمد الثقافي","Sheikh Jaber Al Ahmad Cultural Centre","NEEDS_FACT_AND_SEMANTIC_REVIEW"
"KW-NEW-084","kuwait","hard","600","ما اسم الجسر الكويتي الذي يبلغ طول وصلة الصبية فيه نحو 36 كيلومتراً؟","Which Kuwait causeway has a roughly 36-kilometre Subiya link?","جسر الشيخ جابر الأحمد","Sheikh Jaber Al Ahmad Causeway","NEEDS_FACT_AND_SEMANTIC_REVIEW"
"KW-NEW-085","kuwait","hard","600","في أي عام صدر دستور الكويت الحالي؟","In which year was Kuwait's current constitution promulgated?","1962","1962","NEEDS_FACT_AND_SEMANTIC_REVIEW"
"KW-NEW-086","kuwait","hard","600","في أي عام أصبحت الكويت عضواً في الأمم المتحدة؟","In which year did Kuwait join the United Nations?","1963","1963","NEEDS_FACT_AND_SEMANTIC_REVIEW"