id,category,difficulty,points,questionAr,questionEn,answerAr,answerEn,sourceOrReview
"KW-001","kuwait","easy","200","ما عاصمة دولة الكويت؟","What is the capital of Kuwait?","مدينة الكويت","Kuwait City","topography"
"KW-002","kuwait","easy","200","ما العملة الرسمية في الكويت؟","What is Kuwait's official currency?","الدينار الكويتي","The Kuwaiti dinar","currency"
"KW-003","kuwait","easy","200","ما اسم المؤسسة الكويتية التي أُنشئت لدعم التقدم العلمي عام 1976؟","Which Kuwaiti foundation was established in 1976 to support scientific advancement?","مؤسسة الكويت للتقدم العلمي","Kuwait Foundation for the Advancement of Sciences","kfas"
"KW-004","kuwait","easy","200","ما اسم الأسرة التي يحكم أحفاد مبارك منها الكويت وفق دستور 1962؟","Which family do Mubarak's descendants ruling Kuwait belong to under the 1962 Constitution?","آل صباح","Al Sabah","constitution"
"KW-005","kuwait","easy","200","في أي يوم من فبراير تحتفل الكويت بعيدها الوطني؟","On which February date does Kuwait celebrate National Day?","25 فبراير","25 February","history"
"KW-006","kuwait","easy","200","متى تحتفل الكويت بيوم التحرير؟","On what date does Kuwait celebrate Liberation Day?","26 فبراير","26 February","democracy"
"KW-007","kuwait","easy","200","على أي خليج تطل الكويت؟","Which gulf does Kuwait overlook?","الخليج العربي","The Arabian Gulf","geography"
"KW-008","kuwait","easy","200","أي دولة تحد الكويت من الشمال والشمال الغربي؟","Which country borders Kuwait to the north and northwest?","العراق","Iraq","geography"
"KW-009","kuwait","easy","200","أي دولة تحد الكويت من الجنوب والجنوب الغربي؟","Which country borders Kuwait to the south and southwest?","السعودية","Saudi Arabia","geography"
"KW-010","kuwait","easy","200","ما أكبر جزيرة كويتية؟","What is Kuwait's largest island?","بوبيان","Bubiyan","topography"
"KW-011","kuwait","easy","200","ما رمز الاتصال الدولي للكويت؟","What is Kuwait's international telephone code?","+965","+965","factsheet"
"KW-012","kuwait","easy","200","ما لون الشريط الأفقي السفلي في علم الكويت؟","What colour is the bottom horizontal stripe of Kuwait's flag?","الأحمر","Red","factsheet"
"KW-013","kuwait","easy","200","ما أصغر فئة من الأوراق النقدية الكويتية؟","What is the smallest denomination of Kuwaiti banknotes?","ربع دينار","A quarter dinar","currency"
"KW-014","kuwait","easy","200","ما نوع السفينة الذي يظهر داخل الدائرة في شعار الكويت؟","What type of ship appears inside the circle in Kuwait's coat of arms?","سفينة شراعية خشبية","A wooden sailing dhow","factsheet"
"KW-015","kuwait","easy","200","في أي محافظة يقع مطار الكويت الدولي؟","In which governorate is Kuwait International Airport?","الفروانية","Farwaniya","topography"
"KW-016","kuwait","easy","200","إلى كم محافظة تنقسم الكويت؟","Into how many governorates is Kuwait divided?","ست محافظات","Six governorates","topography"
"KW-017","kuwait","easy","200","في أي حقل اكتُشف النفط تجارياً في الكويت عام 1938؟","In which field was oil commercially discovered in Kuwait in 1938?","برقان","Burgan","oil"
"KW-018","kuwait","easy","200","أي محافظة كويتية تحمل اسم أحمد الجابر وتشتهر بحقول النفط؟","Which Kuwaiti governorate is named after Ahmad Al-Jaber and known for oil fields?","الأحمدي","Ahmadi","topography"
"KW-019","kuwait","easy","200","ما الوظيفة الأساسية للبرج الأوسط من أبراج الكويت؟","What is the main function of the middle Kuwait Tower?","تخزين المياه","Water storage","towers"
"KW-020","kuwait","easy","200","في أي مدينة كويتية يوجد القصر الأحمر التاريخي؟","In which Kuwaiti city is the historic Red Palace?","الجهراء","Jahra","museums"
"KW-021","kuwait","easy","200","ما الحديقة الكويتية التي تضم متحفين وحدائق نباتية وبحيرة في العاصمة؟","Which park in Kuwait's capital contains two museums, botanical gardens and a lake?","حديقة الشهيد","Al Shaheed Park","attractions"
"KW-022","kuwait","easy","200","الجزيرة الخضراء على الواجهة البحرية الكويتية طبيعية أم اصطناعية؟","Is Kuwait's waterfront Green Island natural or artificial?","اصطناعية","Artificial","attractions"
"KW-023","kuwait","easy","200","في أي منطقة تقع حديقة حيوان الكويت؟","In which district is Kuwait Zoo?","العمرية","Omariya","attractions"
"KW-024","kuwait","easy","200","في أي منطقة كويتية يقع متحف بيت العثمان؟","In which Kuwaiti district is Bait Al-Othman Museum?","حولي","Hawalli","museums"
"KW-025","kuwait","easy","200","في أي منطقة يقع مجمع الأفنيوز في الكويت؟","In which district is Kuwait's Avenues mall?","الري","Al Rai","avenues"
"KW-026","kuwait","easy","200","ما نظام السينما الذي يشتهر به المركز العلمي في الكويت بشاشته الكبيرة؟","Which large-screen cinema system is an attraction at Kuwait's Scientific Center?","آي ماكس (IMAX)","IMAX","scientific"
"KW-027","kuwait","easy","200","ما اسم أول مدرسة نظامية افتُتحت في الكويت عام 1911؟","What was Kuwait's first formal school, opened in 1911, called?","المدرسة المباركية","Al-Mubarakiya School","school"
"KW-032","kuwait","easy","200","في أي علم اشتهر العالم الكويتي صالح العجيري؟","In which science was Kuwait's Saleh Al-Ujairy renowned?","علم الفلك","Astronomy","ujairy"
"KW-033","kuwait","easy","200","أي مطرب كويتي يُلقب بـ«بلبل الخليج»؟","Which Kuwaiti singer is nicknamed Bulbul Al-Khaleej (Nightingale of the Gulf)?","نبيل شعيل","Nabeel Shuail","nabeel"
"KW-034","kuwait","easy","200","ما اسم أول فيلم روائي طويل في السينما الكويتية؟","What is the title of Kuwait's first feature film?","بس يا بحر","Bas Ya Bahr (The Cruel Sea)","cinema"
"KW-035","kuwait","easy","200","من أخرج الفيلم الكويتي «بس يا بحر»؟","Who directed the Kuwaiti film Bas Ya Bahr?","خالد الصديق","Khalid Al-Siddiq","cinema"
"KW-036","kuwait","easy","200","ما التابل الذهبي الذي يلوّن قرص عقيلي ويمنحه نكهته المميزة؟","Which golden spice colours Gers Ogaily and gives it its distinctive flavour?","الزعفران","Saffron","culinary"
"KW-037","kuwait","easy","200","ما اسم الطبق الكويتي الذي توضع فيه قطع عجين محشوة داخل مرق اللحم؟","What is the Kuwaiti dish with stuffed dough dumplings in a meat stew called?","القبوط","Gabout","culinary"
"KW-038","kuwait","easy","200","ما المكوّن الذي يُنقع بالمرق في التشريب الكويتي؟","Which ingredient is soaked in broth in Kuwaiti tashreeb?","الخبز","Bread","culinary"
"KW-039","kuwait","easy","200","«قرص عقيلي» من الحلويات الكويتية؛ ما نوعه؟","Gers Ogaily is a Kuwaiti sweet; what type of dessert is it?","كعكة إسفنجية","A sponge cake","culinary"
"KW-040","kuwait","easy","200","ما اسم التجمع الاجتماعي الكويتي الذي يناقش فيه الأصدقاء والجيران شؤون المجتمع؟","What is the Kuwaiti social gathering where friends and neighbours discuss community matters called?","الديوانية","Diwaniya","diwaniya"
"KW-041","kuwait","easy","200","ما المناسبة المرتبطة بالطفل التي يحتفل بها الكويتيون في عادة «النون»؟","What childhood milestone do Kuwaitis celebrate in the Al-Noon custom?","ظهور أول الأسنان أو الخطوات الأولى","First teeth or first steps","customs"
"KW-042","kuwait","easy","200","لأي شهر تُجهّز الأسر الكويتية القمح في مناسبة «دق الهريس»؟","For which month do Kuwaiti families prepare wheat during Daq Al-Harees?","رمضان","Ramadan","customs"
"KW-043","kuwait","easy","200","بجوار أي متحف كويتي يقع بيت السدو على شارع الخليج العربي؟","Beside which museum does Sadu House stand on Arabian Gulf Street?","متحف الكويت الوطني","Kuwait National Museum","museums"
"KW-044","kuwait","easy","200","بأي مادة زُيّنت فسيفساء بيت الفنانين خليفة وليديا القطان؟","What material decorates the mosaics in Khalifa and Lidia Qattan's house?","قطع المرايا","Mirror pieces","mirror"
"KW-045","kuwait","easy","200","ما الفن العربي الذي يتخصص فيه المتحف الثاني لطارق رجب؟","Which Arabic art is the focus of Tareq Rajab's second museum?","الخط العربي","Arabic calligraphy","rajab"
"KW-046","kuwait","easy","200","ما اسم المجموعة الفنية التي تديرها دار الآثار الإسلامية في الكويت؟","What is the art collection managed by Kuwait's Dar al-Athar al-Islamiyyah called?","مجموعة الصباح","The al-Sabah Collection","dai"
"KW-047","kuwait","easy","200","ما موضوع متحف الموطن في حديقة الشهيد؟","What is the theme of the Habitat Museum in Al Shaheed Park?","البيئات الطبيعية في الكويت","Kuwait's natural habitats","shaheed"
"KW-048","kuwait","easy","200","أي جانب من الكويت يرويه متحف الذكرى في حديقة الشهيد؟","Which aspect of Kuwait does Al Shaheed Park's Memorial Museum recount?","التاريخ وتضحيات من خدموا الوطن","History and the sacrifices of those who served the nation","shaheed"
"KW-049","kuwait","easy","200","في أي منطقة تقع مدينة صباح السالم الجامعية؟","In which district is Sabah Al-Salem University City?","الشدادية","Al Shadadiya","university"
"KW-050","kuwait","easy","200","أي أمير كويتي ارتبط اسمه بالاستقلال ودستور 1962؟","Which Kuwaiti Amir is associated with independence and the 1962 Constitution?","الشيخ عبدالله السالم الصباح","Sheikh Abdullah Al-Salem Al-Sabah","history"
"KW-051","kuwait","easy","200","اسم «الكويت» تصغير أي كلمة كانت تعني حصناً صغيراً؟","Kuwait is the diminutive of which word meaning a small fort?","كوت","Kout","democracy"
"KW-052","kuwait","easy","200","ما ثاني أكبر جزيرة في الكويت بعد بوبيان؟","What is Kuwait's second-largest island after Bubiyan?","فيلكا","Failaka","topography"
"KW-053","kuwait","easy","200","ما أقصى الجزر الكويتية شمالاً؟","What is Kuwait's northernmost island?","وربة","Warbah","topography"
"KW-054","kuwait","easy","200","ما أقصى الجزر الكويتية جنوباً؟","What is Kuwait's southernmost island?","أم المرادم","Umm Al-Maradim","topography"
"KW-055","kuwait","easy","200","ما أكبر محافظات الكويت مساحةً؟","Which Kuwaiti governorate is largest by area?","الجهراء","Jahra","topographyen"
"KW-056","kuwait","easy","200","ما الذي تقدمه الكرة الصغيرة في البرج الرئيسي من أبراج الكويت للزوار؟","What does the small sphere in the main Kuwait Tower offer visitors?","إطلالة بانورامية على المدينة والخليج","A panoramic view of the city and Gulf","towers"
"KW-057","kuwait","easy","200","من أي عمارة استُلهمت الأشكال الهندسية لواجهات مركز الشيخ جابر الأحمد الثقافي؟","Which architectural tradition inspired the geometric façades of Sheikh Jaber Al-Ahmad Cultural Centre?","العمارة الإسلامية","Islamic architecture","jaccarchitecture"
"KW-058","kuwait","easy","200","ما المجلة الثقافية الكويتية التي صدر عددها الأول في ديسمبر 1958؟","Which Kuwaiti cultural magazine published its first issue in December 1958?","العربي","Al-Arabi","arabi"
"KW-059","kuwait","easy","200","ما اسم الناقلة الوطنية الكويتية التي بدأت مسيرتها باسم «الكويت الوطنية للطيران»؟","What is the national carrier that began as Kuwait National Airways called today?","الخطوط الجوية الكويتية","Kuwait Airways","aviation"
"KW-060","kuwait","easy","200","أي لحم يُحشى بالأرز في طبق القوزي الذي يصفه الدليل الكويتي لجمعية الطهاة؟","Which meat is stuffed with rice in qouzi as described in the culinary association's Kuwait guide?","لحم الضأن","Lamb","culinary"
"KW-061","kuwait","easy","200","ما الاسم الفني للمطرب الكويتي عبدالعزيز المفرج؟","What is Kuwaiti singer Abdulaziz Al-Mufarrej's stage name?","شادي الخليج","Shadi Al-Khaleej","shadi"
"KW-062","kuwait","easy","200","ماذا كانت البنات تُحضّرن لدمى العرائس في لعبة «الشروكة» الكويتية؟","What did girls prepare for their dolls in Kuwait's Sherouka game?","وليمة عرس","A wedding feast","customs"
"KW-063","kuwait","easy","200","في أي عام تحررت الكويت من الاحتلال العراقي؟","In which year was Kuwait liberated from Iraqi occupation?","1991","1991","democracy"
"KW-065","kuwait","easy","200","توقيت الكويت يسبق غرينتش بكم ساعة؟","How many hours ahead of GMT is Kuwait?","ثلاث ساعات","Three hours","factsheet"
"KW-066","kuwait","easy","200","ما شكل الجزء الأسود عند سارية علم الكويت؟","What shape is the black part beside the hoist of Kuwait's flag?","شبه منحرف","A trapezium","factsheet"
"KW-067","kuwait","easy","200","ما رمز مطار الكويت الدولي المكوّن من ثلاثة أحرف؟","What is Kuwait International Airport's three-letter code?","KWI","KWI","airportcode"
"KW-068","kuwait","easy","200","ما دين الدولة في نص دستور الكويت الصادر عام 1962؟","What is the state religion in Kuwait's 1962 Constitution?","الإسلام","Islam","constitution"
"KW-069","kuwait","medium","400","في أي عام استقلت الكويت عن الحماية البريطانية؟","In which year did Kuwait become independent of British protection?","1961","1961","history"
"KW-070","kuwait","medium","400","أي منظمة إقليمية انضمت إليها الكويت في عام استقلالها 1961؟","Which regional organization did Kuwait join in its independence year, 1961?","جامعة الدول العربية","The Arab League","history"
"KW-071","kuwait","medium","400","في أي عام صدر أول دستور للكويت بعد الاستقلال؟","In which year was Kuwait's first post-independence Constitution promulgated?","1962","1962","history"
"KW-072","kuwait","medium","400","مع أي دولة عقد الشيخ مبارك الصباح اتفاقية الحماية عام 1899؟","With which country did Sheikh Mubarak Al-Sabah conclude the 1899 protection agreement?","بريطانيا","Britain","history"
"KW-073","kuwait","medium","400","في أي عام أصبحت الكويت عضواً في الأمم المتحدة؟","In which year did Kuwait become a member of the United Nations?","1963","1963","history"
"KW-074","kuwait","medium","400","ما المناسبة في حياة الشيخ عبدالله السالم التي يرتبط بها اختيار 25 فبراير عيداً وطنياً؟","Which event in Sheikh Abdullah Al-Salem's life underlies the choice of 25 February as National Day?","توليه الحكم","His accession to power","history"
"KW-075","kuwait","medium","400","من كتب كلمات النشيد الوطني الكويتي؟","Who wrote the lyrics of Kuwait's national anthem?","أحمد مشاري العدواني","Ahmad Meshari Al-Adwani","anthem"
"KW-076","kuwait","medium","400","من لحّن النشيد الوطني الكويتي؟","Who composed Kuwait's national anthem?","إبراهيم الصولة","Ibrahim Al-Soula","anthem"
"KW-077","kuwait","medium","400","كم فلساً يساوي الدينار الكويتي؟","How many fils equal one Kuwaiti dinar?","ألف فلس","One thousand fils","currency"
"KW-078","kuwait","medium","400","ما العملة التي استُخدمت في الكويت قبل إصدار الدينار؟","Which currency was used in Kuwait before the dinar was issued?","الروبية الهندية","The Indian rupee","currency"
"KW-079","kuwait","medium","400","ما آخر محافظة استُحدثت في الكويت؟","Which governorate was created most recently in Kuwait?","مبارك الكبير","Mubarak Al-Kabeer","topography"
"KW-080","kuwait","medium","400","إلى أي محافظة تتبع الجزر الكويتية إدارياً؟","To which governorate do Kuwait's islands belong administratively?","محافظة العاصمة","Capital Governorate","topography"
"KW-081","kuwait","medium","400","ما الوادي الذي يمتد بمحاذاة الحدود الغربية للكويت؟","Which valley runs along Kuwait's western boundary?","وادي الباطن","Wadi Al-Batin","topography"
"KW-082","kuwait","medium","400","على أي خليج تطل مرتفعات جال الزور؟","Which bay do the Jal Al-Zor heights overlook?","جون الكويت","Kuwait Bay","topography"
"KW-083","kuwait","medium","400","ما المادة التي ارتبط بها اسم جزيرة قاروه؟","Which substance is associated with the name of Qaruh Island?","القار","Tar","topography"
"KW-084","kuwait","medium","400","تعود أقدم الآثار التي يذكرها الدليل الحكومي لجزيرة أم النمل إلى أي عصر؟","To which age do the oldest remains listed for Umm Al-Namil Island in the government guide date?","العصر البرونزي","The Bronze Age","topography"
"KW-085","kuwait","medium","400","في أي عام افتُتحت أبراج الكويت؟","In which year did Kuwait Towers open?","1979","1979","towers"
"KW-086","kuwait","medium","400","أي أداة تقليدية ألهمت شكل البرج الرئيسي من أبراج الكويت؟","Which traditional object inspired the shape of the main Kuwait Tower?","المبخرة","An incense burner","towers"
"KW-087","kuwait","medium","400","ما وظيفة أصغر أبراج الكويت ضمن مجموعة الأبراج الثلاثة؟","What is the function of the smallest of the three Kuwait Towers?","إضاءة البرجين الآخرين واحتواء المولدات","Lighting the other two towers and housing generators","towers"
"KW-088","kuwait","medium","400","من الفنانة التي صنعت فسيفساء بيت المرايا في الكويت؟","Which artist created the mosaics of Kuwait's Mirror House?","ليديا القطان","Lidia Qattan","mirror"
"KW-089","kuwait","medium","400","في أي بلد وُلدت الفنانة ليديا القطان صاحبة مشروع بيت المرايا؟","In which country was Mirror House artist Lidia Qattan born?","إيطاليا","Italy","mirror"
"KW-090","kuwait","medium","400","في أي عام تأسس متحف طارق رجب؟","In which year was the Tareq Rajab Museum founded?","1980","1980","rajab"
"KW-091","kuwait","medium","400","في أي عام تأسست دار الآثار الإسلامية في الكويت؟","In which year was Kuwait's Dar al-Athar al-Islamiyyah founded?","1983","1983","dai"
"KW-092","kuwait","medium","400","من الشيخ الذي كوّن مجموعة الصباح الفنية مع الشيخة حصة صباح السالم؟","Which sheikh formed the al-Sabah art collection with Sheikha Hussa Sabah Al-Salem?","الشيخ ناصر صباح الأحمد الصباح","Sheikh Nasser Sabah Al-Ahmad Al-Sabah","dai"
"KW-093","kuwait","medium","400","ما المادتان اللتان تغطيان الهياكل الفولاذية لمباني مركز الشيخ جابر الأحمد الثقافي؟","Which two materials clad the steel structures of Sheikh Jaber Al-Ahmad Cultural Centre?","التيتانيوم والزجاج","Titanium and glass","jaccarchitecture"
"KW-094","kuwait","medium","400","أي مركز ثقافي يشكّل مع مركز الشيخ جابر الأحمد المنطقة الثقافية الوطنية؟","Which cultural centre forms the national cultural district with Sheikh Jaber Al-Ahmad Cultural Centre?","مركز عبدالله السالم الثقافي","Abdullah Al-Salem Cultural Centre","jacc"
"KW-095","kuwait","medium","400","في أي عام تأسست جامعة الكويت؟","In which year was Kuwait University established?","1966","1966","university"
"KW-096","kuwait","medium","400","في أي عام أُنشئ المركز العلمي في الكويت؟","In which year was Kuwait's Scientific Center established?","2000","2000","scientificarchive"
"KW-097","kuwait","medium","400","حول أي مهنة بحرية تدور قصة فيلم «بس يا بحر»؟","Which maritime occupation is central to the story of Bas Ya Bahr?","الغوص بحثاً عن اللؤلؤ","Pearl diving","cinema"
"KW-098","kuwait","medium","400","أي وزارة تعاونت مع جمعية السدو في برنامج تدريب المدرّبين على النسيج؟","Which ministry partnered with the Al Sadu Society in its weaving train-the-trainers programme?","وزارة التربية","The Ministry of Education","sadueducation"
"KW-100","kuwait","medium","400","في أي عام أُدرجت الديوانية الكويتية في قائمة اليونسكو للتراث الثقافي غير المادي؟","In which year was Kuwait's Diwaniya inscribed on UNESCO's intangible cultural heritage list?","2025","2025","diwaniya"
"KW-101","kuwait","medium","400","ما لون الثوب أو الوشاح الذي ترتديه العروس في عادة الجلوة الكويتية؟","What colour is the garment or scarf worn by the bride in Kuwait's Jalwa custom?","الأخضر","Green","customs"
"KW-102","kuwait","medium","400","من أي نسيج تُصنع الدشداشة الشتوية المسماة «المقطع» في وصف الملابس الكويتية التقليدية؟","From which fabric is the winter dishdasha called Maqtaa made in the description of traditional Kuwaiti clothing?","الصوف","Wool","customs"
"KW-104","kuwait","medium","400","من أي مادة كان الأطفال يصنعون قوارب «العدال» الصغيرة؟","From which material did children make small Al-Adal toy boats?","الصفيح","Tin","customs"
"KW-105","kuwait","medium","400","من أي منطقة في الجزيرة العربية قدم العتوب الذين استقروا في الكويت؟","From which region of the Arabian Peninsula did the Utub who settled in Kuwait originate?","نجد","Najd","democracy"
"KW-106","kuwait","medium","400","في أي عام صدّرت الكويت أول شحنة نفط؟","In which year did Kuwait export its first shipment of oil?","1946","1946","oil"
"KW-107","kuwait","medium","400","ما اسم أول مصفاة نفط في الكويت؟","What was Kuwait's first oil refinery called?","مصفاة ميناء الأحمدي","Mina Al-Ahmadi refinery","oil"
"KW-108","kuwait","medium","400","أي أمير دشّن تصدير أول شحنة نفط كويتية؟","Which Amir inaugurated Kuwait's first oil export shipment?","الشيخ أحمد الجابر الصباح","Sheikh Ahmad Al-Jaber Al-Sabah","oil"
"KW-116","kuwait","medium","400","أي أمير كويتي كرّمته الأمم المتحدة عام 2014 لقيادته الإنسانية؟","Which Kuwaiti Amir did the United Nations honour in 2014 for humanitarian leadership?","الشيخ صباح الأحمد الجابر الصباح","Sheikh Sabah Al-Ahmad Al-Jaber Al-Sabah","humanitarian"
"KW-117","kuwait","medium","400","كيف وصف دستور 1962 نظام الحكم في الكويت من حيث انتقال الإمارة؟","How did the 1962 Constitution describe Kuwait's system regarding succession to the emirate?","إمارة وراثية","A hereditary emirate","constitution"
"KW-118","kuwait","medium","400","ما الاسم التاريخي الذي يورده مجلس الأمة للكويت قبل استقرار اسمها الحالي؟","Which historic name does the National Assembly give for Kuwait before its present name became established?","كاظمة","Kazma","democracy"
"KW-119","kuwait","medium","400","في أي مؤسسة كويتية افتُتح متحف صالح العجيري عام 2013؟","At which Kuwaiti institution did the Saleh Al-Ujairy Museum open in 2013?","النادي العلمي الكويتي","Kuwait Scientific Club","ujairy"
"KW-120","kuwait","medium","400","ما الاسم الإنجليزي لسمك الزبيدي الشهير في المطبخ الكويتي؟","What is the English species name of Zubaidi fish, popular in Kuwaiti cuisine?","سيلفر بومفريت (الزبيدي الفضي)","Silver pomfret","culinary"
"KW-121","kuwait","medium","400","ما العبارة الإنجليزية التي اختُصر منها اسم منطقة «سو كو» في الأفنيوز؟","Which English phrase is abbreviated by the Avenues district name SoKu?","ساوث أوف كويت، أي جنوب الكويت","South of Kuwait","avenues"
"KW-122","kuwait","medium","400","بأي لغة كُتب نقش إيكاروس المكتشف في فيلكا؟","In which language was the Ikaros inscription discovered on Failaka written?","اليونانية","Greek","ikaros"
"KW-123","kuwait","medium","400","ما الاسم الذي عُرفت به جزيرة فيلكا في العصر الهلنستي؟","By which name was Failaka Island known in the Hellenistic period?","إيكاروس","Ikaros","failaka"
"KW-124","kuwait","medium","400","من مؤلف رواية «السبيليات»؟","Who wrote the novel Al-Sabiliat?","إسماعيل فهد إسماعيل","Ismail Fahd Ismail","sabiliat"
"KW-125","kuwait","medium","400","في أي منطقة كويتية يقع بيت المرايا؟","In which Kuwaiti district is the Mirror House?","القادسية","Qadsiya","museums"
"KW-126","kuwait","medium","400","في أي منطقة كويتية يقع متحف طارق رجب؟","In which Kuwaiti district is the Tareq Rajab Museum?","الجابرية","Jabriya","rajab"
"KW-127","kuwait","medium","400","في أي منطقة يقع بيت ديكسون التاريخي في الكويت؟","In which district is Kuwait's historic Dickson House?","شرق","Sharq","museums"
"KW-128","kuwait","medium","400","في أي منطقة كويتية يوجد المتحف الملحق بسفينة الهاشمي الثانية؟","In which Kuwaiti district is the museum attached to Al-Hashemi II?","سلوى","Salwa","museums"
"KW-129","kuwait","medium","400","من أول رئيس تحرير لمجلة «العربي» الكويتية؟","Who was the first editor-in-chief of Kuwait's Al-Arabi magazine?","الدكتور أحمد زكي","Dr Ahmad Zaki","arabi"
"KW-130","kuwait","medium","400","في أي سوق تاريخي يقع كشك الشيخ مبارك؟","In which historic market is Sheikh Mubarak's kiosk?","سوق المباركية","Souq Al-Mubarakiya","museums"
"KW-131","kuwait","medium","400","في بيت أي أسرة كان الزوجان يقضيان الأسبوع الأول في تقاليد الزواج الكويتية القديمة؟","In whose family home did newlyweds spend their first week in old Kuwaiti wedding traditions?","أسرة العروس","The bride's family","customs"
"KW-132","kuwait","medium","400","أي دولة حصلت على أول قرض من الصندوق الكويتي للتنمية عام 1962؟","Which country received the Kuwait Fund's first loan in 1962?","السودان","Sudan","fund"
"KW-133","kuwait","medium","400","في أي عام افتُتحت الجزيرة الخضراء في الكويت؟","In which year did Kuwait's Green Island open?","1988","1988","attractions"
"KW-134","kuwait","medium","400","في أي منطقة كويتية يقع مشروع البوليفارد؟","In which Kuwaiti district is Boulevard located?","السالمية","Salmiya","attractions"
"KW-135","kuwait","medium","400","تقع جزيرة عوهة في أي جهة من جزيرة فيلكا؟","In which direction from Failaka Island is Auhah Island?","الجنوب الشرقي","Southeast","topography"
"KW-136","kuwait","medium","400","ما المقصود بالخُبَرات في وصف تضاريس الكويت؟","What are khubarat in descriptions of Kuwait's topography?","منخفضات صحراوية","Desert depressions","topography"
"KW-137","kuwait","hard","600","من أول معتمد بريطاني عُيّن في الكويت عام 1904؟","Who was the first British political agent appointed to Kuwait in 1904?","الكابتن نوكس","Captain Knox","history"
"KW-138","kuwait","hard","600","من كتب القصة الأصلية التي استند إليها فيلم «بس يا بحر»؟","Who wrote the original story on which Bas Ya Bahr was based?","عبدالرحمن الصالح","Abdulrahman Al-Saleh","filmstory"
"KW-139","kuwait","hard","600","من ترأس المجلس التأسيسي الذي أعد دستور الكويت؟","Who chaired the Constituent Assembly that prepared Kuwait's Constitution?","عبداللطيف ثنيان الغانم","Abdullatif Thunayan Al-Ghanim","democracy"
"KW-140","kuwait","hard","600","من كان نائب رئيس المجلس التأسيسي الكويتي؟","Who was deputy chair of Kuwait's Constituent Assembly?","الدكتور أحمد الخطيب","Dr Ahmad Al-Khatib","democracy"
"KW-141","kuwait","hard","600","من رفع علم الكويت في الأمم المتحدة عند انضمامها عام 1963؟","Who raised Kuwait's flag at the United Nations when it joined in 1963?","الشيخ صباح الأحمد الصباح","Sheikh Sabah Al-Ahmad Al-Sabah","history"
"KW-142","kuwait","hard","600","في أي مدينة سعودية عملت الحكومة الكويتية في المنفى أثناء الاحتلال العراقي؟","In which Saudi city did Kuwait's government-in-exile operate during the Iraqi occupation?","الطائف","Taif","democracy"
"KW-143","kuwait","hard","600","أي قبيلة يذكر مجلس الأمة أنها سبقت العتوب في موضع استقرار الكويت؟","Which tribe does the National Assembly identify as preceding the Utub at Kuwait's settlement site?","بنو خالد","Bani Khalid","democracy"
"KW-144","kuwait","hard","600","من تولّى توزيع النشيد الوطني الكويتي؟","Who arranged Kuwait's national anthem?","أحمد علي","Ahmad Ali","anthem"
"KW-145","kuwait","hard","600","من وضع موسيقى السلام الأميري الكويتي السابق عام 1951؟","Who composed Kuwait's former Amiri Salute in 1951?","يوسف عديس","Yusuf Adees","anthem"
"KW-146","kuwait","hard","600","ما اسم أول بئر استكشافية حُفرت في الكويت عام 1936 قبل اكتشاف برقان؟","What was Kuwait's first exploratory well, drilled in 1936 before the Burgan discovery, called?","بحرة","Bahra","oilarchive"
"KW-147","kuwait","hard","600","ما اسم الناقلة التي حملت أول شحنة نفط كويتية؟","What was the tanker that carried Kuwait's first oil export shipment called?","بريتش فيوزيلير","British Fusilier","oilarchive"
"KW-149","kuwait","hard","600","ما الشركتان اللتان أسستا شركة نفط الكويت عام 1934؟","Which two companies founded Kuwait Oil Company in 1934?","شركة النفط الأنجلوفارسية وغلف أويل","Anglo-Persian Oil Company and Gulf Oil","oil"
"KW-150","kuwait","hard","600","أي قطاع موّل أول قرض للصندوق الكويتي في السودان؟","Which sector did the Kuwait Fund's first loan in Sudan finance?","السكك الحديدية","Railways","fund"
"KW-151","kuwait","hard","600","أي ممر مائي موّل الصندوق الكويتي تطويره في مصر عام 1964؟","Which waterway did the Kuwait Fund finance improvements to in Egypt in 1964?","قناة السويس","The Suez Canal","fund"
"KW-152","kuwait","hard","600","كيف توسع نطاق عمل الصندوق الكويتي جغرافياً عام 1974؟","How did the Kuwait Fund's geographic scope expand in 1974?","من الدول العربية إلى سائر الدول النامية","From Arab countries to all developing countries","history"
"KW-153","kuwait","hard","600","ما نوع الشركات التي تموّل مؤسسة الكويت للتقدم العلمي من أرباحها؟","Which type of companies finance the Kuwait Foundation for the Advancement of Sciences from their profits?","الشركات المساهمة الكويتية الخاصة","Private Kuwaiti shareholding companies","kfasfunding"
"KW-154","kuwait","hard","600","ما الشركة التي ارتبط تأسيس معهد الكويت للأبحاث العلمية بالتزاماتها تجاه الكويت؟","Which company's obligations to Kuwait were linked to the establishment of KISR?","شركة الزيت العربية اليابانية","Japan's Arabian Oil Company","kisrhistory"
"KW-155","kuwait","hard","600","ما المجالات الثلاثة التي بدأ بها معهد الكويت للأبحاث العلمية أبحاثه؟","In which three fields did KISR initially conduct research?","النفط والزراعة والثروة السمكية","Petroleum, agriculture and fisheries","kisrhistory"
"KW-156","kuwait","hard","600","ما اسم مجمع الطاقة المتجددة الكويتي الذي افتُتح رسمياً في فبراير 2019؟","What is the Kuwaiti renewable energy park inaugurated in February 2019 called?","مجمع الشقايا","Shagaya Renewable Energy Park","scientificarchive"
"KW-157","kuwait","hard","600","ما اسم الشخصية النسائية المحورية في رواية «السبيليات»؟","What is the name of the central female character in Al-Sabiliat?","أم قاسم","Um Kassem","sabiliatevents"
"KW-158","kuwait","hard","600","في ظل أي حرب تدور رواية «السبيليات» لإسماعيل فهد إسماعيل؟","Against the backdrop of which war is Ismail Fahd Ismail's Al-Sabiliat set?","الحرب العراقية الإيرانية","The Iran–Iraq War","sabiliat"
"KW-159","kuwait","hard","600","كيف اختير اسم مجلة «العربي» وفق رواية بدر خالد البدر عن تأسيسها؟","How was Al-Arabi magazine's name chosen, according to founder Bader Khaled Al-Bader's account?","بمسابقة عامة","Through a public competition","arabi"
"KW-160","kuwait","hard","600","أي شاعر اقترح إنشاء المدرسة المباركية إلى جانب جهود يوسف القناعي وناصر المبارك؟","Which poet proposed establishing Al-Mubarakiya School alongside the efforts of Yusuf Al-Qinai and Nasser Al-Mubarak?","ياسين الطبطبائي","Yasin Al-Tabtabai","school"
"KW-161","kuwait","hard","600","من أي بلد عربي جاء معلّمون ساهموا لاحقاً في توسيع مواد المدرسة المباركية؟","From which Arab country came teachers who later helped expand Al-Mubarakiya School's subjects?","فلسطين","Palestine","school"
"KW-162","kuwait","hard","600","في أي سجل لليونسكو أُدرج نقش إيكاروس عام 2025؟","In which UNESCO register was the Ikaros inscription included in 2025?","سجل ذاكرة العالم","The Memory of the World Register","ikaros"
"KW-163","kuwait","hard","600","من أي نوع من الحجر صُنع اللوح الذي يحمل نقش إيكاروس؟","From which type of stone was the stela bearing the Ikaros inscription made?","الحجر الجيري","Limestone","ikaros"
"KW-164","kuwait","hard","600","بأي حضارة ارتبط موقع تل سعد في فيلكا في العصر البرونزي؟","With which civilization was Failaka's Tell Saad associated in the Bronze Age?","حضارة دلمون","The Dilmun civilization","failaka"
"KW-165","kuwait","hard","600","أي تقليدين معماريين اجتمعا في تيجان أعمدة معبد تل سعيد وقواعدها؟","Which two architectural traditions were combined in Tell Said temple's column capitals and bases?","تيجان يونانية أيونية وقواعد فارسية","Greek Ionic capitals and Persian bases","failaka"
"KW-166","kuwait","hard","600","أي طائر تستضيف محمية مبارك الكبير أكبر مستعمرة تكاثر له في العالم، وفق رامسار؟","Which bird has its world's largest breeding colony in Mubarak Al-Kabeer Reserve, according to Ramsar?","حنكور (زقزاق السرطان)","Crab plover","ramsar"
"KW-167","kuwait","hard","600","ما نوع القوالب الأثرية التي عُثر عليها في موقع دار الضيافة بفيلكا؟","What type of ancient moulds were found at Dar Al-Deyafa on Failaka?","قوالب من الطين المحروق","Terracotta moulds","failaka"
"KW-168","kuwait","hard","600","لإعداد أي طعام استُخدمت الأفران المكتشفة في خرائب الدشت بفيلكا؟","Which food was prepared in the ovens discovered at Kharaib Al-Desht on Failaka?","السمك","Fish","failaka"
"KW-169","kuwait","hard","600","نسبة بعض حصون فيلكا إلى أي شعب أوروبي فنّدتها الدراسات الأثرية؟","Attribution of some Failaka forts to which European people was refuted by archaeological research?","البرتغاليين","The Portuguese","failaka"
"KW-170","kuwait","hard","600","فوق أي موقع أثري أقيم بيت الشيخ أحمد الجابر الصيفي في فيلكا؟","Above which archaeological site was Sheikh Ahmad Al-Jaber's summer house on Failaka built?","تل سعد","Tell Saad","failaka"
"KW-171","kuwait","hard","600","أي قرية في فيلكا تضم قصر عبدالله السالم الذي تحوّل إلى متحف تراثي؟","Which Failaka village contains Abdullah Al-Salem's palace, converted into a heritage museum?","الزور","Al-Zor","failaka"
"KW-172","kuwait","hard","600","ما وضع مواقع فيلكا لدى مركز التراث العالمي بعد تقديمها عام 2025؟","What status did Failaka's sites hold with the World Heritage Centre after their 2025 submission?","مدرجة في القائمة التمهيدية","Included on the Tentative List","failaka"
"KW-173","kuwait","hard","600","ما الآفة التي دفعت ليديا القطان إلى إعادة تنفيذ زخرفة بيت المرايا مباشرةً على الجدران؟","Which pest led Lidia Qattan to redo Mirror House decoration directly on the walls?","النمل الأبيض","Termites","mirror"
"KW-174","kuwait","hard","600","من الفنان الكويتي زوج ليديا القطان الذي تُعرض أعماله في بيت المرايا؟","Which Kuwaiti artist, Lidia Qattan's husband, has works displayed in the Mirror House?","خليفة القطان","Khalifa Qattan","mirror"
"KW-175","kuwait","hard","600","من شاركت طارق رجب في تأسيس متحفه؟","Who co-founded the museum with Tareq Rajab?","جيهان رجب","Jehan Rajab","rajab"
"KW-176","kuwait","hard","600","لباب أي سلطان برونزي مكان في مجموعة متحف طارق رجب؟","Which sultan's bronze door is in the Tareq Rajab Museum collection?","السلطان برقوق","Sultan Barquq","rajab"
"KW-177","kuwait","hard","600","ستائر «البُرقع» المعروضة في متحف طارق رجب للخط كانت تغطي باب أي بناء؟","The Burqa curtains displayed in Tareq Rajab's calligraphy museum covered the door of which building?","الكعبة المشرفة","The Holy Kaaba","rajab"
"KW-178","kuwait","hard","600","أي معركة أعاد متحف طارق رجب تمثيلها بمجسمات مصغّرة رسمها طارق نادر رجب؟","Which battle did the Tareq Rajab Museum recreate using miniatures painted by Tareq Nader Rajab?","معركة حطين","The Battle of Hattin","rajab"
"KW-179","kuwait","hard","600","ما الاستخدام الأصلي لمباني المركز الأمريكاني الثقافي قبل تحويلها إلى فضاء ثقافي؟","What was the original use of the Amricani Cultural Centre buildings before their cultural conversion?","مستشفيات","Hospitals","amricani"
"KW-180","kuwait","hard","600","أي كنيسة أمريكية أنشأت المستشفى الذي أصبح المركز الأمريكاني؟","Which American church established the hospital that became the Amricani Cultural Centre?","الكنيسة الإصلاحية الهولندية في أمريكا","The Dutch Reformed Church of America","amricani"
"KW-181","kuwait","hard","600","باسم أي طبيب سُمّي المبنى الذي كان مستشفى الرجال في المركز الأمريكاني؟","After which doctor was the former men's hospital building at the Amricani named?","ستانلي ميلريا","Stanley Mylrea","amricani"
"KW-182","kuwait","hard","600","في أي سجل لليونسكو أُدرج برنامج الكويت التعليمي للسدو عام 2022؟","In which UNESCO register was Kuwait's Al Sadu educational programme included in 2022?","سجل أفضل ممارسات الصون","The Register of Good Safeguarding Practices","sadueducation"
"KW-183","kuwait","hard","600","بأي نشاط مدرسي سنوي يُختتم تدريب السدو التعليمي كما تصفه اليونسكو؟","With which annual school activity does the Al Sadu educational training culminate, as UNESCO describes it?","معارض للأعمال النسيجية","Exhibitions of textile work","sadueducation"
"KW-184","kuwait","hard","600","ما نوع الآلة الموسيقية التي كان أطفال الكويت يسمّونها «الماصول»؟","What type of musical instrument did Kuwaiti children call Masoul?","الناي","A flute","customs"
"KW-185","kuwait","hard","600","ممَّ كان يُصنع الدنبك الذي يصفه الدليل الحكومي ضمن ألعاب الأطفال القديمة؟","From what was the Danbak described in the government guide to old children's playthings made?","جرة مغطاة بجلد الخروف","A jar covered with sheepskin","customs"
"KW-186","kuwait","hard","600","ما المادة التي كانت تُستخدم لرأس الدمية في لعبة «الكردية» الكويتية؟","What material was used for the doll's head in Kuwait's Kardia game?","صدفة بحرية","A seashell","customs"
"KW-187","kuwait","hard","600","ماذا كان الأطفال يبنون مصغّراً في لعبة «الدويرة»؟","What did children build in miniature in the Al-Dowaira game?","البيوت","Houses","customs"
"KW-188","kuwait","hard","600","بأي خيوط كانت تُزيّن أثواب الزبون الحريرية في الملابس الكويتية القديمة؟","With which threads were silk Zeboun garments decorated in old Kuwaiti clothing?","خيوط ذهبية","Gold threads","customs"
"KW-189","kuwait","hard","600","ما طراز الطائرات الذي شغّلته الكويت الوطنية للطيران في بداياتها؟","Which aircraft type did Kuwait National Airways operate in its early years?","دوغلاس دي سي-3","Douglas DC-3","aviation"
"KW-190","kuwait","hard","600","بأي طائرة مستأجرة دخلت الخطوط الكويتية عصر الطائرات النفاثة عام 1962؟","With which leased aircraft did Kuwait Airways enter the jet age in 1962?","كوميت 4 سي","Comet 4-C","aviation"
"KW-191","kuwait","hard","600","ما شركة الطيران المنافسة التي ضُمّت طائراتها إلى الخطوط الكويتية عام 1964؟","Which competing airline had its aircraft integrated into Kuwait Airways in 1964?","شركة الطيران العربية العابرة","Trans-Arabian Airlines","aviation"
"KW-192","kuwait","hard","600","أي طراز أدخل الخطوط الكويتية عصر الطائرات عريضة البدن عام 1978؟","Which aircraft type brought Kuwait Airways into the wide-body era in 1978?","بوينغ 747-200","Boeing 747-200","aviation"
"KW-199","kuwait","hard","600","من الأمين العام للأمم المتحدة الذي كرّم القيادة الإنسانية لصباح الأحمد عام 2014؟","Which UN Secretary-General honoured Sabah Al-Ahmad's humanitarian leadership in 2014?","بان كي مون","Ban Ki-moon","humanitarian"
"KW-200","kuwait","hard","600","لدعم شعب أي دولة استضافت الكويت مؤتمري التعهدات الإنسانية عامي 2013 و2014؟","To support the people of which country did Kuwait host humanitarian pledging conferences in 2013 and 2014?","سوريا","Syria","humanitarian"
"KW-201","kuwait","hard","600","من أي دولة كان المكتب الهندسي الذي صمم أبراج الكويت؟","From which country was the engineering office that designed Kuwait Towers?","السويد","Sweden","towers"
"KW-202","kuwait","hard","600","من أي دولة كانت الشركة التي أنشأت أبراج الكويت؟","From which country was the company that built Kuwait Towers?","يوغوسلافيا","Yugoslavia","towers"
"KW-203","kuwait","hard","600","ما الأداتان التقليديتان اللتان ألهمتا شكلي البرج الأوسط وأصغر برج في أبراج الكويت، على الترتيب؟","Which traditional objects inspired the middle and smallest Kuwait Towers, respectively?","المرش والمكحلة","A perfume sprinkler and a kohl container","towers"
"KW-204","kuwait","hard","600","إلى جانب طريق أوراسيا–أفريقيا، بين أي بلدين يمتد طريق هجرة الطيور الآخر عبر محمية مبارك الكبير؟","Besides the Eurasia–Africa route, between which two countries does the other bird migration route through Mubarak Al-Kabeer Reserve run?","تركيا والهند","Turkey and India","ramsar"
"KW-ADD-001","kuwait","easy","200","أي مجمع تجاري كويتي يقع في منطقة الري؟","Which Kuwaiti shopping mall is located in Al Rai?","الأفنيوز","The Avenues","https://www.the-avenues.com/kuwait/en"
"KW-ADD-002","kuwait","easy","200","ما اسم المجمع التجاري الكويتي الذي يحمل الرقم 360؟","Which Kuwaiti shopping mall has the number 360 in its name?","مجمع 360","360 Mall","https://e.gov.kw/sites/kgoenglish/Pages/Visitors/TourismInKuwait/ActivitiesInKuwaitShopping.aspx"
"KW-ADD-003","kuwait","easy","200","ما اسم السوق الكويتي التراثي الشهير وسط العاصمة؟","What is the famous traditional market in central Kuwait City?","سوق المباركية","Souq Al Mubarakiya","https://e.gov.kw/sites/kgoenglish/Pages/Visitors/TourismInKuwait/ActivitiesInKuwaitShopping.aspx"
"KW-ADD-004","kuwait","easy","200","ما اسم المجمع التجاري المعروف باسم مارينا في الكويت؟","What is the Kuwait shopping complex known as Marina?","مارينا مول","Marina Mall","https://e.gov.kw/sites/kgoenglish/Pages/Visitors/TourismInKuwait/ActivitiesInKuwaitShopping.aspx"
"KW-ADD-006","kuwait","easy","200","ما اسم المركز الثقافي الكويتي الذي يحمل اسم الشيخ جابر الأحمد؟","Which Kuwaiti cultural center is named after Sheikh Jaber Al Ahmad?","مركز الشيخ جابر الأحمد الثقافي","Sheikh Jaber Al Ahmad Cultural Centre","https://e.gov.kw/sites/kgoenglish/Pages/Visitors/TourismInKuwait/ActivitiesInKuwaitAttractiveSpots.aspx"
"KW-ADD-007","kuwait","easy","200","ما اسم المجمع التجاري الكويتي الذي يحمل اسم الكوت؟","Which Kuwaiti mall is named Al Kout?","الكوت مول","Al Kout Mall","https://e.gov.kw/sites/kgoenglish/Pages/Visitors/TourismInKuwait/ActivitiesInKuwaitShopping.aspx"
"KW-ADD-008","kuwait","easy","200","ما اسم المركز الكويتي الذي يضم أكواريوم وقاعة استكشاف وسينما آي ماكس؟","Which Kuwaiti center has an aquarium, discovery hall and IMAX cinema?","المركز العلمي","The Scientific Center","https://e.gov.kw/sites/kgoarabic/Pages/Visitors/TourismInKuwait/ActivitiesInKuwaitAttractiveSpots.aspx"
"KW-ADD-009","kuwait","easy","200","ما اسم المجمع التجاري المعروف باسم العاصمة مول؟","Which Kuwaiti shopping mall is called Assima Mall?","العاصمة مول","Assima Mall","https://e.gov.kw/sites/kgoenglish/Pages/Visitors/TourismInKuwait/ActivitiesInKuwaitShopping.aspx"
"KW-ADD-010","kuwait","easy","200","ما اسم سوق الكويت الشهير الذي يقام يوم الجمعة؟","What is the famous Kuwait market named after Friday?","سوق الجمعة","Friday Market","https://e.gov.kw/sites/kgoenglish/Pages/Visitors/TourismInKuwait/ActivitiesInKuwaitShopping.aspx"
"KW-ADD-011","kuwait","medium","400","في أي منطقة تقع أبراج الكويت وفق البوابة الحكومية؟","In which district are Kuwait Towers located according to the government portal?","شرق","Sharq","https://e.gov.kw/sites/kgoenglish/Pages/Visitors/TourismInKuwait/ActivitiesInKuwaitAttractiveSpots.aspx"
"KW-ADD-012","kuwait","medium","400","كم متحفاً تضم حديقة الشهيد بحسب البوابة الحكومية؟","How many museums are inside Al Shaheed Park according to the government portal?","متحفان","Two","https://e.gov.kw/sites/kgoenglish/Pages/Visitors/TourismInKuwait/ActivitiesInKuwaitAttractiveSpots.aspx"
"KW-ADD-014","kuwait","medium","400","ما اسم المركز الثقافي الكويتي الذي يُذكر مع مركز جابر ضمن المنطقة الثقافية الوطنية؟","Which Kuwaiti cultural center is paired with Jaber Cultural Centre in the national cultural district?","مركز الشيخ عبدالله السالم الثقافي","Sheikh Abdullah Al Salem Cultural Centre","https://e.gov.kw/sites/kgoenglish/Pages/Visitors/TourismInKuwait/ActivitiesInKuwaitAttractiveSpots.aspx"
"KW-ADD-015","kuwait","medium","400","ما اسم مجمع التسوق الكويتي المعروف باسم الصالحية؟","Which Kuwaiti shopping complex is called Salhiya?","مجمع الصالحية","Salhiya Complex","https://e.gov.kw/sites/kgoenglish/Pages/Visitors/TourismInKuwait/ActivitiesInKuwaitShopping.aspx"
"KW-ADD-016","kuwait","medium","400","ما اسم المجمع التجاري الكويتي المعروف باسم الحمراء؟","Which Kuwaiti shopping center is named Al Hamra?","مركز الحمراء للتسوق","Al Hamra Shopping Center","https://e.gov.kw/sites/kgoenglish/Pages/Visitors/TourismInKuwait/ActivitiesInKuwaitShopping.aspx"
"KW-ADD-017","kuwait","medium","400","ما اسم المركز التجاري الكويتي المعروف باسم البوابة؟","Which Kuwaiti mall is named The Gate?","ذا غيت مول","The Gate Mall","https://e.gov.kw/sites/kgoenglish/Pages/Visitors/TourismInKuwait/ActivitiesInKuwaitShopping.aspx"
"KW-ADD-019","kuwait","medium","400","كم كان عدد طلاب جامعة الكويت عند تأسيسها عام 1966؟","How many students did Kuwait University have when it was founded in 1966?","418 طالباً وطالبة","418 students","https://ku.edu.kw/node/1918"
"KW-ADD-020","kuwait","medium","400","في أي عام بدأ تشغيل سينسكيب في الأفنيوز بحسب موقع المجمع؟","In what year did Cinescape open at The Avenues according to the mall website?","2007","2007","https://www.the-avenues.com/kuwait/en"
"KW-ADD-021","kuwait","hard","600","ما مساحة حديقة الشهيد المذكورة في البوابة الحكومية بالمتر المربع؟","What is the area of Al Shaheed Park in square meters according to the government portal?","200000 متر مربع","200,000 square meters","https://e.gov.kw/sites/kgoenglish/Pages/Visitors/TourismInKuwait/ActivitiesInKuwaitAttractiveSpots.aspx"
"KW-ADD-022","kuwait","hard","600","كم بلغت مساحة مشروع حديقة البوليفارد بالسالمية وفق البوابة الحكومية؟","What is the stated area of Boulevard Park in Salmiya?","353000 متر مربع","353,000 square meters","https://e.gov.kw/sites/kgoarabic/Pages/Visitors/TourismInKuwait/ActivitiesInKuwaitAttractiveSpots.aspx"
"KW-ADD-023","kuwait","hard","600","كم كان عدد أعضاء هيئة التدريس في جامعة الكويت عند تأسيسها؟","How many faculty members did Kuwait University have when it was founded?","31","31","https://ku.edu.kw/node/1918"
"KW-ADD-024","kuwait","hard","600","ما رقم القانون الصادر سنة 1966 لتنظيم التعليم العالي في الكويت؟","What was the number of Kuwait's 1966 law regulating higher education?","القانون رقم 29","Law No. 29","https://ku.edu.kw/node/1918"
"KW-ADD-025","kuwait","hard","600","في أي يوم وشهر افتُتح أول مجلس أمة في تاريخ الكويت عام 1963؟","On which day and month was Kuwait's first National Assembly inaugurated in 1963?","29 يناير","29 January","https://e.gov.kw/sites/kgoenglish/Pages/Visitors/AboutKuwait/GoverningBodyOverView.aspx"
"KW-ADD-026","kuwait","hard","600","ما تاريخ صدور المرسوم الأميري بإنشاء دائرة للخارجية في الكويت عام 1961؟","On what date was the Amiri decree establishing Kuwait's foreign department issued in 1961?","19 أغسطس 1961","19 August 1961","https://e.gov.kw/sites/kgoenglish/Pages/Visitors/AboutKuwait/GoverningBodyOverView.aspx"
"KW-ADD-027","kuwait","hard","600","في أي يوم وشهر من عام 1961 وافق مجلس جامعة الدول العربية على عضوية الكويت؟","On which day and month of 1961 did the Arab League Council approve Kuwait's membership?","16 يوليو","16 July","https://e.gov.kw/sites/kgoenglish/Pages/Visitors/AboutKuwait/GoverningBodyOverView.aspx"
"KW-ADD-028","kuwait","hard","600","في أي عام صدر العدد الأول من جريدة القبس الكويتية؟","In which year was the first issue of Kuwait's Al Qabas newspaper published?","1972","1972","https://www.e.gov.kw/sites/kgoEnglish/Pages/ApplicationPages/NewsDetail.aspx?nid=34680987"
"KW-ADD-030","kuwait","hard","600","في أي عام نال معهد الكويت للأبحاث العلمية جائزة البنك الإسلامي للتنمية في العلوم والتنمية؟","In which year did KISR receive the Islamic Development Bank science and development prize?","2016","2016","https://www.e.gov.kw/sites/kgoenglish/Pages/ApplicationPages/NewsDetail.aspx?nid=26526554"
"KW-NEW-001","kuwait","easy","200","ما اسم الجزيرة الكويتية المعروفة بآثارها اليونانية القديمة؟","Which Kuwaiti island is known for ancient Greek remains?","فيلكا","Failaka","NEEDS_FACT_AND_SEMANTIC_REVIEW"
"KW-NEW-002","kuwait","easy","200","ما اسم الجزيرة الكويتية التي تحمل اسم بوبيان؟","What is Kuwait's large northern island called?","بوبيان","Bubiyan","NEEDS_FACT_AND_SEMANTIC_REVIEW"
"KW-NEW-003","kuwait","easy","200","ما اسم البرج الشهير في مدينة الكويت الذي يضم كرة للمشاهدة؟","Which landmark in Kuwait City has an observation sphere?","أبراج الكويت","Kuwait Towers","NEEDS_FACT_AND_SEMANTIC_REVIEW"
"KW-NEW-004","kuwait","easy","200","ما اسم القصر الذي يُعد مقراً رسمياً لأمير الكويت؟","What is the official palace of Kuwait's Amir called?","قصر بيان","Bayan Palace","NEEDS_FACT_AND_SEMANTIC_REVIEW"
"KW-NEW-005","kuwait","easy","200","ما اسم القصر التاريخي الذي يقع في مدينة الكويت ويُعرف بقصر السيف؟","What is the historic palace in Kuwait City called?","قصر السيف","Seif Palace","NEEDS_FACT_AND_SEMANTIC_REVIEW"
"KW-NEW-006","kuwait","easy","200","ما اسم المحافظة الكويتية التي تحمل اسم الجهراء؟","Which Kuwaiti governorate shares its name with Jahra city?","الجهراء","Al Jahra","NEEDS_FACT_AND_SEMANTIC_REVIEW"
"KW-NEW-007","kuwait","easy","200","ما اسم المحافظة الكويتية التي تضم منطقة السالمية؟","Which Kuwaiti governorate contains Salmiya?","حولي","Hawalli","NEEDS_FACT_AND_SEMANTIC_REVIEW"
"KW-NEW-008","kuwait","easy","200","ما اسم المحافظة الكويتية التي تضم منطقة الفحيحيل؟","Which governorate contains Fahaheel?","الأحمدي","Al Ahmadi","NEEDS_FACT_AND_SEMANTIC_REVIEW"
"KW-NEW-009","kuwait","easy","200","ما اسم المنطقة الساحلية الكويتية المشهورة بالمطاعم والمقاهي على الواجهة البحرية؟","Which Kuwait waterfront district is known for seaside cafes and restaurants?","السالمية","Salmiya","NEEDS_FACT_AND_SEMANTIC_REVIEW"
"KW-NEW-010","kuwait","easy","200","ما اسم المدينة الكويتية التي سميت على اسم الشيخ صباح الأحمد؟","Which Kuwaiti city is named for Sheikh Sabah Al Ahmad?","مدينة صباح الأحمد","Sabah Al Ahmad City","NEEDS_FACT_AND_SEMANTIC_REVIEW"
"KW-NEW-011","kuwait","easy","200","ما اسم المجمع التجاري الشهير الواقع في منطقة العقيلة؟","Which well-known shopping mall is located in Eqaila?","ذا غيت مول","The Gate Mall","NEEDS_FACT_AND_SEMANTIC_REVIEW"
"KW-NEW-012","kuwait","easy","200","ما اسم مجمع التسوق الشهير في منطقة الفحيحيل المطل على البحر؟","Which popular shopping complex in Fahaheel overlooks the sea?","الكوت مول","Al Kout Mall","NEEDS_FACT_AND_SEMANTIC_REVIEW"
"KW-NEW-013","kuwait","easy","200","ما اسم مجمع التسوق الشهير الذي يقع في منطقة الزهراء؟","Which famous shopping mall is located in Zahra?","360 مول","360 Mall","NEEDS_FACT_AND_SEMANTIC_REVIEW"
"KW-NEW-014","kuwait","easy","200","ما اسم السوق الشعبي المعروف في الكويت ببيع السلع المستعملة؟","Which Kuwaiti market is known for secondhand goods?","سوق الجمعة","Friday Market","NEEDS_FACT_AND_SEMANTIC_REVIEW"
"KW-NEW-015","kuwait","easy","200","ما اسم متحف الكويت الذي يعرض تاريخ البلاد وتراثها الوطني؟","What is Kuwait's museum of national history and heritage called?","متحف الكويت الوطني","Kuwait National Museum","NEEDS_FACT_AND_SEMANTIC_REVIEW"
"KW-NEW-016","kuwait","easy","200","ما اسم متحف الكويت الذي يركز على التراث البحري؟","What is the Kuwait museum focused on maritime heritage called?","المتحف البحري","Maritime Museum","NEEDS_FACT_AND_SEMANTIC_REVIEW"
"KW-NEW-017","kuwait","easy","200","ما اسم الجسر الذي يربط مدينة الكويت بمنطقة الصبية عبر جون الكويت؟","Which causeway connects Kuwait City to Subiya across Kuwait Bay?","جسر الشيخ جابر الأحمد","Sheikh Jaber Al Ahmad Causeway","NEEDS_FACT_AND_SEMANTIC_REVIEW"
"KW-NEW-018","kuwait","easy","200","ما اسم شركة الاتصالات الكويتية المعروفة باسم زين؟","Which Kuwaiti telecom company is known as Zain?","زين","Zain","NEEDS_FACT_AND_SEMANTIC_REVIEW"
"KW-NEW-019","kuwait","easy","200","ما اسم أكبر حقل نفطي كويتي معروف عالمياً؟","Which major Kuwaiti oil field is famous worldwide?","حقل برقان","Burgan Field","NEEDS_FACT_AND_SEMANTIC_REVIEW"
"KW-NEW-020","kuwait","easy","200","ما اسم المركز الثقافي الشهير في الكويت المعروف بتصميمه المستوحى من الجواهر؟","Which famous Kuwait cultural centre has a jewel-inspired design?","مركز الشيخ جابر الأحمد الثقافي","Sheikh Jaber Al Ahmad Cultural Centre","NEEDS_FACT_AND_SEMANTIC_REVIEW"
"KW-NEW-021","kuwait","easy","200","ما اسم الحديقة الكبيرة في مدينة الكويت التي تضم نصباً للشهداء؟","Which large Kuwait City park contains a memorial to martyrs?","حديقة الشهيد","Al Shaheed Park","NEEDS_FACT_AND_SEMANTIC_REVIEW"
"KW-NEW-024","kuwait","easy","200","ما اسم المطار الرئيسي الذي يخدم دولة الكويت؟","Which main airport serves Kuwait?","مطار الكويت الدولي","Kuwait International Airport","NEEDS_FACT_AND_SEMANTIC_REVIEW"
"KW-NEW-025","kuwait","easy","200","ما اسم شركة الطيران التي تحمل اسم الدولة؟","Which airline carries Kuwait's name?","الخطوط الجوية الكويتية","Kuwait Airways","NEEDS_FACT_AND_SEMANTIC_REVIEW"
"KW-NEW-026","kuwait","easy","200","ما اسم العملة الكويتية الصغيرة التي يساوي ألف منها ديناراً واحداً؟","What is the smaller Kuwaiti currency unit, one thousand of which make a dinar?","الفلس","Fils","NEEDS_FACT_AND_SEMANTIC_REVIEW"
"KW-NEW-027","kuwait","easy","200","ما اسم الجهة التي تدير العملة والسياسة النقدية في الكويت؟","Which institution manages Kuwait's currency and monetary policy?","بنك الكويت المركزي","Central Bank of Kuwait","NEEDS_FACT_AND_SEMANTIC_REVIEW"
"KW-NEW-028","kuwait","medium","400","كم عدد محافظات دولة الكويت؟","How many governorates does Kuwait have?","ست محافظات","Six","NEEDS_FACT_AND_SEMANTIC_REVIEW"
"KW-NEW-029","kuwait","medium","400","ما المحافظة التي تقع فيها منطقة مشرف؟","Which governorate contains Mishref?","حولي","Hawalli","NEEDS_FACT_AND_SEMANTIC_REVIEW"
"KW-NEW-030","kuwait","medium","400","ما المحافظة التي تقع فيها منطقة قرطبة؟","Which governorate contains Qortuba?","العاصمة","Capital Governorate","NEEDS_FACT_AND_SEMANTIC_REVIEW"
"KW-NEW-031","kuwait","medium","400","ما المحافظة التي تقع فيها منطقة الرقة؟","Which governorate contains Riqqa?","الأحمدي","Al Ahmadi","NEEDS_FACT_AND_SEMANTIC_REVIEW"
"KW-NEW-032","kuwait","medium","400","ما المحافظة التي تقع فيها منطقة الفروانية؟","Which governorate contains Farwaniya district?","الفروانية","Al Farwaniya","NEEDS_FACT_AND_SEMANTIC_REVIEW"
"KW-NEW-034","kuwait","medium","400","ما اسم الجزيرة الكويتية الواقعة عند مدخل جون الكويت؟","Which Kuwaiti island lies near the entrance to Kuwait Bay?","فيلكا","Failaka","NEEDS_FACT_AND_SEMANTIC_REVIEW"
"KW-NEW-036","kuwait","medium","400","ما اسم الميناء التجاري الكويتي الذي يحمل اسم الشويخ؟","Which Kuwaiti commercial port is named Shuwaikh?","ميناء الشويخ","Shuwaikh Port","NEEDS_FACT_AND_SEMANTIC_REVIEW"
"KW-NEW-037","kuwait","medium","400","ما اسم الميناء الكويتي الواقع في جنوب البلاد والمخصص للنفط؟","Which southern Kuwaiti port is associated with oil exports?","ميناء الأحمدي","Mina Al Ahmadi","NEEDS_FACT_AND_SEMANTIC_REVIEW"
"KW-NEW-038","kuwait","medium","400","ما اسم الميناء التجاري الكويتي الواقع في منطقة الشعيبة؟","Which commercial Kuwaiti port is in Shuaiba?","ميناء الشعيبة","Shuaiba Port","NEEDS_FACT_AND_SEMANTIC_REVIEW"
"KW-NEW-039","kuwait","medium","400","ما اسم المدينة الكويتية التي ارتبطت تاريخياً بصناعة النفط وسميت باسم حاكم؟","Which Kuwaiti city developed around the oil industry and was named after a ruler?","الأحمدي","Ahmadi","NEEDS_FACT_AND_SEMANTIC_REVIEW"
"KW-NEW-040","kuwait","medium","400","ما اسم الجهة الكويتية المسؤولة عن إدارة الأصول السيادية؟","Which Kuwaiti authority manages sovereign assets?","الهيئة العامة للاستثمار","Kuwait Investment Authority","NEEDS_FACT_AND_SEMANTIC_REVIEW"
"KW-NEW-041","kuwait","medium","400","ما اسم الصندوق الكويتي الذي يمول مشاريع التنمية في الدول الأخرى؟","Which Kuwaiti fund finances development projects abroad?","الصندوق الكويتي للتنمية الاقتصادية العربية","Kuwait Fund for Arab Economic Development","NEEDS_FACT_AND_SEMANTIC_REVIEW"
"KW-NEW-042","kuwait","medium","400","ما اسم مؤسسة الكويت التي تدعم العلوم والبحث والابتكار؟","Which Kuwaiti foundation supports science, research and innovation?","مؤسسة الكويت للتقدم العلمي","Kuwait Foundation for the Advancement of Sciences","NEEDS_FACT_AND_SEMANTIC_REVIEW"
"KW-NEW-043","kuwait","medium","400","ما اسم المؤسسة الكويتية المعروفة اختصاراً بـ KISR؟","What is the Kuwaiti institution abbreviated KISR?","معهد الكويت للأبحاث العلمية","Kuwait Institute for Scientific Research","NEEDS_FACT_AND_SEMANTIC_REVIEW"
"KW-NEW-044","kuwait","medium","400","ما اسم أول بنك وطني كويتي تأسس عام 1952؟","Which Kuwaiti national bank was founded in 1952?","بنك الكويت الوطني","National Bank of Kuwait","NEEDS_FACT_AND_SEMANTIC_REVIEW"
"KW-NEW-045","kuwait","medium","400","ما اسم الشركة الحكومية الكويتية التي تعمل في الاستكشاف وإنتاج النفط؟","Which Kuwaiti state-owned company explores and produces oil?","شركة نفط الكويت","Kuwait Oil Company","NEEDS_FACT_AND_SEMANTIC_REVIEW"
"KW-NEW-046","kuwait","medium","400","ما اسم شركة النفط الكويتية المعروفة اختصاراً بـ KNPC؟","Which Kuwaiti petroleum company is abbreviated KNPC?","شركة البترول الوطنية الكويتية","Kuwait National Petroleum Company","NEEDS_FACT_AND_SEMANTIC_REVIEW"
"KW-NEW-047","kuwait","medium","400","ما اسم المصفاة النفطية الكبرى التي تقع في الزور؟","Which major oil refinery is located at Al Zour?","مصفاة الزور","Al Zour Refinery","NEEDS_FACT_AND_SEMANTIC_REVIEW"
"KW-NEW-048","kuwait","medium","400","ما اسم المدينة البحرية الكويتية الواقعة في الخيران؟","Which Kuwaiti marine city is located in Khiran?","مدينة صباح الأحمد البحرية","Sabah Al Ahmad Sea City","NEEDS_FACT_AND_SEMANTIC_REVIEW"
"KW-NEW-049","kuwait","medium","400","ما اسم المكتبة التي تحفظ التراث الوطني والمطبوعات الكويتية؟","Which library preserves Kuwait's national publications and heritage?","مكتبة الكويت الوطنية","National Library of Kuwait","NEEDS_FACT_AND_SEMANTIC_REVIEW"
"KW-NEW-050","kuwait","medium","400","ما اسم المجمع الثقافي الذي يضم متاحف للعلوم والتاريخ الطبيعي والفنون؟","Which Kuwait cultural complex contains science, natural history and arts museums?","مركز الشيخ عبدالله السالم الثقافي","Sheikh Abdullah Al Salem Cultural Centre","NEEDS_FACT_AND_SEMANTIC_REVIEW"
"KW-NEW-051","kuwait","medium","400","ما اسم المكان الكويتي المعروف بمقتنيات مجموعة الصباح للفن الإسلامي؟","Which Kuwait institution is known for the Al Sabah Collection of Islamic art?","دار الآثار الإسلامية","Dar al-Athar al-Islamiyyah","NEEDS_FACT_AND_SEMANTIC_REVIEW"
"KW-NEW-052","kuwait","medium","400","ما اسم منطقة الكويت المعروفة بسوق الذهب التقليدي في العاصمة؟","Which traditional market in central Kuwait is known for gold shops?","سوق المباركية","Souq Al Mubarakiya","NEEDS_FACT_AND_SEMANTIC_REVIEW"
"KW-NEW-053","kuwait","medium","400","ما اسم الجريدة الكويتية التي تحمل اسم «القبس»؟","Which Kuwaiti newspaper has a name meaning 'flame'?","القبس","Al Qabas","NEEDS_FACT_AND_SEMANTIC_REVIEW"
"KW-NEW-054","kuwait","medium","400","ما اسم شركة الاتصالات الكويتية التي كانت تعرف باسم الوطنية للاتصالات؟","Which Kuwait telecom operator was formerly known as Wataniya Telecom?","أوريدو الكويت","Ooredoo Kuwait","NEEDS_FACT_AND_SEMANTIC_REVIEW"
"KW-NEW-055","kuwait","medium","400","ما اسم شركة الاتصالات الكويتية التي تعمل تحت العلامة stc؟","Which telecom company operates in Kuwait under the stc brand?","stc الكويت","stc Kuwait","NEEDS_FACT_AND_SEMANTIC_REVIEW"
"KW-NEW-056","kuwait","medium","400","ما اسم سوق الكويت التاريخي الذي يرتبط بالتجارة الشعبية وسط العاصمة؟","Which historic central Kuwait market is associated with traditional commerce?","سوق المباركية","Souq Al Mubarakiya","NEEDS_FACT_AND_SEMANTIC_REVIEW"
"KW-NEW-057","kuwait","medium","400","ما اسم المول الكويتي الذي يتخذ الرقم 360 اسماً له؟","Which Kuwait mall uses 360 in its name?","360 مول","360 Mall","NEEDS_FACT_AND_SEMANTIC_REVIEW"
"KW-NEW-058","kuwait","hard","600","في أي عام تأسس بنك الكويت الوطني؟","In which year was National Bank of Kuwait founded?","1952","1952","NEEDS_FACT_AND_SEMANTIC_REVIEW"
"KW-NEW-059","kuwait","hard","600","في أي عام تأسست شركة نفط الكويت؟","In which year was Kuwait Oil Company founded?","1934","1934","NEEDS_FACT_AND_SEMANTIC_REVIEW"
"KW-NEW-060","kuwait","hard","600","في أي عام اكتُشف النفط في حقل برقان؟","In which year was oil discovered in Burgan Field?","1938","1938","NEEDS_FACT_AND_SEMANTIC_REVIEW"
"KW-NEW-062","kuwait","hard","600","في أي عام تأسس بنك الكويت المركزي؟","In which year was the Central Bank of Kuwait established?","1968","1968","NEEDS_FACT_AND_SEMANTIC_REVIEW"
"KW-NEW-063","kuwait","hard","600","في أي عام تأسست الهيئة العامة للاستثمار؟","In which year was Kuwait Investment Authority established?","1982","1982","NEEDS_FACT_AND_SEMANTIC_REVIEW"
"KW-NEW-064","kuwait","hard","600","في أي عام تأسس الصندوق الكويتي للتنمية الاقتصادية العربية؟","In which year was Kuwait Fund for Arab Economic Development founded?","1961","1961","NEEDS_FACT_AND_SEMANTIC_REVIEW"
"KW-NEW-065","kuwait","hard","600","في أي عام تأسس معهد الكويت للأبحاث العلمية؟","In which year was Kuwait Institute for Scientific Research founded?","1967","1967","NEEDS_FACT_AND_SEMANTIC_REVIEW"
"KW-NEW-066","kuwait","hard","600","في أي عام تأسست مؤسسة الكويت للتقدم العلمي؟","In which year was Kuwait Foundation for the Advancement of Sciences founded?","1976","1976","NEEDS_FACT_AND_SEMANTIC_REVIEW"
"KW-NEW-067","kuwait","hard","600","في أي عام تأسست الخطوط الجوية الكويتية؟","In which year was Kuwait Airways established?","1954","1954","NEEDS_FACT_AND_SEMANTIC_REVIEW"
"KW-NEW-068","kuwait","hard","600","في أي عام افتُتح جسر الشيخ جابر الأحمد؟","In which year did Sheikh Jaber Al Ahmad Causeway open?","2019","2019","NEEDS_FACT_AND_SEMANTIC_REVIEW"
"KW-NEW-071","kuwait","hard","600","ما اسم أول شركة نفط حصلت على امتياز التنقيب في الكويت عام 1934؟","Which oil company received Kuwait's 1934 oil concession?","شركة نفط الكويت","Kuwait Oil Company","NEEDS_FACT_AND_SEMANTIC_REVIEW"
"KW-NEW-072","kuwait","hard","600","ما اسم الحقل الذي انطلقت منه أول صادرات الكويت النفطية عام 1946؟","From which oil field did Kuwait's first 1946 oil exports originate?","برقان","Burgan","NEEDS_FACT_AND_SEMANTIC_REVIEW"
"KW-NEW-073","kuwait","hard","600","ما اسم المشروع الذي يصل العاصمة الكويتية بمنطقة الصبية عبر البحر؟","Which project links Kuwait City to Subiya across the bay?","جسر الشيخ جابر الأحمد","Sheikh Jaber Al Ahmad Causeway","NEEDS_FACT_AND_SEMANTIC_REVIEW"
"KW-NEW-074","kuwait","hard","600","ما اسم البنك الذي تولى مهام مجلس النقد الكويتي بعد إنشائه؟","Which institution succeeded Kuwait Currency Board?","بنك الكويت المركزي","Central Bank of Kuwait","NEEDS_FACT_AND_SEMANTIC_REVIEW"
"KW-NEW-075","kuwait","hard","600","في أي عام بدأت أعمال بنك الكويت المركزي رسمياً؟","In which year did the Central Bank of Kuwait begin operations?","1969","1969","NEEDS_FACT_AND_SEMANTIC_REVIEW"
"KW-NEW-076","kuwait","hard","600","ما اسم المؤسسة التي تأسست في الكويت عام 1961 لدعم التنمية في الخارج؟","Which institution was founded in Kuwait in 1961 to support overseas development?","الصندوق الكويتي للتنمية الاقتصادية العربية","Kuwait Fund for Arab Economic Development","NEEDS_FACT_AND_SEMANTIC_REVIEW"
"KW-NEW-077","kuwait","hard","600","ما اسم الهيئة الكويتية التي أُنشئت عام 1982 لإدارة الاستثمار الحكومي؟","Which Kuwaiti authority was set up in 1982 to manage government investments?","الهيئة العامة للاستثمار","Kuwait Investment Authority","NEEDS_FACT_AND_SEMANTIC_REVIEW"
"KW-NEW-079","kuwait","hard","600","ما اسم المؤسسة التي تأسست عام 1967 لتطوير البحث العلمي في الكويت؟","Which Kuwait institution was founded in 1967 for scientific research?","معهد الكويت للأبحاث العلمية","Kuwait Institute for Scientific Research","NEEDS_FACT_AND_SEMANTIC_REVIEW"
"KW-NEW-082","kuwait","hard","600","ما اسم الحقل الكويتي الذي يُعد من أكبر الحقول النفطية التقليدية عالمياً؟","Which Kuwaiti field is among the world's largest conventional oil fields?","برقان","Burgan","NEEDS_FACT_AND_SEMANTIC_REVIEW"
"KW-NEW-084","kuwait","hard","600","ما اسم الجسر الكويتي الذي يبلغ طول وصلة الصبية فيه نحو 36 كيلومتراً؟","Which Kuwait causeway has a roughly 36-kilometre Subiya link?","جسر الشيخ جابر الأحمد","Sheikh Jaber Al Ahmad Causeway","NEEDS_FACT_AND_SEMANTIC_REVIEW"