id,category,difficulty,points,questionAr,questionEn,answerAr,answerEn,sourceUrl
"KW-ADD-001","kuwait","easy","200","أي مجمع تجاري كويتي يقع في منطقة الري؟","Which Kuwaiti shopping mall is located in Al Rai?","الأفنيوز","The Avenues","https://www.the-avenues.com/kuwait/en"
"KW-ADD-002","kuwait","easy","200","ما اسم المجمع التجاري الكويتي الذي يحمل الرقم 360؟","Which Kuwaiti shopping mall has the number 360 in its name?","مجمع 360","360 Mall","https://e.gov.kw/sites/kgoenglish/Pages/Visitors/TourismInKuwait/ActivitiesInKuwaitShopping.aspx"
"KW-ADD-003","kuwait","easy","200","ما اسم السوق الكويتي التراثي الشهير وسط العاصمة؟","What is the famous traditional market in central Kuwait City?","سوق المباركية","Souq Al Mubarakiya","https://e.gov.kw/sites/kgoenglish/Pages/Visitors/TourismInKuwait/ActivitiesInKuwaitShopping.aspx"
"KW-ADD-004","kuwait","easy","200","ما اسم المجمع التجاري المعروف باسم مارينا في الكويت؟","What is the Kuwait shopping complex known as Marina?","مارينا مول","Marina Mall","https://e.gov.kw/sites/kgoenglish/Pages/Visitors/TourismInKuwait/ActivitiesInKuwaitShopping.aspx"
"KW-ADD-005","kuwait","easy","200","ما اسم الحديقة الكويتية الشهيرة التي تضم متاحف وبحيرة؟","Which famous Kuwait park includes museums and a lake?","حديقة الشهيد","Al Shaheed Park","https://e.gov.kw/sites/kgoenglish/Pages/Visitors/TourismInKuwait/ActivitiesInKuwaitAttractiveSpots.aspx"
"KW-ADD-006","kuwait","easy","200","ما اسم المركز الثقافي الكويتي الذي يحمل اسم الشيخ جابر الأحمد؟","Which Kuwaiti cultural center is named after Sheikh Jaber Al Ahmad?","مركز الشيخ جابر الأحمد الثقافي","Sheikh Jaber Al Ahmad Cultural Centre","https://e.gov.kw/sites/kgoenglish/Pages/Visitors/TourismInKuwait/ActivitiesInKuwaitAttractiveSpots.aspx"
"KW-ADD-007","kuwait","easy","200","ما اسم المجمع التجاري الكويتي الذي يحمل اسم الكوت؟","Which Kuwaiti mall is named Al Kout?","الكوت مول","Al Kout Mall","https://e.gov.kw/sites/kgoenglish/Pages/Visitors/TourismInKuwait/ActivitiesInKuwaitShopping.aspx"
"KW-ADD-008","kuwait","easy","200","ما اسم المركز الكويتي الذي يضم أكواريوم وقاعة استكشاف وسينما آي ماكس؟","Which Kuwaiti center has an aquarium, discovery hall and IMAX cinema?","المركز العلمي","The Scientific Center","https://e.gov.kw/sites/kgoarabic/Pages/Visitors/TourismInKuwait/ActivitiesInKuwaitAttractiveSpots.aspx"
"KW-ADD-009","kuwait","easy","200","ما اسم المجمع التجاري المعروف باسم العاصمة مول؟","Which Kuwaiti shopping mall is called Assima Mall?","العاصمة مول","Assima Mall","https://e.gov.kw/sites/kgoenglish/Pages/Visitors/TourismInKuwait/ActivitiesInKuwaitShopping.aspx"
"KW-ADD-010","kuwait","easy","200","ما اسم سوق الكويت الشهير الذي يقام يوم الجمعة؟","What is the famous Kuwait market named after Friday?","سوق الجمعة","Friday Market","https://e.gov.kw/sites/kgoenglish/Pages/Visitors/TourismInKuwait/ActivitiesInKuwaitShopping.aspx"
"KW-ADD-011","kuwait","medium","400","في أي منطقة تقع أبراج الكويت وفق البوابة الحكومية؟","In which district are Kuwait Towers located according to the government portal?","شرق","Sharq","https://e.gov.kw/sites/kgoenglish/Pages/Visitors/TourismInKuwait/ActivitiesInKuwaitAttractiveSpots.aspx"
"KW-ADD-012","kuwait","medium","400","كم متحفاً تضم حديقة الشهيد بحسب البوابة الحكومية؟","How many museums are inside Al Shaheed Park according to the government portal?","متحفان","Two","https://e.gov.kw/sites/kgoenglish/Pages/Visitors/TourismInKuwait/ActivitiesInKuwaitAttractiveSpots.aspx"
"KW-ADD-013","kuwait","medium","400","في أي منطقة يقع مشروع حديقة البوليفارد بالكويت؟","In which Kuwait area is Boulevard Park located?","السالمية","Salmiya","https://e.gov.kw/sites/kgoarabic/Pages/Visitors/TourismInKuwait/ActivitiesInKuwaitAttractiveSpots.aspx"
"KW-ADD-014","kuwait","medium","400","ما اسم المركز الثقافي الكويتي الذي يُذكر مع مركز جابر ضمن المنطقة الثقافية الوطنية؟","Which Kuwaiti cultural center is paired with Jaber Cultural Centre in the national cultural district?","مركز الشيخ عبدالله السالم الثقافي","Sheikh Abdullah Al Salem Cultural Centre","https://e.gov.kw/sites/kgoenglish/Pages/Visitors/TourismInKuwait/ActivitiesInKuwaitAttractiveSpots.aspx"
"KW-ADD-015","kuwait","medium","400","ما اسم مجمع التسوق الكويتي المعروف باسم الصالحية؟","Which Kuwaiti shopping complex is called Salhiya?","مجمع الصالحية","Salhiya Complex","https://e.gov.kw/sites/kgoenglish/Pages/Visitors/TourismInKuwait/ActivitiesInKuwaitShopping.aspx"
"KW-ADD-016","kuwait","medium","400","ما اسم المجمع التجاري الكويتي المعروف باسم الحمراء؟","Which Kuwaiti shopping center is named Al Hamra?","مركز الحمراء للتسوق","Al Hamra Shopping Center","https://e.gov.kw/sites/kgoenglish/Pages/Visitors/TourismInKuwait/ActivitiesInKuwaitShopping.aspx"
"KW-ADD-017","kuwait","medium","400","ما اسم المركز التجاري الكويتي المعروف باسم البوابة؟","Which Kuwaiti mall is named The Gate?","ذا غيت مول","The Gate Mall","https://e.gov.kw/sites/kgoenglish/Pages/Visitors/TourismInKuwait/ActivitiesInKuwaitShopping.aspx"
"KW-ADD-018","kuwait","medium","400","في أي عام افتُتحت جامعة الكويت؟","In what year was Kuwait University established?","1966","1966","https://ku.edu.kw/node/1918"
"KW-ADD-019","kuwait","medium","400","كم كان عدد طلاب جامعة الكويت عند تأسيسها عام 1966؟","How many students did Kuwait University have when it was founded in 1966?","418 طالباً وطالبة","418 students","https://ku.edu.kw/node/1918"
"KW-ADD-020","kuwait","medium","400","في أي عام بدأ تشغيل سينسكيب في الأفنيوز بحسب موقع المجمع؟","In what year did Cinescape open at The Avenues according to the mall website?","2007","2007","https://www.the-avenues.com/kuwait/en"
"KW-ADD-021","kuwait","hard","600","ما مساحة حديقة الشهيد المذكورة في البوابة الحكومية بالمتر المربع؟","What is the area of Al Shaheed Park in square meters according to the government portal?","200000 متر مربع","200,000 square meters","https://e.gov.kw/sites/kgoenglish/Pages/Visitors/TourismInKuwait/ActivitiesInKuwaitAttractiveSpots.aspx"
"KW-ADD-022","kuwait","hard","600","كم بلغت مساحة مشروع حديقة البوليفارد بالسالمية وفق البوابة الحكومية؟","What is the stated area of Boulevard Park in Salmiya?","353000 متر مربع","353,000 square meters","https://e.gov.kw/sites/kgoarabic/Pages/Visitors/TourismInKuwait/ActivitiesInKuwaitAttractiveSpots.aspx"
"KW-ADD-023","kuwait","hard","600","كم كان عدد أعضاء هيئة التدريس في جامعة الكويت عند تأسيسها؟","How many faculty members did Kuwait University have when it was founded?","31","31","https://ku.edu.kw/node/1918"
"KW-ADD-024","kuwait","hard","600","ما رقم القانون الصادر سنة 1966 لتنظيم التعليم العالي في الكويت؟","What was the number of Kuwait's 1966 law regulating higher education?","القانون رقم 29","Law No. 29","https://ku.edu.kw/node/1918"
"KW-ADD-025","kuwait","hard","600","في أي يوم وشهر افتُتح أول مجلس أمة في تاريخ الكويت عام 1963؟","On which day and month was Kuwait's first National Assembly inaugurated in 1963?","29 يناير","29 January","https://e.gov.kw/sites/kgoenglish/Pages/Visitors/AboutKuwait/GoverningBodyOverView.aspx"
"KW-ADD-026","kuwait","hard","600","ما تاريخ صدور المرسوم الأميري بإنشاء دائرة للخارجية في الكويت عام 1961؟","On what date was the Amiri decree establishing Kuwait's foreign department issued in 1961?","19 أغسطس 1961","19 August 1961","https://e.gov.kw/sites/kgoenglish/Pages/Visitors/AboutKuwait/GoverningBodyOverView.aspx"
"KW-ADD-027","kuwait","hard","600","في أي يوم وشهر من عام 1961 وافق مجلس جامعة الدول العربية على عضوية الكويت؟","On which day and month of 1961 did the Arab League Council approve Kuwait's membership?","16 يوليو","16 July","https://e.gov.kw/sites/kgoenglish/Pages/Visitors/AboutKuwait/GoverningBodyOverView.aspx"
"KW-ADD-028","kuwait","hard","600","في أي عام صدر العدد الأول من جريدة القبس الكويتية؟","In which year was the first issue of Kuwait's Al Qabas newspaper published?","1972","1972","https://www.e.gov.kw/sites/kgoEnglish/Pages/ApplicationPages/NewsDetail.aspx?nid=34680987"
"KW-ADD-029","kuwait","hard","600","في أي عام افتُتح المركز العلمي في الكويت؟","In what year was Kuwait's Scientific Center inaugurated?","2000","2000","https://www.e.gov.kw/sites/kgoenglish/Pages/ApplicationPages/NewsDetail.aspx?nid=26526554"
"KW-ADD-030","kuwait","hard","600","في أي عام نال معهد الكويت للأبحاث العلمية جائزة البنك الإسلامي للتنمية في العلوم والتنمية؟","In which year did KISR receive the Islamic Development Bank science and development prize?","2016","2016","https://www.e.gov.kw/sites/kgoenglish/Pages/ApplicationPages/NewsDetail.aspx?nid=26526554"