"id","hash","factKey","source","evidenceVerified","translationParity","difficultyReviewed","distinctFact","reason"
"001","b1ee8ac68f2f83da41a9c15c37f63abe5da72fd586c21d451bf9047395471421","history:1933:firstchampion","first_champion","yes","yes","yes","yes","Reviewed history:1933:firstchampion: Which club won the first professional French league championship in 1933? Answer: Olympique Lillois. Arabic asks the same relation. Evidence checked in Ligue 1: French championship honours. Recognisable club or star identity, nickname, major event or basic competition knowledge."
"002","da8c4d42780ee0f99f1d9e5d56f5fdef6e670933f4b46dde6f44e6f66ff1f507","record:onnis:career299","scoring_records","yes","yes","yes","yes","Reviewed record:onnis:career299: Who is the French top flight's all-time leading scorer with 299 goals? Answer: Delio Onnis. Arabic asks the same relation. Evidence checked in Ligue 1: Top scorer history and records. Recognisable club or star identity, nickname, major event or basic competition knowledge."
"003","f9a044af9a61f57aa11a3472e8899abcea4257b1884b1815527d6b9e6757c0e2","record:lyon:sevenconsecutive","lyon_dynasty","yes","yes","yes","yes","Reviewed record:lyon:sevenconsecutive: Which club won seven consecutive French league titles between 2002 and 2008? Answer: Olympique Lyonnais. Arabic asks the same relation. Evidence checked in Ligue 1: Lyon under Aulas. Recognisable club or star identity, nickname, major event or basic competition knowledge."
"004","676db0d6f7722e5e7c499f4627c28881a345f37a610c6f5bfd46c76bfd943535","identity:lens:sangetor","lens_preview","yes","yes","yes","yes","Reviewed identity:lens:sangetor: Which French club is known as Sang et Or, meaning Blood and Gold? Answer: Lens. Arabic asks the same relation. Evidence checked in Ligue 1: Lens 2024/25 preview. Recognisable club or star identity, nickname, major event or basic competition knowledge."
"005","968fd096d6b13952bf07118bd394671f4c8a885df9dce4ced86dc986310d2c82","identity:nantes:canaries","nantes_preview","yes","yes","yes","yes","Reviewed identity:nantes:canaries: Which French club is nicknamed the Canaries and wears yellow and green? Answer: Nantes. Arabic asks the same relation. Evidence checked in Ligue 1: Nantes 2024/25 preview. Recognisable club or star identity, nickname, major event or basic competition knowledge."
"006","6514a04debe4f41725d76623f6e0153fe600382acf84fb5bec74743ac573378a","identity:lille:dogues","lille_preview","yes","yes","yes","yes","Reviewed identity:lille:dogues: Which French club is known as Les Dogues, meaning the mastiffs? Answer: Lille. Arabic asks the same relation. Evidence checked in Ligue 1: Lille 2024/25 preview. Recognisable club or star identity, nickname, major event or basic competition knowledge."
"007","3aa5f7232923ad90239e53feac0befebe39b1ff72be4f293e9041cc557c7f1cb","player:david:canada","lille_preview","yes","yes","yes","yes","Reviewed player:david:canada: Which national team does Jonathan David, who starred as a Lille striker, represent? Answer: Canada. Arabic asks the same relation. Evidence checked in Ligue 1: Lille 2024/25 preview. Recognisable club or star identity, nickname, major event or basic competition knowledge."
"008","6918858961fc1c4d3ccb370bc546ea831a3644fac511175e397b6213caf0fef6","coach:bordeaux2009:blanc","gourcuff2009","yes","yes","yes","yes","Reviewed coach:bordeaux2009:blanc: Who coached Bordeaux to the French league title in 2009? Answer: Laurent Blanc. Arabic asks the same relation. Evidence checked in Ligue 1: Players relaunched in France. Recognisable club or star identity, nickname, major event or basic competition knowledge."
"009","08d5e60e16730877f72c6f756324073e5f2e1e74374e13a907d78ea78a2ed8d2","player:juninho:freekicks","juninho","yes","yes","yes","yes","Reviewed player:juninho:freekicks: Who is Lyon's Brazilian legend famous for his free kicks? Answer: Juninho Pernambucano. Arabic asks the same relation. Evidence checked in Ligue 1: Juninho, Brazilian legend. Recognisable club or star identity, nickname, major event or basic competition knowledge."
"010","41519f3a47b933420aca6b2fa36ad02c6bc0e6f9079c14f01f25f35f27d10a7e","player:mbappe:firstleagueclub","mbappe_emergence","yes","yes","yes","yes","Reviewed player:mbappe:firstleagueclub: With which club did Kylian Mbappe make his French league debut? Answer: Monaco. Arabic asks the same relation. Evidence checked in Ligue 1: Mbappe's Monaco breakthrough. Recognisable club or star identity, nickname, major event or basic competition knowledge."
"011","8ef691a954adc6af615296a2a5137215d1ded85dea29bb154d503a5aba55841c","coach:monaco2017:jardim","monaco_portuguese","yes","yes","yes","yes","Reviewed coach:monaco2017:jardim: Which Portuguese coach led Monaco to the league title in 2017? Answer: Leonardo Jardim. Arabic asks the same relation. Evidence checked in Ligue 1: Portuguese players in France. Recognisable club or star identity, nickname, major event or basic competition knowledge."
"012","48ccc826ecee50f7057578598aa7f71a2f420803d719cf7b5ffcaeb97a82cc3f","history:montpellier2012:champion","montpellier2012","yes","yes","yes","yes","Reviewed history:montpellier2012:champion: Which club surprised France by winning the league in 2012? Answer: Montpellier. Arabic asks the same relation. Evidence checked in Ligue 1: Surprise seasons. Recognisable club or star identity, nickname, major event or basic competition knowledge."
"013","591dcb4d800c62a04e8598ea315a23a8a3e23bb13e3c9cf70234a95b89589181","identity:asse:verts","asse_preview","yes","yes","yes","yes","Reviewed identity:asse:verts: Which French club is famous as Les Verts, meaning the Greens? Answer: Saint-Etienne. Arabic asks the same relation. Evidence checked in Ligue 1: Saint Etienne 2024/25 preview. Recognisable club or star identity, nickname, major event or basic competition knowledge."
"014","e245272e7606c3699857eff3fdac78e4adb901bc801073fcd8a7130748292033","identity:toulouse:violets","toulouse_preview","yes","yes","yes","yes","Reviewed identity:toulouse:violets: Which French club is known as Les Violets, meaning the Purples? Answer: Toulouse. Arabic asks the same relation. Evidence checked in Ligue 1: Toulouse 2024/25 preview. Recognisable club or star identity, nickname, major event or basic competition knowledge."
"015","be19d3da4fa977ea0ac63b80bdbc7e96b3a6c63f835da14c4c6eb9cba2f18590","identity:nice:aiglons","nice_preview","yes","yes","yes","yes","Reviewed identity:nice:aiglons: Which French Riviera club is nicknamed Les Aiglons, meaning the Eaglets? Answer: Nice. Arabic asks the same relation. Evidence checked in Ligue 1: Nice 2024/25 preview. Recognisable club or star identity, nickname, major event or basic competition knowledge."
"016","654e7456f9bc8e29ac6047083a9a02edaf4387c5ef07ba49f1b0512107eb4e60","player:dante:nice:brazil","nice_preview","yes","yes","yes","yes","Reviewed player:dante:nice:brazil: Which national team did Dante, the veteran defender associated with Nice, represent? Answer: Brazil. Arabic asks the same relation. Evidence checked in Ligue 1: Nice 2024/25 preview. Recognisable club or star identity, nickname, major event or basic competition knowledge."
"017","7126a142b133c36f6b830b60070a5b47bf9cd449b202f576e1fd8fed4ee4e31e","history:psg:foundingyear","psg_foundation","yes","yes","yes","yes","Reviewed history:psg:foundingyear: In which year was Paris Saint-Germain founded? Answer: 1970. Arabic asks the same relation. Evidence checked in Paris Saint Germain: 48th birthday history. Recognisable club or star identity, nickname, major event or basic competition knowledge."
"018","0c7b92901c3e00e1026dbd465bc7fa1565d1acfb4e685e60d6216505d4bb9929","identity:dimaria:elfideo","psg_dimaria","yes","yes","yes","yes","Reviewed identity:dimaria:elfideo: Which Argentine winger starred for Paris Saint-Germain and was known as El Fideo? Answer: Angel Di Maria. Arabic asks the same relation. Evidence checked in Paris Saint Germain: Di Maria's seven seasons. Recognisable club or star identity, nickname, major event or basic competition knowledge."
"019","1137fb01f5c6a8b8a4d985b78506c200a80f7bbc20b8751cc4591e8d0025b8c1","player:rai:brazil","psg_rai","yes","yes","yes","yes","Reviewed player:rai:brazil: Which Brazilian Paris star of the 1990s was his country's captain when he joined the club in 1993? Answer: Rai. Arabic asks the same relation. Evidence checked in Paris Saint Germain: Rai's legendary room. Recognisable club or star identity, nickname, major event or basic competition knowledge."
"020","af0826f262cdcc9a87bbd67e1ec16c8ab6f6a14d3827cc322d7658d7c837caf9","kit:messi:psg30","psg_messi_number","yes","yes","yes","yes","Reviewed kit:messi:psg30: Which shirt number did Lionel Messi wear at Paris Saint-Germain? Answer: 30. Arabic asks the same relation. Evidence checked in PSG: Number 30 for Leo Messi. Recognisable club or star identity, nickname, major event or basic competition knowledge."
"021","7ea8ec3f25f0738d694fd50e77caf3f70e7325d2551e9829960e2ec68cd4c097","identity:pauleta:azoreseagle","psg_pauleta_nickname","yes","yes","yes","yes","Reviewed identity:pauleta:azoreseagle: Which Portuguese Paris striker is known as the Eagle of the Azores? Answer: Pedro Pauleta. Arabic asks the same relation. Evidence checked in PSG: Reissued 2004–2005 jersey. Recognisable club or star identity, nickname, major event or basic competition knowledge."
"022","0d1996e8fbb239bc1a83c39e076e403cf363d666a53a6eda8fb636073ffeb2fa","identity:ginola:elmagnifico","psg1994","yes","yes","yes","yes","Reviewed identity:ginola:elmagnifico: Which Paris star of the 1990s did the Spanish press nickname El Magnifico? Answer: David Ginola. Arabic asks the same relation. Evidence checked in PSG: 1994 Champions Act 2. Recognisable club or star identity, nickname, major event or basic competition knowledge."
"023","e303cee5c975ae8a24fbef414f0046d4d64d4ddee5f33313dec992ef51c32cab","player:falcao:colombia","falcao_monaco","yes","yes","yes","yes","Reviewed player:falcao:colombia: What nationality is Radamel Falcao, Monaco's title-winning striker in 2017? Answer: Colombian. Arabic asks the same relation. Evidence checked in Ligue 1: Falcao's best Monaco moments. Recognisable club or star identity, nickname, major event or basic competition knowledge."
"024","34c3e5277aa27cafbc359d478c1f632bbc45bb17adf9b126e378b3c1c2761c65","player:hazard:lilleacademy","hazard_extension","yes","yes","yes","yes","Reviewed player:hazard:lilleacademy: Which French club's academy produced Eden Hazard? Answer: Lille. Arabic asks the same relation. Evidence checked in LOSC: Hazard extends to 2015. Recognisable club or star identity, nickname, major event or basic competition knowledge."
"025","80c0b3a850e813132e3cefc2067cfef6df45ae433cfc7e944c641f5574079c10","record:papin:fiveconsecutive","scoring_records","yes","yes","yes","yes","Reviewed record:papin:fiveconsecutive: Which Marseille striker led the French league scoring charts five times in a row from 1988 to 1992? Answer: Jean-Pierre Papin. Arabic asks the same relation. Evidence checked in Ligue 1: Top scorer history and records. Recognisable club or star identity, nickname, major event or basic competition knowledge."
"026","38332083228f0cc8d5ef649984fbbb54a39fd044c8bf7d2b14e1eca8563be9f8","player:yilmaz:turkey","lille2021_history","yes","yes","yes","yes","Reviewed player:yilmaz:turkey: What nationality is Burak Yilmaz, a leading striker for Lille's 2021 champions? Answer: Turkish. Arabic asks the same relation. Evidence checked in Ligue 1: Lille's 2021 title history. Recognisable club or star identity, nickname, major event or basic competition knowledge."
"027","5c6587f6c315654a3f9c044559b4c627b5f062fa3d74530e4fb62d3bca14b309","coach:marseille:2010deschamps","om_veterans","yes","yes","yes","yes","Reviewed coach:marseille:2010deschamps: Who coached Marseille to the French league title in 2010? Answer: Didier Deschamps. Arabic asks the same relation. Evidence checked in Ligue 1: Marseille's experienced recruits. Recognisable club or star identity, nickname, major event or basic competition knowledge."
"028","ecc4ca98156e4589b67df0642126c1fa30761358d2c463072e118c0faff03d22","coach:lille:2021galtier","lille2021_clinch","yes","yes","yes","yes","Reviewed coach:lille:2021galtier: Who was Lille's coach when they won the French league in 2021? Answer: Christophe Galtier. Arabic asks the same relation. Evidence checked in LOSC: Champions at Angers. Recognisable club or star identity, nickname, major event or basic competition knowledge."
"029","337a5f17c0a53307af3caa2fd889c7a0a8502705c2563b1907894fe23ff0f91b","rivalry:olympico:clubs","olympico2024","yes","yes","yes","yes","Reviewed rivalry:olympico:clubs: Which two clubs meet in France's Olympico fixture? Answer: Lyon and Marseille. Arabic asks the same relation. Evidence checked in Ligue 1: Marseille's dramatic Olympico. Recognisable club or star identity, nickname, major event or basic competition knowledge."
"030","30ef68c88d569d9fe882df1925b093feebc5063216fe27f3f3d8285f60b10c6c","scorer:benzema:2008lyon","scorers_seasons","yes","yes","yes","yes","Reviewed scorer:benzema:2008lyon: Which Lyon star topped the French league scoring charts in 2008 before later joining Real Madrid? Answer: Karim Benzema. Arabic asks the same relation. Evidence checked in Ligue 1: Historical top-scorer season table. Recognisable club or star identity, nickname, major event or basic competition knowledge."
"031","7a36eb1dc18b33696a90e37d15518bc2fbc0be580c12a5dfc60f52d7271803b3","rivalry:classique:clubs","classique_history","yes","yes","yes","yes","Reviewed rivalry:classique:clubs: Which two clubs contest the French fixture known as Le Classique? Answer: Paris Saint-Germain and Marseille. Arabic asks the same relation. Evidence checked in Ligue 1: Five defining Classiques. Recognisable club or star identity, nickname, major event or basic competition knowledge."
"032","99fc81f618efeb5d89675d88c56a72745e0e82624b5e941975f854455adfc272","rivalry:rhone:clubs","rhone_derby","yes","yes","yes","yes","Reviewed rivalry:rhone:clubs: Which club faces Lyon in the famous Rhone derby? Answer: Saint-Etienne. Arabic asks the same relation. Evidence checked in Ligue 1: Lyon–Saint Etienne Derby history. Recognisable club or star identity, nickname, major event or basic competition knowledge."
"033","37a7b36b2dd1b567dc2c0ef0a5ce19048e257e448c4a6480ce52d80bd1ab9652","legend:fontaine:reims","reims_legends","yes","yes","yes","yes","Reviewed legend:fontaine:reims: For which French club did Just Fontaine star alongside Raymond Kopa in the late 1950s? Answer: Stade de Reims. Arabic asks the same relation. Evidence checked in Stade de Reims: Club legends. Recognisable club or star identity, nickname, major event or basic competition knowledge."
"034","8328e1a70a3b3ec082e16602f50f57adc58fbf3de7354764aca28900c0facd07","player:zidane:firstleagueclub","zidane_birthday","yes","yes","yes","yes","Reviewed player:zidane:firstleagueclub: For which club did Zinedine Zidane make his French league debut? Answer: Cannes. Arabic asks the same relation. Evidence checked in Ligue 1: Zidane's birthday history. Recognisable club or star identity, nickname, major event or basic competition knowledge."
"035","c158ca51cbbf0436e3c3915b47ea8c2dada9fb288426d9eb0a5c2e6380f5a4a7","player:zidane:bordeaux1992","zidane_birthday","yes","yes","yes","yes","Reviewed player:zidane:bordeaux1992: Which French club did Zidane join from Cannes in 1992? Answer: Bordeaux. Arabic asks the same relation. Evidence checked in Ligue 1: Zidane's birthday history. Recognisable club or star identity, nickname, major event or basic competition knowledge."
"036","6f769cbbd468d56f2ca8e1cded47a9f90c7ba7bde7fb66b2ad81b866a1fe07d7","stadium:marseille:velodrome","marseille_preview","yes","yes","yes","yes","Reviewed stadium:marseille:velodrome: What is Olympique de Marseille's famous home stadium? Answer: Stade Velodrome. Arabic asks the same relation. Evidence checked in Ligue 1: Marseille 2024 preview. Recognisable club or star identity, nickname, major event or basic competition knowledge."
"037","68c7b853dc6bea9b8610acc117d732a2ffa780562c91c457efb2e5c61a0a2653","stadium:monaco:louisii","monaco_preview","yes","yes","yes","yes","Reviewed stadium:monaco:louisii: Which stadium named after a prince hosts Monaco's home matches? Answer: Stade Louis II. Arabic asks the same relation. Evidence checked in Ligue 1: Monaco 2024 preview. Recognisable club or star identity, nickname, major event or basic competition knowledge."
"038","0d6e0c0bcd0370b00097d02b89e670507845fd371d4314779b9a69fbef0e6c53","identity:nice:liveeagle","nice_mefi","yes","yes","yes","yes","Reviewed identity:nice:liveeagle: Which bird flies around Nice's stadium before their home matches? Answer: An eagle. Arabic asks the same relation. Evidence checked in OGC Nice: Mefi. Recognisable club or star identity, nickname, major event or basic competition knowledge."
"039","d3ad59983f6dfedc04df55ce1aa30c7a49ea05a298268700002cf1987192c916","identity:tamari:firstjordanian","tamari_ambassador","yes","yes","yes","yes","Reviewed identity:tamari:firstjordanian: Who was the first Jordanian player to appear in the French league? Answer: Mousa Al-Taamari. Arabic asks the same relation. Evidence checked in Montpellier: Tamari the ambassador. Recognisable club or star identity, nickname, major event or basic competition knowledge."
"040","f7341049ad08f83e5d60152d39e6683ace2abf56ec44efa233ac73701e2582a6","identity:cavani:matador","cavani_retrospective","yes","yes","yes","yes","Reviewed identity:cavani:matador: Which Uruguayan striker starred for Paris and was known as El Matador? Answer: Edinson Cavani. Arabic asks the same relation. Evidence checked in Ligue 1: Cavani the Matador. Recognisable club or star identity, nickname, major event or basic competition knowledge."
"041","cdf119769c5cd8a0f3f123cf73a0cf55ae921d5c73ca9992088a7d938cc543f5","match:lyonom:2009score","big_scores","yes","yes","yes","yes","Reviewed match:lyonom:2009score: What was the score in Lyon and Marseille's famous league draw in 2009? Answer: 5–5. Arabic asks the same relation. Evidence checked in Ligue 1: Largest scorelines. Recognisable club or star identity, nickname, major event or basic competition knowledge."
"042","a3841e074073e1adad147e6fb51ceb17e4c1138165f6ab45b2e914de77470328","family:ayew:abedifather","football_families","yes","yes","yes","yes","Reviewed family:ayew:abedifather: Which Marseille legend is the father of Andre and Jordan Ayew? Answer: Abedi Pele. Arabic asks the same relation. Evidence checked in Ligue 1: Football families. Recognisable club or star identity, nickname, major event or basic competition knowledge."
"043","7a1baee48fad228e9782ca8314cb77da9868c4fb8cc38748deca4b13878f5a1a","family:thuram:lilianfather","football_families","yes","yes","yes","yes","Reviewed family:thuram:lilianfather: Marcus and Khephren Thuram are the sons of which French defender who played for Monaco? Answer: Lilian Thuram. Arabic asks the same relation. Evidence checked in Ligue 1: Football families. Recognisable club or star identity, nickname, major event or basic competition knowledge."
"044","9573561c8b420a4018322741ef47bccbead38bd2693a789a066245250e7ee45b","identity:brest:pirates","brest_preview","yes","yes","yes","yes","Reviewed identity:brest:pirates: Which Brittany club is nicknamed the Pirates? Answer: Brest. Arabic asks the same relation. Evidence checked in Ligue 1: Brest 2024 preview. Recognisable club or star identity, nickname, major event or basic competition knowledge."
"045","d8a8cae78742581aee2e6d1290a2bba3f0cf4ee581a1af23a3cd5f0c187971e3","coach:marseille:bielsa2014","om_coaches","yes","yes","yes","yes","Reviewed coach:marseille:bielsa2014: Which Argentine coach took charge of Marseille in 2014? Answer: Marcelo Bielsa. Arabic asks the same relation. Evidence checked in Ligue 1: Marseille's historical coaches. Recognisable club or star identity, nickname, major event or basic competition knowledge."
"046","0e71173ac6c26b19267e12ebdf7e830accdc9d5090a6815fccff874cf88eae8d","player:lehavre:koukaegypt","lehavre_winter","yes","yes","yes","yes","Reviewed player:lehavre:koukaegypt: What nationality is Ahmed Hassan Kouka, who joined Le Havre in 2025? Answer: Egyptian. Arabic asks the same relation. Evidence checked in Ligue 1: Le Havre winter signings. Recognisable club or star identity, nickname, major event or basic competition knowledge."
"047","1a16e9db0628eedf6b23504e71e16b14607d131313d6870ed379125b7caf824f","player:klinsmann:monacoclub","germans_history","yes","yes","yes","yes","Reviewed player:klinsmann:monacoclub: For which French club did Jurgen Klinsmann play between Inter Milan and Tottenham? Answer: Monaco. Arabic asks the same relation. Evidence checked in Ligue 1: German players in France. Recognisable club or star identity, nickname, major event or basic competition knowledge."
"048","6a8c9f402a7f9870be46a4ff7384f09d51adc95211cedbe6ce09a0aef01a7a74","player:voller:marseilleclub","germans_history","yes","yes","yes","yes","Reviewed player:voller:marseilleclub: For which French club did Rudi Voller play after leaving Roma in 1992? Answer: Marseille. Arabic asks the same relation. Evidence checked in Ligue 1: German players in France. Recognisable club or star identity, nickname, major event or basic competition knowledge."
"049","0ecf2b7a92e4766eec6cd3461f3c167f1db1d0a96159c02ddca5e861cf535f67","competition:supercup:identity","trophy_hosts","yes","yes","yes","yes","Reviewed competition:supercup:identity: What is the name of the French Super Cup match between the league champion and the French Cup winner? Answer: Trophee des Champions. Arabic asks the same relation. Evidence checked in Ligue 1: Super Cup host history. Recognisable club or star identity, nickname, major event or basic competition knowledge."
"050","539725b2f6158a80a10299b157e941fbaa233a92a5bdd22ee281f65a4a53d255","competition:supercup:2025city","trophy_hosts","yes","yes","yes","yes","Reviewed competition:supercup:2025city: Which Gulf city hosted the French Trophee des Champions match on 5 January 2025? Answer: Doha. Arabic asks the same relation. Evidence checked in Ligue 1: Super Cup host history. Recognisable club or star identity, nickname, major event or basic competition knowledge."
"051","ef51b1e24831378a45e359defa5ed6dae7423db34d695c975ef76b5da878ea37","competition:ligue1:formername","east_derby","yes","yes","yes","yes","Reviewed competition:ligue1:formername: What was the French top division called before it was renamed Ligue 1 in 2002? Answer: Division 1. Arabic asks the same relation. Evidence checked in Ligue 1: Eastern derby history. Recognisable club or star identity, nickname, major event or basic competition knowledge."
"052","b2eb92382aa03ca82725575165165fa3b529ff44f6ddff18d0500fc792afca0f","competition:ligue1:2023teams","league_size","yes","yes","yes","yes","Reviewed competition:ligue1:2023teams: How many clubs compete in Ligue 1 from the 2023–2024 season onward? Answer: 18 clubs. Arabic asks the same relation. Evidence checked in Ligue 1: 2025 scoring review. Recognisable club or star identity, nickname, major event or basic competition knowledge."
"053","a7beca3f88b6dc83988e9db8171a05931bf0de14041a55701a724f23fbfc47e2","player:doue:rennesorigin","unfp2025","yes","yes","yes","yes","Reviewed player:doue:rennesorigin: From which French club did Desire Doue join Paris Saint-Germain in summer 2024? Answer: Rennes. Arabic asks the same relation. Evidence checked in Ligue 1: 2025 UNFP team awards. Recognisable club or star identity, nickname, major event or basic competition knowledge."
"054","8cbcbba15f4335cd93fdfcb7d0945a92333898da076a4ccfd695dc461c88c94b","coach:wenger:1988title","wenger_france","yes","yes","yes","yes","Reviewed coach:wenger:1988title: With which club did Arsene Wenger win the French league title in 1988? Answer: Monaco. Arabic asks the same relation. Evidence checked in Ligue 1: Wenger career. Recognisable club or star identity, nickname, major event or basic competition knowledge."
"055","5c155757c3c4974b03013cded15f0a02ab09f45d5669434a6b43090ef3dffe2f","player:weah:firsteuropeanclub","weah_monaco","yes","yes","yes","yes","Reviewed player:weah:firsteuropeanclub: What was George Weah's first European club when he arrived in France in 1988? Answer: Monaco. Arabic asks the same relation. Evidence checked in AS Monaco: George Weah profile. Recognisable club or star identity, nickname, major event or basic competition knowledge."
"056","29011c7044a0dc7fa4dc6d5d1de80ca42b68a9ee6bd6afdafc62fcbeccd44fc8","club:lorient:nickname","lorient_identity","yes","yes","yes","yes","Reviewed club:lorient:nickname: Which French club is nicknamed Les Merlus, meaning the hake? Answer: Lorient. Arabic asks the same relation. Evidence checked in FC Lorient: Captain's armband heritage. Recognisable club or star identity, nickname, major event or basic competition knowledge."
"057","71852b3cbabf53263262341bfae71cb0e2aca21858bf4d7aeca69de4bb41d89c","coach:roux:legendclub","auxerre_history","yes","yes","yes","yes","Reviewed coach:roux:legendclub: Which French club is associated with Guy Roux's long managerial career? Answer: Auxerre. Arabic asks the same relation. Evidence checked in Ligue 1: Auxerre history. Recognisable club or star identity, nickname, major event or basic competition knowledge."
"058","e0057ff928fc2391a83e3816c4fea4c09d1f5ec5c99d92838e0f60bb57669ec3","player:camavinga:2019rennes","camavinga_rennes","yes","yes","yes","yes","Reviewed player:camavinga:2019rennes: With which club did sixteen-year-old Eduardo Camavinga star against Paris Saint-Germain in August 2019? Answer: Rennes. Arabic asks the same relation. Evidence checked in Stade Rennais: Camavinga man of match. Recognisable club or star identity, nickname, major event or basic competition knowledge."
"059","7156e119ed98015b2224ba882159026c3742dd51386409e96efd234b9928f894","stadium:reims:delaune","reims_preview","yes","yes","yes","yes","Reviewed stadium:reims:delaune: What is Stade de Reims's home ground called? Answer: Stade Auguste Delaune. Arabic asks the same relation. Evidence checked in Ligue 1: Reims 2024 preview. Recognisable club or star identity, nickname, major event or basic competition knowledge."
"060","1aff93aa245fc651a25a6bc8cb08160408d38bcbd5d79f07c6ce1d6d72514a1e","player:salifkeita:nationality","foreign_scorers","yes","yes","yes","yes","Reviewed player:salifkeita:nationality: Which African country did historic Saint-Etienne star Salif Keita represent? Answer: Mali. Arabic asks the same relation. Evidence checked in Ligue 1: Foreign scoring legends. Recognisable club or star identity, nickname, major event or basic competition knowledge."
"061","cb1c4d2b3c1aaa618fcaa332f91a04a01a0f538a9f84e282d05501f527bbc0c2","coach:luisenrique:2025award","coach_awards","yes","yes","yes","yes","Reviewed coach:luisenrique:2025award: Which Spanish Paris Saint-Germain coach won Ligue 1 Coach of the Year in 2025? Answer: Luis Enrique. Arabic asks the same relation. Evidence checked in Ligue 1: UNFP coaching awards. Recognisable club or star identity, nickname, major event or basic competition knowledge."
"062","d1f91454d0dd68bc12648a328e87b1d8589cc54dc58b3576fbaa6162a8cf50b1","player:balotelli:2016niceclub","balotelli_nice","yes","yes","yes","yes","Reviewed player:balotelli:2016niceclub: Which French club did Mario Balotelli join in 2016 after his spell at Liverpool? Answer: Nice. Arabic asks the same relation. Evidence checked in Ligue 1: Career revivals. Recognisable club or star identity, nickname, major event or basic competition knowledge."
"063","adf90872827d846a751ba11b6b48e3be5846de35f65b3aa190a70f0c5c6e85ac","match:fekir:2017shirtcelebration","fekir_derby","yes","yes","yes","yes","Reviewed match:fekir:2017shirtcelebration: Which Lyon captain held up his shirt toward Saint-Etienne fans after scoring in the November 2017 derby? Answer: Nabil Fekir. Arabic asks the same relation. Evidence checked in Ligue 1: Fekir birthday profile. Recognisable club or star identity, nickname, major event or basic competition knowledge."
"064","938ac8b8b2ffc2044c802a9b6cfad75b8d3d6e1fdd7afa73a78f3be92e9ad159","player:lille:2021goalkeeper","lille2021_history","yes","yes","yes","yes","Reviewed player:lille:2021goalkeeper: Who was Lille's first-choice goalkeeper in their 2020–2021 French league title season? Answer: Mike Maignan. Arabic asks the same relation. Evidence checked in Ligue 1: Lille's 2021 title history. Recognisable club or star identity, nickname, major event or basic competition knowledge."
"065","7050c3b6cce6c93db6c9bf61312ae142d301eea249a8f4923e1abf70fee281fa","player:marquinhos:2025captain","unfp2025","yes","yes","yes","yes","Reviewed player:marquinhos:2025captain: Which Brazilian defender captained Paris Saint-Germain in the 2024–2025 season? Answer: Marquinhos. Arabic asks the same relation. Evidence checked in Ligue 1: 2025 UNFP team awards. Recognisable club or star identity, nickname, major event or basic competition knowledge."
"066","fbeee11a6552c97303f25d71d59f9fd047eee3f4aae8eb05635aacffdee875ae","record:niang:2010topscorer","niang_history","yes","yes","yes","yes","Reviewed record:niang:2010topscorer: Which Senegalese Marseille striker finished 2009–2010 as the French league's top scorer? Answer: Mamadou Niang. Arabic asks the same relation. Evidence checked in Ligue 1: Mamadou Niang history. Recognisable club or star identity, nickname, major event or basic competition knowledge."
"067","cb1eca5e6b87b7c6e7f3f3764113c4523e39a37711b39e29c839f88c3e30937a","player:edmilson:2004destination","lyon_brazilians","yes","yes","yes","yes","Reviewed player:edmilson:2004destination: Which Spanish club did Edmilson join after four years at Lyon? Answer: Barcelona. Arabic asks the same relation. Evidence checked in UEFA: Lyon's greatest Brazilian players. Recognisable club or star identity, nickname, major event or basic competition knowledge."
"068","cf12a660cdfb41c970314ec65c359ab5b28bf1c72794880681f09e1edb61e873","player:pacho:2024origin","unfp2025","yes","yes","yes","yes","Reviewed player:pacho:2024origin: From which German club did Paris Saint-Germain sign defender Willian Pacho in summer 2024? Answer: Eintracht Frankfurt. Arabic asks the same relation. Evidence checked in Ligue 1: 2025 UNFP team awards. Recognisable club or star identity, nickname, major event or basic competition knowledge."
"069","2d3833853bb0ac4ba26528b6aa6d461f5d5ee0484ebb7389a033d5898e9d2230","history:asse:firsttentitles","first_champion","yes","yes","yes","yes","Reviewed history:asse:firsttentitles: Which club became the first to win ten French league titles when crowned in 1981? Answer: Saint-Etienne. Arabic asks the same relation. Evidence checked in Ligue 1: French championship honours. Requires league-specific knowledge of a transfer, award, venue, derby or notable season."
"070","0580499e71b4d7d497a89fe8f10ad21853f651880b39fb5ca488f887c44e9cfb","stadium:lens:bollaert","lens_preview","yes","yes","yes","yes","Reviewed stadium:lens:bollaert: What is Lens's home ground, one of northern France's best-known stadiums? Answer: Bollaert-Delelis. Arabic asks the same relation. Evidence checked in Ligue 1: Lens 2024/25 preview. Requires league-specific knowledge of a transfer, award, venue, derby or notable season."
"071","c919ec786a32c8f0bfb0d1d8803c4cc9860019c6acf250a81bbe6a9b016198f5","history:lyon:aulaspresident","lyon_dynasty","yes","yes","yes","yes","Reviewed history:lyon:aulaspresident: Which Lyon president is associated with their seven consecutive league titles? Answer: Jean-Michel Aulas. Arabic asks the same relation. Evidence checked in Ligue 1: Lyon under Aulas. Requires league-specific knowledge of a transfer, award, venue, derby or notable season."
"072","2f2af8d9bac3aeda2c602f65621c6e5ec02a4db15d614454d91f42421caf0ba7","coach:batteux:eighttitles","coaches_history","yes","yes","yes","yes","Reviewed coach:batteux:eighttitles: Which coach won eight French league titles with Reims and Saint-Etienne? Answer: Albert Batteux. Arabic asks the same relation. Evidence checked in Ligue 1: Championship-winning coaches. Requires league-specific knowledge of a transfer, award, venue, derby or notable season."
"073","2f38dc848e6586f0b087b973ca38b948a7703903b2e9b23cfcf889ae84383695","record:skoblar:44season","skoblar44","yes","yes","yes","yes","Reviewed record:skoblar:44season: Which Marseille striker scored 44 goals in the 1970/71 French league season? Answer: Josip Skoblar. Arabic asks the same relation. Evidence checked in Ligue 1: Foreign scoring legends. Requires league-specific knowledge of a transfer, award, venue, derby or notable season."
"074","89c85b7935fe6c8d46d642832ac8a3904bb4abc86cef57a6fe3926d2f4a74f34","record:landreau:appearances","landreau_record","yes","yes","yes","yes","Reviewed record:landreau:appearances: Which goalkeeper for Nantes, Paris, Lille and Bastia leads the French top flight's all-time appearance list? Answer: Mickael Landreau. Arabic asks the same relation. Evidence checked in Ligue 1: Most league appearances. Requires league-specific knowledge of a transfer, award, venue, derby or notable season."
"075","4b1bcd300a809274ffe8fd6cca3f8df389a59f0654275b1a38ba1b5f0a71614d","stadium:nantes:beaujoire","beaujoire_history","yes","yes","yes","yes","Reviewed stadium:nantes:beaujoire: What is Nantes's stadium, opened in 1984 and known for its Canaries supporters' atmosphere, called? Answer: La Beaujoire. Arabic asks the same relation. Evidence checked in FC Nantes: Forty years of Beaujoire. Requires league-specific knowledge of a transfer, award, venue, derby or notable season."
"076","661d17e62b9cc9fdd8d3ad19029af3d208187350e8acb637fb488dfd72d0ea9f","stadium:rennes:roazhon","rennes_preview","yes","yes","yes","yes","Reviewed stadium:rennes:roazhon: What is the name of the stadium where Rennes play their home matches? Answer: Roazhon Park. Arabic asks the same relation. Evidence checked in Ligue 1: Rennes 2024/25 preview. Requires league-specific knowledge of a transfer, award, venue, derby or notable season."
"077","03e883510d63d649fe489af3509d5e5f1e767795cf685559a91dbc1d1507377b","coach:brest2024:roy","coach_awards","yes","yes","yes","yes","Reviewed coach:brest2024:roy: Which Brest coach won the French league's best-coach award in 2024? Answer: Eric Roy. Arabic asks the same relation. Evidence checked in Ligue 1: UNFP coaching awards. Requires league-specific knowledge of a transfer, award, venue, derby or notable season."
"078","426d675c51b32eecf0b0502c5110b87afb41d3392f97355b5c983eeba576531d","attack:monaco2017:portuguesepair","monaco_portuguese","yes","yes","yes","yes","Reviewed attack:monaco2017:portuguesepair: Which two prominent Portuguese midfielders played for Monaco's 2017 league champions? Answer: Joao Moutinho and Bernardo Silva. Arabic asks the same relation. Evidence checked in Ligue 1: Portuguese players in France. Requires league-specific knowledge of a transfer, award, venue, derby or notable season."
"079","c2151c9b684f74340ce5ae3753bee935d7bb1079a027453bc2e498a7bf9772b3","stadium:nantes:formerhome","beaujoire_history","yes","yes","yes","yes","Reviewed stadium:nantes:formerhome: What was Nantes's former stadium before moving to La Beaujoire? Answer: Marcel Saupin. Arabic asks the same relation. Evidence checked in FC Nantes: Forty years of Beaujoire. Requires league-specific knowledge of a transfer, award, venue, derby or notable season."
"080","dbbe24c1fc8345468865f4c2bba426ba87d5b2f20af29ca43ac283eecfc92e45","coach:nantes2022:cup","nantes_preview","yes","yes","yes","yes","Reviewed coach:nantes2022:cup: Which coach led Nantes to the French Cup in 2022? Answer: Antoine Kombouare. Arabic asks the same relation. Evidence checked in Ligue 1: Nantes 2024/25 preview. Requires league-specific knowledge of a transfer, award, venue, derby or notable season."
"081","fa773e3429edd9f34f1aa29194be47503363a0cc833bca389e64a324aedf60f4","stadium:asse:geoffroy","asse_preview","yes","yes","yes","yes","Reviewed stadium:asse:geoffroy: What is the name of Saint-Etienne's famous stadium? Answer: Geoffroy-Guichard. Arabic asks the same relation. Evidence checked in Ligue 1: Saint Etienne 2024/25 preview. Requires league-specific knowledge of a transfer, award, venue, derby or notable season."
"082","397ba06bac7062e7dc6cbdb13d27decf6785ce96f6ba38088a9802cdf7528ef3","stadium:nice:riviera","nice_stadium","yes","yes","yes","yes","Reviewed stadium:nice:riviera: What is the name of Nice's stadium, opened in 2013? Answer: Allianz Riviera. Arabic asks the same relation. Evidence checked in OGC Nice: Allianz Riviera. Requires league-specific knowledge of a transfer, award, venue, derby or notable season."
"083","9f261e19abe861c3b70a9f9be568f0d3215a6930dff6063a2d54ae9fd374145d","stadium:strasbourg:meinau","strasbourg_preview","yes","yes","yes","yes","Reviewed stadium:strasbourg:meinau: What is the name of Strasbourg's historic stadium? Answer: La Meinau. Arabic asks the same relation. Evidence checked in Ligue 1: Strasbourg 2024/25 preview. Requires league-specific knowledge of a transfer, award, venue, derby or notable season."
"084","478205dc021088ae6f09b0066bd997ba75d70a1ba84f865d3ddb44fa3924a328","coach:strasbourg2024:rosenior","strasbourg_preview","yes","yes","yes","yes","Reviewed coach:strasbourg2024:rosenior: Which English coach succeeded Patrick Vieira at Strasbourg in 2024? Answer: Liam Rosenior. Arabic asks the same relation. Evidence checked in Ligue 1: Strasbourg 2024/25 preview. Requires league-specific knowledge of a transfer, award, venue, derby or notable season."
"085","7cf912ebe069a9d9a0dea7c18c7e5d6d0b750de6e604e08681c4931f670e81c8","kit:psg:hechterdesigner","psg_hechter","yes","yes","yes","yes","Reviewed kit:psg:hechterdesigner: Which fashion designer and Paris president designed the club's iconic shirt? Answer: Daniel Hechter. Arabic asks the same relation. Evidence checked in Paris Saint Germain: Fifty years at the Parc. Requires league-specific knowledge of a transfer, award, venue, derby or notable season."
"086","bedee37bc5da72b2dc4a968778f9b13433a7357cbc9db6426b311c9062c623a8","record:psg:dimariaassists2021","psg_dimaria","yes","yes","yes","yes","Reviewed record:psg:dimariaassists2021: Who surpassed Safet Susic to become Paris's leading assist provider during the 2021 French Cup final? Answer: Angel Di Maria. Arabic asks the same relation. Evidence checked in Paris Saint Germain: Di Maria's seven seasons. Requires league-specific knowledge of a transfer, award, venue, derby or notable season."
"087","185ab80df598aceecc8754e3d563a90a8fd22a47eac721a0809adfc650043296","history:psg:mergerclubs","psg_foundation","yes","yes","yes","yes","Reviewed history:psg:mergerclubs: Which two clubs merged to form Paris Saint-Germain in 1970? Answer: Paris FC and Stade Saint-Germain. Arabic asks the same relation. Evidence checked in Paris Saint Germain: 48th birthday history. Requires league-specific knowledge of a transfer, award, venue, derby or notable season."
"088","e1590611fa9b969b3b9bf3d2c43776a1b30bbd0420b6d38a7428e2e4ed8d7c1b","coach:psg:1994jorge","psg_jorge","yes","yes","yes","yes","Reviewed coach:psg:1994jorge: Which Portuguese coach led Paris Saint-Germain to the French league title in 1994? Answer: Artur Jorge. Arabic asks the same relation. Evidence checked in PSG: Artur Jorge obituary. Requires league-specific knowledge of a transfer, award, venue, derby or notable season."
"089","82d142edfeba4a60cafd8343c029e52f9890353e4038223937a764e00788f490","record:mbappe:sixgoldenboots2024","scoring_records","yes","yes","yes","yes","Reviewed record:mbappe:sixgoldenboots2024: How many consecutive French league top-scorer titles did Mbappe win from 2019 through 2024? Answer: Six. Arabic asks the same relation. Evidence checked in Ligue 1: Top scorer history and records. Requires league-specific knowledge of a transfer, award, venue, derby or notable season."
"090","51e1a81ee5b1870b0a92475eca265f542eee74692a3ecb617098c044af78b46d","history:monaco:1963double","monaco_birthday","yes","yes","yes","yes","Reviewed history:monaco:1963double: In which year did Monaco first win the French league and Cup double? Answer: 1963. Arabic asks the same relation. Evidence checked in Ligue 1: Monaco anniversary history. Requires league-specific knowledge of a transfer, award, venue, derby or notable season."
"091","eee8ab63e201d52c2d057ff3491b3e84c914664515f7ccbc8119bb4cb3c2802a","match:montpellier:2012utakadouble","utaka_profile","yes","yes","yes","yes","Reviewed match:montpellier:2012utakadouble: Who scored both Montpellier goals against Auxerre in the match that clinched the 2012 league title? Answer: John Utaka. Arabic asks the same relation. Evidence checked in Montpellier: John Utaka profile. Requires league-specific knowledge of a transfer, award, venue, derby or notable season."
"092","8fd66ea0a0f6f3988314544f0f76438739a10b83e30261474b38fff552cdd887","coach:beye:2025rennes","beye_appointment","yes","yes","yes","yes","Reviewed coach:beye:2025rennes: Which coach replaced Jorge Sampaoli at Rennes in January 2025? Answer: Habib Beye. Arabic asks the same relation. Evidence checked in Ligue 1: January 2025 coaches. Requires league-specific knowledge of a transfer, award, venue, derby or notable season."
"093","0ef19c4b517cf3f5babc1b730494feee31d32a5f20ea68db5b3aab195a09f912","player:lille:2021defensivepair","lille2021_history","yes","yes","yes","yes","Reviewed player:lille:2021defensivepair: Which Portuguese and Dutch pair formed Lille's central defence in their 2021 title season? Answer: Jose Fonte and Sven Botman. Arabic asks the same relation. Evidence checked in Ligue 1: Lille's 2021 title history. Requires league-specific knowledge of a transfer, award, venue, derby or notable season."
"094","2abb1d6ed0cecb9636e7c4655255d166ae375c506498b8296d19da28e58ada97","player:rafael:2015origin","lyon_brazilians","yes","yes","yes","yes","Reviewed player:rafael:2015origin: From which English club did right-back Rafael join Lyon in 2015? Answer: Manchester United. Arabic asks the same relation. Evidence checked in UEFA: Lyon's greatest Brazilian players. Requires league-specific knowledge of a transfer, award, venue, derby or notable season."
"095","7608c4300d7b7d980debaaa6120004aa60e3978b15cd75375fa40f757052e319","scorer:lacazette:2015","lacazette_retrospective","yes","yes","yes","yes","Reviewed scorer:lacazette:2015: Which Lyon striker finished 2014–2015 as the French league's top scorer with 27 goals? Answer: Alexandre Lacazette. Arabic asks the same relation. Evidence checked in Ligue 1: Lacazette returns. Requires league-specific knowledge of a transfer, award, venue, derby or notable season."
"096","5c5d1d37afe71086653f89add024eb2edb797efc57a61e2968fa4a97b084e2d9","rivalry:corsica:clubs","corsican_derby","yes","yes","yes","yes","Reviewed rivalry:corsica:clubs: Which two clubs contest the best-known Corsican derby? Answer: AC Ajaccio and SC Bastia. Arabic asks the same relation. Evidence checked in Ligue 1: Anziani on the Corsican derby. Requires league-specific knowledge of a transfer, award, venue, derby or notable season."
"097","22e20b263954480a38a39ab326231799b2b4d3465f81f447e54a0b2cf143e344","coach:nantes:1995suaudeau","nantes1995","yes","yes","yes","yes","Reviewed coach:nantes:1995suaudeau: Who coached Nantes in their famous 1995 title season, which began with 32 unbeaten matches? Answer: Jean-Claude Suaudeau. Arabic asks the same relation. Evidence checked in FC Nantes: Dites 33 history. Requires league-specific knowledge of a transfer, award, venue, derby or notable season."
"098","6ab06e52b958a46bb892956291d483e478573bb2e6d3e1c013c132ee5a4808ba","match:classique:2020thauvin","classique_history","yes","yes","yes","yes","Reviewed match:classique:2020thauvin: Who scored Marseille's only goal in their league win over Paris in September 2020? Answer: Florian Thauvin. Arabic asks the same relation. Evidence checked in Ligue 1: Five defining Classiques. Requires league-specific knowledge of a transfer, award, venue, derby or notable season."
"099","e1f7a9a26a16970a0011463e6e31c38611e969c30b2d88c5c94230bfdb6a6fc5","match:classique:2002ronaldinho","classique_history","yes","yes","yes","yes","Reviewed match:classique:2002ronaldinho: Which Brazilian star scored twice for Paris in their 3–0 league win over Marseille in 2002? Answer: Ronaldinho. Arabic asks the same relation. Evidence checked in Ligue 1: Five defining Classiques. Requires league-specific knowledge of a transfer, award, venue, derby or notable season."
"100","b590af4c12dc39e67cc54cb944c0f719bafede2fbc35dc02316088bf9125e845","legend:kopa:napoleon","reims_legends","yes","yes","yes","yes","Reviewed legend:kopa:napoleon: Which Stade de Reims legend was known as the Napoleon of football? Answer: Raymond Kopa. Arabic asks the same relation. Evidence checked in Stade de Reims: Club legends. Requires league-specific knowledge of a transfer, award, venue, derby or notable season."
"101","e2417b5dfb2c056ba042f81d1a65016809783cbb42b5deedcf17b48e859dc395","coach:lens:1998leclercq","lens_champions","yes","yes","yes","yes","Reviewed coach:lens:1998leclercq: Which Lens coach led them to the 1998 league title and was nicknamed the Druid? Answer: Daniel Leclercq. Arabic asks the same relation. Evidence checked in RC Lens: 1998 Champions. Requires league-specific knowledge of a transfer, award, venue, derby or notable season."
"102","33fd73be2482f682e7a96053a5334d1518fd3e455c8baee28aaf993462ab5f20","coach:bordeaux:jacquetthree","jacquet_birthday","yes","yes","yes","yes","Reviewed coach:bordeaux:jacquetthree: Which Bordeaux coach won three league titles in 1984, 1985 and 1987? Answer: Aime Jacquet. Arabic asks the same relation. Evidence checked in Bordeaux: Aime Jacquet birthday. Requires league-specific knowledge of a transfer, award, venue, derby or notable season."
"103","db4fe4734ea4966112db7b8d8e74b8c1541ddc6f8f1faa9fb6007cfb4deba8fb","scorer:gignac:toulouse2009","gignac_retrospective","yes","yes","yes","yes","Reviewed scorer:gignac:toulouse2009: With which club did Andre-Pierre Gignac win the French league's scoring title in 2009? Answer: Toulouse. Arabic asks the same relation. Evidence checked in Ligue 1: Gignac retrospective. Requires league-specific knowledge of a transfer, award, venue, derby or notable season."
"104","129164b30c9e707f7f5c3f7a78c6bc8dbee80adbeb8a484eb9045eead69769d3","captain:bordeaux:giresse1980s","giresse_profile","yes","yes","yes","yes","Reviewed captain:bordeaux:giresse1980s: Who was Bordeaux's famous playmaker and captain during their title-winning era in the 1980s? Answer: Alain Giresse. Arabic asks the same relation. Evidence checked in Bordeaux: Alain Giresse. Requires league-specific knowledge of a transfer, award, venue, derby or notable season."
"105","1198fa26bc4575849e2589e0590227302cdd2e29730c58524da425caed947114","player:sonnyanderson:1999origin","lyon_brazilians","yes","yes","yes","yes","Reviewed player:sonnyanderson:1999origin: From which Spanish club did Lyon sign Brazilian striker Sonny Anderson in 1999? Answer: Barcelona. Arabic asks the same relation. Evidence checked in UEFA: Lyon's greatest Brazilian players. Requires league-specific knowledge of a transfer, award, venue, derby or notable season."
"106","3969e360d7f25252a3e0ae14b7646d8ad002f161b413999529d4d872d2f37b78","stadium:montpellier:mosson","montpellier_preview","yes","yes","yes","yes","Reviewed stadium:montpellier:mosson: Which Montpellier stadium is known as the home of La Paillade? Answer: Stade de la Mosson. Arabic asks the same relation. Evidence checked in Ligue 1: Montpellier 2024 preview. Requires league-specific knowledge of a transfer, award, venue, derby or notable season."
"107","95b0917a4a8a6eac72d197c5a024d7c700fd31c82a55019fc342558f48ca4ed7","stadium:nice:formeray","nice_stadium","yes","yes","yes","yes","Reviewed stadium:nice:formeray: Which old Nice ground did they leave for the Allianz Riviera in 2013? Answer: Stade du Ray. Arabic asks the same relation. Evidence checked in OGC Nice: Allianz Riviera. Requires league-specific knowledge of a transfer, award, venue, derby or notable season."
"108","24400f5dcfa144fe3d9e0d3d2e31f8d28f86c44c78ddc7327124df1f9412cef2","kit:monaco:gracedesigner","monaco_grace","yes","yes","yes","yes","Reviewed kit:monaco:gracedesigner: Which princess designed Monaco's famous red-and-white diagonal shirt? Answer: Princess Grace Kelly. Arabic asks the same relation. Evidence checked in AS Monaco: Tribute to Princess Grace. Requires league-specific knowledge of a transfer, award, venue, derby or notable season."
"109","557a2e29c1e89d80e83e2ff440865a64f722b2b9e5e1c3a9b433933f3a0f69da","player:lisandro:portoorigin","lisandro_birthday","yes","yes","yes","yes","Reviewed player:lisandro:portoorigin: From which club did Lyon sign Lisandro Lopez to strengthen their attack in 2009? Answer: Porto. Arabic asks the same relation. Evidence checked in Ligue 1: Lisandro birthday. Requires league-specific knowledge of a transfer, award, venue, derby or notable season."
"110","80fbf34733ac55c40d030dc92926dd3f28a0740512ec2ecb76761b568e773835","player:tamari:leuvenorigin","tamari_signing","yes","yes","yes","yes","Reviewed player:tamari:leuvenorigin: From which Belgian club did Mousa Al-Taamari join Montpellier in 2023? Answer: OH Leuven. Arabic asks the same relation. Evidence checked in Montpellier: Tamari signs. Requires league-specific knowledge of a transfer, award, venue, derby or notable season."
"111","6ff531e9559bfdfa1c0989af317068056f54f4554e97b26a67c82ec3806b2ec0","identity:cris:policeman","lyon_brazilians","yes","yes","yes","yes","Reviewed identity:cris:policeman: Which Brazilian Lyon defender did fans know as the Policeman? Answer: Cris. Arabic asks the same relation. Evidence checked in UEFA: Lyon's greatest Brazilian players. Requires league-specific knowledge of a transfer, award, venue, derby or notable season."
"112","d77144538f8eaeb2a835b57a4b9213d4b2312da794d9cb61fae0029c443013d6","identity:lehavre:doyen","lehavre_preview","yes","yes","yes","yes","Reviewed identity:lehavre:doyen: Which French club is known as Le Club Doyen, the elder club? Answer: Le Havre. Arabic asks the same relation. Evidence checked in Ligue 1: Le Havre 2024 preview. Requires league-specific knowledge of a transfer, award, venue, derby or notable season."
"113","86df3cb8e35379f1e0e30b074768762eb3f4d2128aee19035b0de756fc6bff6d","stadium:lorient:moustoir","lorient_centennial","yes","yes","yes","yes","Reviewed stadium:lorient:moustoir: What is the name of the stadium hosting Lorient's French league home matches? Answer: Stade du Moustoir. Arabic asks the same relation. Evidence checked in Ligue 1: Lorient centenary. Requires league-specific knowledge of a transfer, award, venue, derby or notable season."
"114","a3ee448f72d21610740362b53d3fdfb446a6d4a011f1adaa90e5578a43a18b57","stadium:brest:francisleble","brest_preview","yes","yes","yes","yes","Reviewed stadium:brest:francisleble: What is Brest's regular French league home stadium? Answer: Stade Francis-Le Ble. Arabic asks the same relation. Evidence checked in Ligue 1: Brest 2024 preview. Requires league-specific knowledge of a transfer, award, venue, derby or notable season."
"115","c49adbbc3ba606820f6c85e3cb58d2e03571bff76f4147e382c349a55a3b5290","identity:benarfa:nice2016","dribblers_history","yes","yes","yes","yes","Reviewed identity:benarfa:nice2016: For which club did Hatem Ben Arfa star in 2015–2016, recording the most successful dribbles in a season since tracking began in 2006–2007? Answer: Nice. Arabic asks the same relation. Evidence checked in Ligue 1: Historical dribbling leaders. Requires league-specific knowledge of a transfer, award, venue, derby or notable season."
"116","0a1b73a66aaee2d50a35250370755cf1d90e59bfea4852f48d6be94d0cef1cbd","match:lille:2011cupwinnergoal","double_history","yes","yes","yes","yes","Reviewed match:lille:2011cupwinnergoal: Who scored Lille's only goal against Paris in the 2011 French Cup final? Answer: Ludovic Obraniak. Arabic asks the same relation. Evidence checked in Ligue 1: Domestic double winners. Requires league-specific knowledge of a transfer, award, venue, derby or notable season."
"117","5e5f93ef31a938e8849aaa0917dbe3c0b048c4a93f100db8676865982d1bdc74","scorer:lille:sow2011","double_history","yes","yes","yes","yes","Reviewed scorer:lille:sow2011: Which Senegalese Lille striker scored 25 league goals in their 2010–2011 double-winning season? Answer: Moussa Sow. Arabic asks the same relation. Evidence checked in Ligue 1: Domestic double winners. Requires league-specific knowledge of a transfer, award, venue, derby or notable season."
"118","87dd6d431f57f3505ff1b57ff0e97b495051a59ee98333b1be06f8f7d7f2da83","player:lyon:llorisniceorigin","lloris_uefa","yes","yes","yes","yes","Reviewed player:lyon:llorisniceorigin: From which French club did goalkeeper Hugo Lloris join Lyon in 2008? Answer: Nice. Arabic asks the same relation. Evidence checked in UEFA: 2009–2010 Lyon squad profiles. Requires league-specific knowledge of a transfer, award, venue, derby or notable season."
"119","d18aad1708ebac845fdd8944f4ba087515022a7936cb9e5fde1819f0f4c212c5","player:patrickkluivert:lastclub","football_families","yes","yes","yes","yes","Reviewed player:patrickkluivert:lastclub: At which French club did Patrick Kluivert finish his professional playing career in 2008? Answer: Lille. Arabic asks the same relation. Evidence checked in Ligue 1: Football families. Requires league-specific knowledge of a transfer, award, venue, derby or notable season."
"120","183151e80403d3ff7ba8ca0efe082bc8b5f43f3c0836b83830a3d8e97b9bb3a5","record:dinallo:lyonleagueleader","dinallo_history","yes","yes","yes","yes","Reviewed record:dinallo:lyonleagueleader: Which Lyon legend, nicknamed the Little Prince of Gerland, holds the club's league scoring record? Answer: Fleury Di Nallo. Arabic asks the same relation. Evidence checked in Ligue 1: Fleury Di Nallo tribute. Requires league-specific knowledge of a transfer, award, venue, derby or notable season."
"121","cede6826586293e788bdcf2fa6b59c92ffe7627c42a0372bbcd2d7e258abe0ec","rivalry:east:clubs","east_derby","yes","yes","yes","yes","Reviewed rivalry:east:clubs: Which two clubs contest France's Derby de l'Est? Answer: Strasbourg and Metz. Arabic asks the same relation. Evidence checked in Ligue 1: Eastern derby history. Requires league-specific knowledge of a transfer, award, venue, derby or notable season."
"122","49dc989b9b00af4a579ed48205ad9fa37bf634e6fff9c54a54e3895f37e86162","match:khazri:2021longgoal","long_goals","yes","yes","yes","yes","Reviewed match:khazri:2021longgoal: Which Saint-Etienne player scored from inside his own half against Metz in October 2021? Answer: Wahbi Khazri. Arabic asks the same relation. Evidence checked in Ligue 1: Long-distance goals. Requires league-specific knowledge of a transfer, award, venue, derby or notable season."
"123","b4da5ecfa7e7b77e39d67d583d73730ade9d84084c1aa70ba128ea2ec77c97ce","competition:supercup:2014city","trophy_hosts","yes","yes","yes","yes","Reviewed competition:supercup:2014city: Which Asian city hosted the first Trophee des Champions match in Asia in 2014? Answer: Beijing. Arabic asks the same relation. Evidence checked in Ligue 1: Super Cup host history. Requires league-specific knowledge of a transfer, award, venue, derby or notable season."
"124","afb888562ec71dc99fe3afa18f9d107ed4a66f92a8862e5a66c4c38fcc30a437","award:chevalier:2025goalkeeper","unfp2025","yes","yes","yes","yes","Reviewed award:chevalier:2025goalkeeper: Which Lille goalkeeper won the Ligue 1 Goalkeeper of the Year award at the 2025 UNFP ceremony? Answer: Lucas Chevalier. Arabic asks the same relation. Evidence checked in Ligue 1: 2025 UNFP team awards. Requires league-specific knowledge of a transfer, award, venue, derby or notable season."
"125","9ca64f5e5b6150852777bc3f9ca5c0351f32bbdb42a82f6a2b9fa3460816741d","award:fofana:2022foe","fofana_award","yes","yes","yes","yes","Reviewed award:fofana:2022foe: Which Lens captain won the 2022 Marc-Vivien Foe award for the best African player in Ligue 1? Answer: Seko Fofana. Arabic asks the same relation. Evidence checked in RC Lens: Fofana wins Foe award. Requires league-specific knowledge of a transfer, award, venue, derby or notable season."
"126","2d0866b2f3f763c72bf25f4059a04a9467ba5fe966b5240a6228ae8ece9e3002","award:fekir:2015youngplayer","fekir_award","yes","yes","yes","yes","Reviewed award:fekir:2015youngplayer: Which Lyon player won the Ligue 1 Young Player of the Year award in 2015? Answer: Nabil Fekir. Arabic asks the same relation. Evidence checked in UEFA: 2015 French awards. Requires league-specific knowledge of a transfer, award, venue, derby or notable season."
"127","4abad304cda7558e0fc4df5ab0206b726f41f46725b0e43e48905fd2cee4feb7","player:bastos:2009origin","lyon_brazilians","yes","yes","yes","yes","Reviewed player:bastos:2009origin: From which French club did Michel Bastos join Lyon in summer 2009? Answer: Lille. Arabic asks the same relation. Evidence checked in UEFA: Lyon's greatest Brazilian players. Requires league-specific knowledge of a transfer, award, venue, derby or notable season."
"128","b7812a46735d17319d9688b5fb9bec1a78890505415f15e31be70929ac662c0a","coach:girard:2012title","coach_awards","yes","yes","yes","yes","Reviewed coach:girard:2012title: Which coach led Montpellier to the 2012 French league title and won Coach of the Year that season? Answer: Rene Girard. Arabic asks the same relation. Evidence checked in Ligue 1: UNFP coaching awards. Requires league-specific knowledge of a transfer, award, venue, derby or notable season."
"129","1455af0d92cc80ca21c59a5975f688601c39edf40016204886d51f0e3ddb17ec","coach:garcia:2011award","coach_awards","yes","yes","yes","yes","Reviewed coach:garcia:2011award: Which coach won Ligue 1 Coach of the Year with Lille in 2011? Answer: Rudi Garcia. Arabic asks the same relation. Evidence checked in Ligue 1: UNFP coaching awards. Requires league-specific knowledge of a transfer, award, venue, derby or notable season."
"130","c6bc554cb45408bc2d9ff208c02ada053f19ce564f15e61ccbdbcd356e56a45e","stadium:auxerre:home","auxerre_history","yes","yes","yes","yes","Reviewed stadium:auxerre:home: What is the name of Auxerre's home stadium? Answer: Stade Abbe Deschamps. Arabic asks the same relation. Evidence checked in Ligue 1: Auxerre history. Requires league-specific knowledge of a transfer, award, venue, derby or notable season."
"131","d1a4239e0c32d75e54c41366e3a6019d3446d2584416b2462d4c633027571044","transfer:santos:strasbourgloan","strasbourg_preview","yes","yes","yes","yes","Reviewed transfer:santos:strasbourgloan: From which English club did Strasbourg loan Andrey Santos in 2023/24 and 2024/25? Answer: Chelsea. Arabic asks the same relation. Evidence checked in Ligue 1: Strasbourg 2024/25 preview. Requires league-specific knowledge of a transfer, award, venue, derby or notable season."
"132","2f3e414bcb068212e6abb58abecc657af09be4fcdc4b9566a58402e166ee1e15","coach:denoueix:2001title","denoueix_title","yes","yes","yes","yes","Reviewed coach:denoueix:2001title: Which coach led Nantes to the 2001 French league title after succeeding Jean-Claude Suaudeau? Answer: Raynald Denoueix. Arabic asks the same relation. Evidence checked in UEFA: Nantes seek stability. Requires league-specific knowledge of a transfer, award, venue, derby or notable season."
"133","adaeebb68011bf902f5c5562f2870cb009de4a4823c7d7ef6bb851b08a009435","match:toulouse:2023cupscore","toulouse_final2023","yes","yes","yes","yes","Reviewed match:toulouse:2023cupscore: By what score did Toulouse beat Nantes in the 2023 French Cup final? Answer: 5–1. Arabic asks the same relation. Evidence checked in Toulouse FC: 2023 French Cup final. Requires league-specific knowledge of a transfer, award, venue, derby or notable season."
"134","d91e780e2c5f22b227f332fc70833c8a6704dc6710883e0a4169c8ccb763546b","player:payet:birthisland","payet_island","yes","yes","yes","yes","Reviewed player:payet:birthisland: On which French island was Dimitri Payet born? Answer: Reunion. Arabic asks the same relation. Evidence checked in Ligue 1: Payet at Lille and Saint-Etienne. Requires league-specific knowledge of a transfer, award, venue, derby or notable season."
"135","f2089e7165a0a1708d7b12fc3f1a61ed73b8d01c79f8eadb5c96fee8d3b8d215","player:juninho:2001origin","lyon_brazilians","yes","yes","yes","yes","Reviewed player:juninho:2001origin: From which Brazilian club did Juninho Pernambucano join Lyon? Answer: Vasco da Gama. Arabic asks the same relation. Evidence checked in UEFA: Lyon's greatest Brazilian players. Requires league-specific knowledge of a transfer, award, venue, derby or notable season."
"136","01dcebda1e4a1cfd0c894b70cc815f2d7e7a96f11e031d06c77c643af3beadc8","player:luchogonzalez:2010assists","assist_history","yes","yes","yes","yes","Reviewed player:luchogonzalez:2010assists: Which Argentine Marseille player topped the Ligue 1 assist rankings in 2009–2010? Answer: Lucho Gonzalez. Arabic asks the same relation. Evidence checked in Ligue 1: Official assist rankings history. Requires league-specific knowledge of a transfer, award, venue, derby or notable season."
"137","c2ce9884180a77879120329fa5d92d9920e9293366b7c2c8431558f90950a45f","coach:lillois1933:deveen","coaches_history","yes","yes","yes","yes","Reviewed coach:lillois1933:deveen: Which Belgian coach led Olympique Lillois to the first professional French title in 1933? Answer: Robert De Veen. Arabic asks the same relation. Evidence checked in Ligue 1: Championship-winning coaches. Requires specialist historical knowledge of a named role, decisive contribution, unusual record or lesser-known heritage fact."
"138","605d6d7c3f1451083f35e096701993a62b469211efcaed529f39016c62a94d02","match:lyon2002:opener","govou2002","yes","yes","yes","yes","Reviewed match:lyon2002:opener: Who opened the scoring for Lyon in their 3–1 win over Lens in the 2002 title decider? Answer: Sidney Govou. Arabic asks the same relation. Evidence checked in Ligue 1: Sidney Govou, big occasions. Requires specialist historical knowledge of a named role, decisive contribution, unusual record or lesser-known heritage fact."
"139","83d899ed7d36a51007f8df7f3dd8f62aeca7e88bc0d5530d421a2396338714b3","culture:lens:saintebarbe","lens_mining","yes","yes","yes","yes","Reviewed culture:lens:saintebarbe: What celebration does Lens hold on 4 December to honour its mining heritage? Answer: Sainte-Barbe. Arabic asks the same relation. Evidence checked in Ligue 1: Supporters' mining tribute. Requires specialist historical knowledge of a named role, decisive contribution, unusual record or lesser-known heritage fact."
"140","586d7d7857f7902b4ecfebcc52104e1cd04fb5751f986eb40fcad20f73dd8569","award:kostedde:1980joint","scoring_records","yes","yes","yes","yes","Reviewed award:kostedde:1980joint: Which German Laval striker shared the French league scoring title with Delio Onnis in 1979/80? Answer: Erwin Kostedde. Arabic asks the same relation. Evidence checked in Ligue 1: Top scorer history and records. Requires specialist historical knowledge of a named role, decisive contribution, unusual record or lesser-known heritage fact."
"141","648a52bb0fcad962cef55d2b73b638867d3e4eb6ad978df840975c4f1d964673","player:andre:originalposition","lille_preview","yes","yes","yes","yes","Reviewed player:andre:originalposition: In which position did Benjamin Andre begin his professional career before becoming a prominent Lille midfielder? Answer: Right-back. Arabic asks the same relation. Evidence checked in Ligue 1: Lille 2024/25 preview. Requires specialist historical knowledge of a named role, decisive contribution, unusual record or lesser-known heritage fact."
"142","a3fc94bec037be494febdfddeab30f865ccc312bce1f0a17b1b424843998c349","transfer:gourcuff2008:loanorigin","gourcuff2009","yes","yes","yes","yes","Reviewed transfer:gourcuff2008:loanorigin: From which Italian club did Bordeaux loan Yoann Gourcuff before their 2008/09 title season? Answer: AC Milan. Arabic asks the same relation. Evidence checked in Ligue 1: Players relaunched in France. Requires specialist historical knowledge of a named role, decisive contribution, unusual record or lesser-known heritage fact."
"143","9e74c99307f390fe26a76248b7a1c247409e3584488eba08ef6d391bf60a48c1","history:roubaixtourcoing1947:title","first_champion","yes","yes","yes","yes","Reviewed history:roubaixtourcoing1947:title: Which club won the French league title in 1947? Answer: CO Roubaix-Tourcoing. Arabic asks the same relation. Evidence checked in Ligue 1: French championship honours. Requires specialist historical knowledge of a named role, decisive contribution, unusual record or lesser-known heritage fact."
"144","b655c12fe205b6c8c877af5a8b6d69be3a92619104c4ae391852325ad8697e74","coach:bordeaux1950:gerard","coaches_history","yes","yes","yes","yes","Reviewed coach:bordeaux1950:gerard: Which coach led Bordeaux to their first French title in 1950? Answer: Andre Gerard. Arabic asks the same relation. Evidence checked in Ligue 1: Championship-winning coaches. Requires specialist historical knowledge of a named role, decisive contribution, unusual record or lesser-known heritage fact."
"145","e681d9ad5113bc70620ae8c27613e44b77f52f3bbbe472ce00a3125c0404cf65","stadium:nantes:fonteneaunamesake","beaujoire_history","yes","yes","yes","yes","Reviewed stadium:nantes:fonteneaunamesake: Which Nantes president's name was added to La Beaujoire to honour his role in its construction? Answer: Louis Fonteneau. Arabic asks the same relation. Evidence checked in FC Nantes: Forty years of Beaujoire. Requires specialist historical knowledge of a named role, decisive contribution, unusual record or lesser-known heritage fact."
"146","2646d594bd09bc7571a94f7c7d763be44e29ebe0ede96a57a41cce7c0f6b0bbc","match:juninho:firstleaguefreekick","juninho","yes","yes","yes","yes","Reviewed match:juninho:firstleaguefreekick: Against which club did Juninho score his first successful French league free kick in October 2001? Answer: Sochaux. Arabic asks the same relation. Evidence checked in Ligue 1: Juninho, Brazilian legend. Requires specialist historical knowledge of a named role, decisive contribution, unusual record or lesser-known heritage fact."
"147","6bbe9ffe9601aa2fc6b349c1db2cc382d9112a9ebc16a7d52baa13a31bbf06e8","award:coaches2013:shared","coach_awards","yes","yes","yes","yes","Reviewed award:coaches2013:shared: Which two coaches shared the French league best-coach award in 2013? Answer: Carlo Ancelotti and Christophe Galtier. Arabic asks the same relation. Evidence checked in Ligue 1: UNFP coaching awards. Requires specialist historical knowledge of a named role, decisive contribution, unusual record or lesser-known heritage fact."
"148","01e57afc2e1e1c9238981b9b4a129ae2f6fedaafe31513f7c099fc543b2d1b6a","coach:auxerre2010:fernandez","montpellier2012","yes","yes","yes","yes","Reviewed coach:auxerre2010:fernandez: Who led Auxerre to third place in the French league in 2009/10? Answer: Jean Fernandez. Arabic asks the same relation. Evidence checked in Ligue 1: Surprise seasons. Requires specialist historical knowledge of a named role, decisive contribution, unusual record or lesser-known heritage fact."
"149","9558858f9069b8d6ad8019a6f464ac6ebae15dfd77e33744074cd696a4df1add","coach:toulouse2023:succession","toulouse_preview","yes","yes","yes","yes","Reviewed coach:toulouse2023:succession: Who succeeded Philippe Montanier as Toulouse coach after the 2023 French Cup win? Answer: Carles Martinez Novell. Arabic asks the same relation. Evidence checked in Ligue 1: Toulouse 2024/25 preview. Requires specialist historical knowledge of a named role, decisive contribution, unusual record or lesser-known heritage fact."
"150","8de3b9f1a9f31b25f7d8ecb4337556848a67936a8a17a19e3e2c708e6ad89aeb","coach:gress:1979title","gress_history","yes","yes","yes","yes","Reviewed coach:gress:1979title: Which coach led Strasbourg to the French league title in 1978–1979? Answer: Gilbert Gress. Arabic asks the same relation. Evidence checked in Ligue 1: Strasbourg coaches. Requires specialist historical knowledge of a named role, decisive contribution, unusual record or lesser-known heritage fact."
"151","4fde73f579e04e36c9b20591dbc9b531b8cecaf39d85aededb7b93fc34ea4afb","history:psg:firstpresident","psg_foundation","yes","yes","yes","yes","Reviewed history:psg:firstpresident: Who was Paris Saint-Germain's first president at its foundation in 1970? Answer: Pierre-Etienne Guyot. Arabic asks the same relation. Evidence checked in Paris Saint Germain: 48th birthday history. Requires specialist historical knowledge of a named role, decisive contribution, unusual record or lesser-known heritage fact."
"152","63b1c42366db34ae38e0890b368beddc63f706b14cb15a1323bbfa87818b8c1c","stadium:psg:firstparc:opponent","psg_hechter","yes","yes","yes","yes","Reviewed stadium:psg:firstparc:opponent: Who faced Paris Saint-Germain in their first official match at the Parc des Princes in 1973? Answer: Red Star. Arabic asks the same relation. Evidence checked in Paris Saint Germain: Fifty years at the Parc. Requires specialist historical knowledge of a named role, decisive contribution, unusual record or lesser-known heritage fact."
"153","27501a19f8dfab4ee53000dffc812efbe3d63f21a94fb5c0f84731e237bc8595","player:dimaria:debutassistrecipient","psg_dimaria","yes","yes","yes","yes","Reviewed player:dimaria:debutassistrecipient: For whom did Di Maria provide an assist on his French league debut for Paris against Monaco? Answer: Ezequiel Lavezzi. Arabic asks the same relation. Evidence checked in Paris Saint Germain: Di Maria's seven seasons. Requires specialist historical knowledge of a named role, decisive contribution, unusual record or lesser-known heritage fact."
"154","8995b9ea6c653c47c4b184307ededdffab55640f408efbd78ffd3fabcfe1c249","player:hazard:debutopponent","hazard_extension","yes","yes","yes","yes","Reviewed player:hazard:debutopponent: Against which club did Eden Hazard make his French league debut for Lille in 2007? Answer: Nancy. Arabic asks the same relation. Evidence checked in LOSC: Hazard extends to 2015. Requires specialist historical knowledge of a named role, decisive contribution, unusual record or lesser-known heritage fact."
"155","ee6487eb42af2bec34a2352e043fe5e4a070a3f726941075d1a44f429a81c65e","match:lille:2021titleassist","lille2021_clinch","yes","yes","yes","yes","Reviewed match:lille:2021titleassist: Who assisted Jonathan David's opening goal in Lille's title-clinching match at Angers in May 2021? Answer: Renato Sanches. Arabic asks the same relation. Evidence checked in LOSC: Champions at Angers. Requires specialist historical knowledge of a named role, decisive contribution, unusual record or lesser-known heritage fact."
"156","4b264ccf58fcee30f047d0ca997d4da2db68029278c0d68bb49ac9cec1e891fa","match:auxerre:2012kapoopener","mhsc_auxerre_history","yes","yes","yes","yes","Reviewed match:auxerre:2012kapoopener: Who scored Auxerre's opener in Montpellier's title-clinching final-round match in 2012? Answer: Olivier Kapo. Arabic asks the same relation. Evidence checked in Montpellier: Shared history with Auxerre. Requires specialist historical knowledge of a named role, decisive contribution, unusual record or lesser-known heritage fact."
"157","bf37eccaff754b36bf8734da733a58663c2ad917a23de8295e08128dc0434b05","youth:auxerre:1985cantonahat","mhsc_auxerre_history","yes","yes","yes","yes","Reviewed youth:auxerre:1985cantonahat: Who scored Auxerre's hat-trick against Montpellier in the 1985 Gambardella youth Cup final? Answer: Eric Cantona. Arabic asks the same relation. Evidence checked in Montpellier: Shared history with Auxerre. Requires specialist historical knowledge of a named role, decisive contribution, unusual record or lesser-known heritage fact."
"158","9b3e1e277603c18744d39dc133168563ee11168e7359f403e0823abc9c261637","match:rowe:2024olympicowinner","olympico2024","yes","yes","yes","yes","Reviewed match:rowe:2024olympicowinner: Who scored Marseille's stoppage-time winner at Lyon in September 2024 despite his side playing with ten men? Answer: Jonathan Rowe. Arabic asks the same relation. Evidence checked in Ligue 1: Marseille's dramatic Olympico. Requires specialist historical knowledge of a named role, decisive contribution, unusual record or lesser-known heritage fact."
"159","96a1bc0f17ad73d8631d35ad236878e4a113da52f59cf7f03d2f8311d05a60e5","match:nantes:1995onlydefeat","nantes1995","yes","yes","yes","yes","Reviewed match:nantes:1995onlydefeat: Which club inflicted Nantes's only league defeat during their 1994–1995 title season? Answer: Strasbourg. Arabic asks the same relation. Evidence checked in FC Nantes: Dites 33 history. Requires specialist historical knowledge of a named role, decisive contribution, unusual record or lesser-known heritage fact."
"160","4297efe8846f5fee0ccd25e71139b335e9a3ca7a8c1e878957e0dccb1c0b319f","scorer:kaisermercier:1933","scoring_records","yes","yes","yes","yes","Reviewed scorer:kaisermercier:1933: Who shared the scoring lead in the inaugural professional French league season in 1933? Answer: Walter Kaiser and Robert Mercier. Arabic asks the same relation. Evidence checked in Ligue 1: Top scorer history and records. Requires specialist historical knowledge of a named role, decisive contribution, unusual record or lesser-known heritage fact."
"161","54efae17e61c56bc3423f79726d40c5c2313c53151ebbb2ef1f6b67ac83ecdd5","match:classique:1992boksic","classique_history","yes","yes","yes","yes","Reviewed match:classique:1992boksic: Who scored Marseille's only goal in the fiercely contested 1992 Classique in Paris? Answer: Alen Boksic. Arabic asks the same relation. Evidence checked in Ligue 1: Five defining Classiques. Requires specialist historical knowledge of a named role, decisive contribution, unusual record or lesser-known heritage fact."
"162","2414ae0f05da5deae4d56b2eb3b3db62949f5328fc937df919110a13b4e6238d","match:classique:2023malinovskyi","classique_history","yes","yes","yes","yes","Reviewed match:classique:2023malinovskyi: Who scored Marseille's winner to eliminate Paris from the French Cup in February 2023? Answer: Ruslan Malinovskyi. Arabic asks the same relation. Evidence checked in Ligue 1: Five defining Classiques. Requires specialist historical knowledge of a named role, decisive contribution, unusual record or lesser-known heritage fact."
"163","3a6c864ed91b62c50acd364a933ff20f2678a954c04e148f7c9bdb2c062ded5c","legend:jonquet:reimsfive","reims_legends","yes","yes","yes","yes","Reviewed legend:jonquet:reimsfive: Which Reims captain became the only player to win five league titles with the club? Answer: Robert Jonquet. Arabic asks the same relation. Evidence checked in Stade de Reims: Club legends. Requires specialist historical knowledge of a named role, decisive contribution, unusual record or lesser-known heritage fact."
"164","57fa298af3f2a592a4b3626db196c0993e9183eff9b0f20ef35756e1e95598a1","legend:marche:ardennesboar","reims_legends","yes","yes","yes","yes","Reviewed legend:marche:ardennesboar: Which historic Stade de Reims defender was nicknamed the Wild Boar of the Ardennes? Answer: Roger Marche. Arabic asks the same relation. Evidence checked in Stade de Reims: Club legends. Requires specialist historical knowledge of a named role, decisive contribution, unusual record or lesser-known heritage fact."
"165","92e8010f62e81655947f51d28e094e272895b3e9a04508c3780f0541f0538b4c","record:sinibaldi:reimsleaguegoals","reims_legends","yes","yes","yes","yes","Reviewed record:sinibaldi:reimsleaguegoals: Who holds Stade de Reims's first-division scoring record with 145 goals? Answer: Pierre Sinibaldi. Arabic asks the same relation. Evidence checked in Stade de Reims: Club legends. Requires specialist historical knowledge of a named role, decisive contribution, unusual record or lesser-known heritage fact."
"166","eda6df5b9857d82a99d10b982ca3932bbba25538defcdac84b57cea58125ef1e","captain:lens:1998wallemme","lens_champions","yes","yes","yes","yes","Reviewed captain:lens:1998wallemme: Who captained Lens when they won the French league title in 1998? Answer: Jean-Guy Wallemme. Arabic asks the same relation. Evidence checked in RC Lens: 1998 Champions. Requires specialist historical knowledge of a named role, decisive contribution, unusual record or lesser-known heritage fact."
"167","be2f14cb8d2f263bc21435741e947c27d69bca157ea73108575c41ab8c396d25","match:lens:1998lachor","lens_champions","yes","yes","yes","yes","Reviewed match:lens:1998lachor: Who scored Lens's equaliser at Auxerre that clinched the 1998 league title? Answer: Yoann Lachor. Arabic asks the same relation. Evidence checked in RC Lens: 1998 Champions. Requires specialist historical knowledge of a named role, decisive contribution, unusual record or lesser-known heritage fact."
"168","6187e455f5d9045601c49033fa41011c9d543275a41c6809182ef23f6062361c","player:benyedder:futsalnational","benyedder_uefa","yes","yes","yes","yes","Reviewed player:benyedder:futsalnational: In which form of football did Wissam Ben Yedder represent France before turning professional with Toulouse? Answer: Futsal. Arabic asks the same relation. Evidence checked in UEFA: Best of both worlds interview. Requires specialist historical knowledge of a named role, decisive contribution, unusual record or lesser-known heritage fact."
"169","dc31a2e7c5c8fa7f81fb5578597b773b9c87b80e7eaf1617520764aaa43c5cf5","history:lens:1998runnerup","lens_ziani","yes","yes","yes","yes","Reviewed history:lens:1998runnerup: Which club finished level on points with Lens but lost the league title on goal difference in 1998? Answer: Metz. Arabic asks the same relation. Evidence checked in RC Lens: Ziani's memorable season. Requires specialist historical knowledge of a named role, decisive contribution, unusual record or lesser-known heritage fact."
"170","0e23c2147e168e0a82e60981a2f630c05fde4a4e9ee0c5989be770f3fb0a9b78","mascot:nice:mefiname","nice_mefi","yes","yes","yes","yes","Reviewed mascot:nice:mefiname: What is the name of the female eagle that flies before Nice's home games? Answer: Mefi. Arabic asks the same relation. Evidence checked in OGC Nice: Mefi. Requires specialist historical knowledge of a named role, decisive contribution, unusual record or lesser-known heritage fact."
"171","640965d523893146eb0e4d4da11259b44387c0efffa494b301de431a9160baff","museum:nice:nationalsport","nice_stadium","yes","yes","yes","yes","Reviewed museum:nice:nationalsport: Which national museum is housed within Nice's Allianz Riviera complex? Answer: The National Sports Museum. Arabic asks the same relation. Evidence checked in OGC Nice: Allianz Riviera. Requires specialist historical knowledge of a named role, decisive contribution, unusual record or lesser-known heritage fact."
"172","d4cad44617640b1d2b4c3fb76199087c5feeb00401f753581b0068bfe5be8dde","match:nice:firstallianzscorer","nice_cafe","yes","yes","yes","yes","Reviewed match:nice:firstallianzscorer: Who scored Nice's first goal at the Allianz Riviera in its opening match against Valenciennes in 2013? Answer: Dario Cvitanich. Arabic asks the same relation. Evidence checked in OGC Nice: Cafe des Aiglons. Requires specialist historical knowledge of a named role, decisive contribution, unusual record or lesser-known heritage fact."
"173","e437465b0cf3f1ab00e4b26668b95e3e91afce686c6663f7fb08148adbca2091","match:doumbia:2023four","fourgoal_history","yes","yes","yes","yes","Reviewed match:doumbia:2023four: Which Malian Brest player scored four goals against Lorient in December 2023? Answer: Kamory Doumbia. Arabic asks the same relation. Evidence checked in Ligue 1: Four-goal performances. Requires specialist historical knowledge of a named role, decisive contribution, unusual record or lesser-known heritage fact."
"174","ce7a779d0a3796626c3f37569244c3ef88d9b29ab803f7be482dbead7364103d","match:lyonmontpellier:2023fourpair","fourgoal_history","yes","yes","yes","yes","Reviewed match:lyonmontpellier:2023fourpair: Which two players each scored four goals in Lyon's 5–4 win over Montpellier in May 2023? Answer: Alexandre Lacazette and Elye Wahi. Arabic asks the same relation. Evidence checked in Ligue 1: Four-goal performances. Requires specialist historical knowledge of a named role, decisive contribution, unusual record or lesser-known heritage fact."
"175","35c0aa91e39029e71b12100ac41d91365c990a696eb5e401c238695a3ea0d71e","match:lyon:2001leaguecupopener","lyon_brazilians","yes","yes","yes","yes","Reviewed match:lyon:2001leaguecupopener: Which Lyon defender opened the scoring in the 2001 League Cup final? Answer: Claudio Cacapa. Arabic asks the same relation. Evidence checked in UEFA: Lyon's greatest Brazilian players. Requires specialist historical knowledge of a named role, decisive contribution, unusual record or lesser-known heritage fact."
"176","700e4f6853e123ea50af2aaad0f9399474884c9d85021888e0f0edef8c25deb3","player:rohr:bordeauxnaturalised","germans_history","yes","yes","yes","yes","Reviewed player:rohr:bordeauxnaturalised: Which German-born Bordeaux defender became a French citizen in 1982? Answer: Gernot Rohr. Arabic asks the same relation. Evidence checked in Ligue 1: German players in France. Requires specialist historical knowledge of a named role, decisive contribution, unusual record or lesser-known heritage fact."
"177","31041886d29215d32b9a31158b094a19d747467985ec6e5870511959b903e4c2","player:marcusthuram:guingamp","football_families","yes","yes","yes","yes","Reviewed player:marcusthuram:guingamp: For which club did Marcus Thuram play in the French league between 2017 and 2019? Answer: Guingamp. Arabic asks the same relation. Evidence checked in Ligue 1: Football families. Requires specialist historical knowledge of a named role, decisive contribution, unusual record or lesser-known heritage fact."
"178","8242e60d08c3b463cfb192704b79413d1255eb87b6ae57f7b4b148fde1a94d03","family:djorkaeff:jeanfather","football_families","yes","yes","yes","yes","Reviewed family:djorkaeff:jeanfather: What is the first name of Youri Djorkaeff's father, who also played for Paris, Marseille and Lyon? Answer: Jean. Arabic asks the same relation. Evidence checked in Ligue 1: Football families. Requires specialist historical knowledge of a named role, decisive contribution, unusual record or lesser-known heritage fact."
"179","59281b9df71d89db4879705942685ba5e0f14c5fb08c1e63e22fccc08dc15ccf","assist:memphis:2018four","assist_history","yes","yes","yes","yes","Reviewed assist:memphis:2018four: Which Lyon player provided four assists against Metz in April 2018? Answer: Memphis Depay. Arabic asks the same relation. Evidence checked in Ligue 1: Official assist rankings history. Requires specialist historical knowledge of a named role, decisive contribution, unusual record or lesser-known heritage fact."
"180","e4d1bb07761f2d82a159aee4b0b3db3a54a72b7dc7f65043a2cae7731312a677","assist:marvinmartin:2011leader","assist_history","yes","yes","yes","yes","Reviewed assist:marvinmartin:2011leader: Which Sochaux playmaker led the French league assist rankings in 2011? Answer: Marvin Martin. Arabic asks the same relation. Evidence checked in Ligue 1: Official assist rankings history. Requires specialist historical knowledge of a named role, decisive contribution, unusual record or lesser-known heritage fact."
"181","1c9bc602f0fce3cb6e0e764a2fbcdb700d260ef1633471b1e0e304f78ff29c4e","assist:james:2014monaco","assist_history","yes","yes","yes","yes","Reviewed assist:james:2014monaco: Which Monaco star led the league assist rankings in 2013–2014? Answer: James Rodriguez. Arabic asks the same relation. Evidence checked in Ligue 1: Official assist rankings history. Requires specialist historical knowledge of a named role, decisive contribution, unusual record or lesser-known heritage fact."
"182","601b9e45314d6ec40304d203a4d8e3ca479a9f5e08d1e152c31858ef880de352","player:allofs:1989bordeauxmove","germans_history","yes","yes","yes","yes","Reviewed player:allofs:1989bordeauxmove: Which German striker moved from league champions Marseille to Bordeaux in 1989? Answer: Klaus Allofs. Arabic asks the same relation. Evidence checked in Ligue 1: German players in France. Requires specialist historical knowledge of a named role, decisive contribution, unusual record or lesser-known heritage fact."
"183","e6e3d1c906e604d40b4e0bca4e5dd23d890a810ecdcdc26520381a2ceb8a768d","record:germans:krausegoals","germans_history","yes","yes","yes","yes","Reviewed record:germans:krausegoals: Which German scored 83 French league goals for Laval, Monaco and Sochaux? Answer: Uwe Krause. Arabic asks the same relation. Evidence checked in Ligue 1: German players in France. Requires specialist historical knowledge of a named role, decisive contribution, unusual record or lesser-known heritage fact."
"184","ea61087e3b445eb876d4876f2375aba3af9eb4211593a8c0587bc03c334489ad","player:bordeaux:dietermuller","germans_history","yes","yes","yes","yes","Reviewed player:bordeaux:dietermuller: Which German striker named Muller played for Bordeaux between 1982 and 1985? Answer: Dieter Muller. Arabic asks the same relation. Evidence checked in Ligue 1: German players in France. Requires specialist historical knowledge of a named role, decisive contribution, unusual record or lesser-known heritage fact."
"185","4143821d532b846eba6d81454d15350cf7013d38333c565e9a07215d22902751","trophy:2025:artist","new_trophy","yes","yes","yes","yes","Reviewed trophy:2025:artist: Which artist designed the new French league champion's trophy first awarded in May 2025? Answer: Mathias Kiss. Arabic asks the same relation. Evidence checked in LFP: New champion trophy. Requires specialist historical knowledge of a named role, decisive contribution, unusual record or lesser-known heritage fact."
"186","b5f7bfeb12aa0251e08152a6b89da61a5d03f6b6a49f91933a872796e6f2a2db","competition:supercup:firstoverseascity","trophy_hosts","yes","yes","yes","yes","Reviewed competition:supercup:firstoverseascity: Which Canadian city hosted the first Trophee des Champions match outside France in 2009? Answer: Montreal. Arabic asks the same relation. Evidence checked in Ligue 1: Super Cup host history. Requires specialist historical knowledge of a named role, decisive contribution, unusual record or lesser-known heritage fact."
"187","605061208b194e93167f0ca2311607a2c9c774ade2d49010ee7012592965155c","match:khalifa:2013longgoal","long_goals","yes","yes","yes","yes","Reviewed match:khalifa:2013longgoal: Which Tunisian Evian striker scored against Nice with a shot from over 60 metres in May 2013? Answer: Saber Khalifa. Arabic asks the same relation. Evidence checked in Ligue 1: Long-distance goals. Requires specialist historical knowledge of a named role, decisive contribution, unusual record or lesser-known heritage fact."
"188","e4513e0e14acea42999e4c8b3f4d3ed0c98458d619d64a3143de14cd3cad8c13","match:rio:1992fastgoal","fast_goal","yes","yes","yes","yes","Reviewed match:rio:1992fastgoal: Which Caen player scored against Cannes after just eight seconds in February 1992? Answer: Michel Rio. Arabic asks the same relation. Evidence checked in Ligue 1: Fastest goals. Requires specialist historical knowledge of a named role, decisive contribution, unusual record or lesser-known heritage fact."
"189","312a8bdc0237dddbf8257dfcef90d0d3b4017d7295835fd7c20a529d84d10665","player:krawczyk:1963record","young_scorer","yes","yes","yes","yes","Reviewed player:krawczyk:1963record: Which Lens player scored against Angers in September 1963 to become the youngest goalscorer in French league history? Answer: Richard Krawczyk. Arabic asks the same relation. Evidence checked in Ligue 1: Youngest scorers. Requires specialist historical knowledge of a named role, decisive contribution, unusual record or lesser-known heritage fact."
"190","d90fcf28ce44eea4585e73331d9a0294eece03efafef8291fbb0512aa6e35b28","match:taiwo:2011cupwinner","taiwo_final","yes","yes","yes","yes","Reviewed match:taiwo:2011cupwinner: Who scored Marseille's only goal against Montpellier in the 2011 French League Cup final? Answer: Taye Taiwo. Arabic asks the same relation. Evidence checked in UEFA: 2011 League Cup final. Requires specialist historical knowledge of a named role, decisive contribution, unusual record or lesser-known heritage fact."
"191","68cb2a34112f318f731cb8f28bb33072fc501e787691c0238d6437ccad69f361","coach:wenger:firstseniorjob","wenger_france","yes","yes","yes","yes","Reviewed coach:wenger:firstseniorjob: Which French club gave Arsene Wenger his first senior managerial job after he worked as an assistant at Cannes? Answer: Nancy. Arabic asks the same relation. Evidence checked in Ligue 1: Wenger career. Requires specialist historical knowledge of a named role, decisive contribution, unusual record or lesser-known heritage fact."
"192","b9703894c9025c3b679348838f5fc5ad67f9bff988743b629561a3d2a860c50c","match:darcheville:2002cupwinner","lorient_cup","yes","yes","yes","yes","Reviewed match:darcheville:2002cupwinner: Who scored Lorient's only goal against Bastia in the 2002 French Cup final? Answer: Jean-Claude Darcheville. Arabic asks the same relation. Evidence checked in FC Lorient: Official heritage booklet. Requires specialist historical knowledge of a named role, decisive contribution, unusual record or lesser-known heritage fact."
"193","aed32763b7a78bf383e1fb0a441c6fe2b20f884cc8b73bcf4c38dc68b3332e79","player:akesbi:173identity","foreign_scorers","yes","yes","yes","yes","Reviewed player:akesbi:173identity: Which Moroccan striker finished his French top-flight career with 173 goals? Answer: Hassan Akesbi. Arabic asks the same relation. Evidence checked in Ligue 1: Foreign scoring legends. Requires specialist historical knowledge of a named role, decisive contribution, unusual record or lesser-known heritage fact."
"194","18af6ec6c5715816f536928b2629eebf0946900d2c7d065cbce4a6032f765287","player:fred:2005debutbrace","lyon_brazilians","yes","yes","yes","yes","Reviewed player:fred:2005debutbrace: Which Brazilian striker scored twice for Lyon on his debut against Monaco in 2005? Answer: Fred. Arabic asks the same relation. Evidence checked in UEFA: Lyon's greatest Brazilian players. Requires specialist historical knowledge of a named role, decisive contribution, unusual record or lesser-known heritage fact."
"195","a61372e0373211b94ca29aacbe36071839b584043d9f60d7802e7bd5ba52cb64","player:krimau:eightclubs","foreign_scorers","yes","yes","yes","yes","Reviewed player:krimau:eightclubs: Which Moroccan striker scored his 102 French top-flight goals for eight different clubs? Answer: Merry Krimau. Arabic asks the same relation. Evidence checked in Ligue 1: Foreign scoring legends. Requires specialist historical knowledge of a named role, decisive contribution, unusual record or lesser-known heritage fact."
"196","ab5766dd485ce2c452d0d0b3a74b47e77baeaa02a7857b1ee8160213158294d0","match:toulouse:2023bracepair","toulouse_final2023","yes","yes","yes","yes","Reviewed match:toulouse:2023bracepair: Which two Toulouse players each scored twice against Nantes in the 2023 French Cup final? Answer: Logan Costa and Thijs Dallinga. Arabic asks the same relation. Evidence checked in Toulouse FC: 2023 French Cup final. Requires specialist historical knowledge of a named role, decisive contribution, unusual record or lesser-known heritage fact."
"197","731ab31f21d8f1c1b429fec0db94d1e26696d14246ab6d9c277450812cf98a6b","award:unfp:organisation","unfp2025","yes","yes","yes","yes","Reviewed award:unfp:organisation: Which organisation does UNFP, the organiser of France's annual player awards, stand for? Answer: Union Nationale des Footballeurs Professionnels. Arabic asks the same relation. Evidence checked in Ligue 1: 2025 UNFP team awards. Requires specialist historical knowledge of a named role, decisive contribution, unusual record or lesser-known heritage fact."
"198","0281c42e8c6b0b1fd27cb25acef7df7dfd69fd5dcd329d478bee4ebaa076efa8","stadium:beaujoire:architect","beaujoire_history","yes","yes","yes","yes","Reviewed stadium:beaujoire:architect: Which architect's design was selected for Nantes' Stade de la Beaujoire in 1982? Answer: Berdje Agopyan. Arabic asks the same relation. Evidence checked in FC Nantes: Forty years of Beaujoire. Requires specialist historical knowledge of a named role, decisive contribution, unusual record or lesser-known heritage fact."
"199","6fc8bd37d27b2653a5fee254c4c0d89f1b8b832bff55a7e531efa8bcbc9e6aff","stadium:beaujoire:firstofficialopponent","beaujoire_history","yes","yes","yes","yes","Reviewed stadium:beaujoire:firstofficialopponent: Which club faced Nantes in its first official match at Stade de la Beaujoire in August 1984? Answer: Toulon. Arabic asks the same relation. Evidence checked in FC Nantes: Forty years of Beaujoire. Requires specialist historical knowledge of a named role, decisive contribution, unusual record or lesser-known heritage fact."
"200","cba6fed1ad87d0ce4a026e8d9f58cd92fecefe0e25a99106f08a0747d40e4a29","award:leroy:2008assists","assist_history","yes","yes","yes","yes","Reviewed award:leroy:2008assists: Which Rennes player won the first official Ligue 1 assist-leader title in 2007–2008? Answer: Jerome Leroy. Arabic asks the same relation. Evidence checked in Ligue 1: Official assist rankings history. Requires specialist historical knowledge of a named role, decisive contribution, unusual record or lesser-known heritage fact."
"201","ce2e77e8b4bba7599faebd81561e24cba1f4c5ff6887ea4a1bb2371095647d0d","coach:dedieu:1934title","coaches_history","yes","yes","yes","yes","Reviewed coach:dedieu:1934title: Which coach led Sete to the French league title in 1934? Answer: Rene Dedieu. Arabic asks the same relation. Evidence checked in Ligue 1: Championship-winning coaches. Requires specialist historical knowledge of a named role, decisive contribution, unusual record or lesser-known heritage fact."
"202","33ae7dcc07367773083823bb02234f7054bcf1ec4a1fdeed6eae4c7a987bc9d2","match:pereira:2014cupopener","guingamp2014","yes","yes","yes","yes","Reviewed match:pereira:2014cupopener: Who scored Guingamp's opening goal against Rennes in the 2014 French Cup final? Answer: Jonathan Martins Pereira. Arabic asks the same relation. Evidence checked in UEFA: Guingamp French Cup win. Requires specialist historical knowledge of a named role, decisive contribution, unusual record or lesser-known heritage fact."
"203","61f82c71cddb4b6bbf94242cfcd632832233c408cb9f082636a5552e209352f0","match:papi:1978semifinalgoal","bastia_history","yes","yes","yes","yes","Reviewed match:papi:1978semifinalgoal: Who scored Bastia's decisive goal against Zurich in the second leg of the 1978 UEFA Cup semifinal? Answer: Claude Papi. Arabic asks the same relation. Evidence checked in SC Bastia: Club history. Requires specialist historical knowledge of a named role, decisive contribution, unusual record or lesser-known heritage fact."
"204","ac07c89e0104b99a8008aa5b6ee50f37efd7ea416e064dc5f9d39d034f02429d","trophy:2025:manufacturer","new_trophy","yes","yes","yes","yes","Reviewed trophy:2025:manufacturer: Which French house manufactured the new French league champion's trophy first presented in 2025? Answer: Maison Christofle. Arabic asks the same relation. Evidence checked in LFP: New champion trophy. Requires specialist historical knowledge of a named role, decisive contribution, unusual record or lesser-known heritage fact."
