"id","factKey","answerEn","sourceUrl","evidence","verified"
"uae_football_v2_001","uae:world-cup:debut-year","1990","https://www.fifa.com/ar/articles/the-story-of-the-uaes-qualification-for-the-1990-world-cup-in-italy-ar","1990 debut; Zagallo in qualifying; Parreira in finals; Talyani four qualifying goals.","2026-10-07"
"uae_football_v2_002","uae:team:nickname","The Whites","https://www.the-afc.com/en/more/news/profile_ali_mabkhout.html","Whites nickname; Al Jazira player; 2015 Golden Boot with five goals; Amer Abdulrahman assisted his Japan goal.","2026-10-07"
"uae_football_v2_003","uae:gulf-cup:first-title-year","2007","https://www.the-afc.com/en/national/afc_asian_cup/news/uae_win_gulf_cup_2013.html","Second title after 2007; Bahrain hosted; Iraq final; Hammadi extra-time winner; Mahdi Ali coach.","2026-10-07"
"uae_football_v2_004","uae:gulf-cup:second-title-year","2013","https://www.the-afc.com/en/national/afc_asian_cup/news/uae_win_gulf_cup_2013.html","Second title after 2007; Bahrain hosted; Iraq final; Hammadi extra-time winner; Mahdi Ali coach.","2026-10-07"
"uae_football_v2_005","gulf:2007:final-winning-scorer","Ismail Matar","https://www.fifa.com/ar/articles/arab-players-at-fifa-u20-world-cup-ismail-matar-uae-2003-ar","2003 Golden Ball; Colombia quarter-final exit; first youth appearance Malaysia 1997; five goals in Gulf 2007 including winners against Saudi Arabia and Oman.","2026-10-07"
"uae_football_v2_006","u20:2003:golden-ball","Ismail Matar","https://www.fifa.com/ar/articles/arab-players-at-fifa-u20-world-cup-ismail-matar-uae-2003-ar","2003 Golden Ball; Colombia quarter-final exit; first youth appearance Malaysia 1997; five goals in Gulf 2007 including winners against Saudi Arabia and Oman.","2026-10-07"
"uae_football_v2_007","asian-cup:2015:top-scorer","Ali Mabkhout","https://www.the-afc.com/en/more/news/profile_ali_mabkhout.html","Whites nickname; Al Jazira player; 2015 Golden Boot with five goals; Amer Abdulrahman assisted his Japan goal.","2026-10-07"
"uae_football_v2_008","afc-awards:2015:player","Ahmed Khalil","https://www.the-afc.com/en/about_afc/afc_annual_awards/news/afc_player_of_the_year_2015_ahmed_khalil.html","Khalil won the 2015 award.","2026-10-07"
"uae_football_v2_009","afc-awards:2016:player","Omar Abdulrahman","https://assets.the-afc.com/migration/i/s/Issue%2017.pdf","Omar Abdulrahman won the 2016 AFC Player of the Year award.","2026-10-07"
"uae_football_v2_010","talyani:career:club","Al Shaab","https://www.the-afc.com/en/more/news/asian_icons_adnan_al_talyani_uae.html","Career club listed as Al Shaab.","2026-10-07"
"uae_football_v2_011","acl:2023-24:champion","Al Ain","https://www.the-afc.com/en/club/afc_champions_league/news/al_ain_claim_historic_second_title.html","2024 champions; Yokohama final; home leg 5-1.","2026-10-07"
"uae_football_v2_012","acl:2023-24:mvp","Soufiane Rahimi","https://www.the-afc.com/en/club/afc_champions_league/news/al_ains_rahimi_wins_mvp_top_scorer_awards.html","Rahimi MVP and 13-goal top scorer in 2023-24.","2026-10-07"
"uae_football_v2_013","acl-two:2024-25:champion","Sharjah","https://www.the-afc.com/en/club/afc_champions_league_two.html/news/sharjah-edge-sailors-to-savour-glory","2025 title; Lion City final; Ben Arbi opener; Meloni winner; Olaroiu coach.","2026-10-07"
"uae_football_v2_014","asian-cup:2015:uae-finish","Third place","https://assets.the-afc.com/migration/w/a/wamq2mdtwzshy1ruw3f8.pdf","UAE third; defeated Iraq 3-2; Khalil scored twice.","2026-10-07"
"uae_football_v2_015","asian-cup:1996:final-opponent","Saudi Arabia","https://assets.the-afc.com/migration/a/c/AC2019_MediaGuide_Option2.pdf","1996 final Saudi Arabia versus UAE.","2026-10-07"
"uae_football_v2_016","olympics:uae:debut-edition","London 2012","https://www.the-afc.com/en/national/olympic_games/news/dream_draw_for_the_uae.html","London 2012 first Olympics; qualifying clincher 3-2 against Uzbekistan.","2026-10-07"
"uae_football_v2_017","u19:uae:title-year","2008","https://www.arabnews.com/archive/318160","2008 final UAE 2-1 Uzbekistan; both goals Ahmed Khalil.","2026-10-07"
"uae_football_v2_018","asian-games:2010:uae-medal","Silver","https://www.the-afc.com/en/national/olympic_games/news/afc_saddend_by_awanas_demise.html","2010 Asian Games silver against Japan; 2008 quarter-final winner against Saudi Arabia; 2011 backheel penalty against Lebanon.","2026-10-07"
"uae_football_v2_019","mabkhout:2015:club","Al Jazira","https://www.the-afc.com/en/more/news/profile_ali_mabkhout.html","Whites nickname; Al Jazira player; 2015 Golden Boot with five goals; Amer Abdulrahman assisted his Japan goal.","2026-10-07"
"uae_football_v2_020","al-nasr:home:stadium","Al Maktoum Stadium","https://www.uaeproleague.ae/en/clubs/al-nasr","Al Maktoum Stadium in Dubai.","2026-10-07"
"uae_football_v2_021","al-wasl:home:stadium","Zabeel Stadium","https://www.uaeproleague.ae/en/clubs/al-wasl","Dubai; Zabeel Stadium.","2026-10-07"
"uae_football_v2_022","al-wahda:home:stadium","Al Nahyan Stadium","https://www.uaeproleague.ae/en/clubs/al-wahda","Al Nahyan Stadium.","2026-10-07"
"uae_football_v2_023","al-jazira:home:stadium","Mohammed bin Zayed Stadium","https://www.uaeproleague.ae/en/clubs/al-jazira","Mohammed bin Zayed Stadium.","2026-10-07"
"uae_football_v2_024","shabab-al-ahli:home:stadium","Rashid Stadium","https://assets.the-afc.com/migration/2/0/2020-afc-champions-league-group-stage-programme","Rashid Stadium listed; formed by Al Ahli, Al Shabab and Dubai merger in May 2017.","2026-10-07"
"uae_football_v2_025","ajman:home:stadium","Rashid bin Saeed Stadium","https://www.uaeproleague.ae/en/clubs/ajman","Rashid bin Saeed Stadium.","2026-10-07"
"uae_football_v2_026","al-dhafra:home:stadium","Hamdan bin Zayed Stadium","https://www.uaeproleague.ae/en/clubs/al-dhafra","Hamdan bin Zayed Stadium.","2026-10-07"
"uae_football_v2_027","khorfakkan:home:stadium","Saqr bin Mohammed Al Qassimi Stadium","https://www.uaeproleague.ae/en/clubs/khorfakkan","Saqr bin Mohammed Al Qassimi Stadium.","2026-10-07"
"uae_football_v2_028","bur-dubai-derby:clubs","Al Nasr and Al Wasl","https://www.uaeproleague.ae/en/news-and-gallery/adnoc-pro-legaue","Al Wasl versus Al Nasr described as Bur Dubai derby.","2026-10-07"
"uae_football_v2_029","al-wasl:kit:primary-colour","Yellow","https://live.proleague.ae/en/club/al-wasl.html","Founded 1960 as Al Zamalek; yellow; renamed 1973; first league 1981-82; GCC title 2010.","2026-10-07"
"uae_football_v2_030","al-nasr:kit:primary-colour","Blue","https://live.proleague.ae/en/club/al-nasr.html","Blue primary colour.","2026-10-07"
"uae_football_v2_031","bani-yas:nickname","Bani Yas","https://www.the-afc.com/en/more/news/baniyas_uae_1.html","Sky Blues; Trezeguet signing; 1992 cup victory over Nasr; 2012 first ACL; Senghor 18-goal league top scorer 2010-11.","2026-10-07"
"uae_football_v2_032","sharjah:nickname","Sharjah","https://www.uaeproleague.ae/en/news-and-gallery/get-to-know-sharjahs-road-to-15th-edition-of-uae-super-cup","King nickname; 2021-22 President's Cup final victory over Wahda through Alcacer's goal.","2026-10-07"
"uae_football_v2_033","al-wasl:nickname","Al Wasl","https://www.uaeproleague.ae/en/news-and-gallery/al-wasl","Emperor; 2023-24 champions; eighth league title.","2026-10-07"
"uae_football_v2_034","maradona:uae-coaching:wasl","Al Wasl","https://www.the-afc.com/en/club/afc_champions_league/news/metsu_replaces_maradona_at_al_wasl.html","Maradona coached Wasl; successor Metsu led Ain to 2003 ACL title.","2026-10-07"
"uae_football_v2_035","iniesta:2023:destination","Emirates FC","https://www.the-afc.com/en/more/transfers/news/iniesta_opens_new_page_with_emirates.html","Emirates signing in August 2023.","2026-10-07"
"uae_football_v2_036","weah:uae:club","Al Jazira","https://www.jc.ae/en/the-club/history/","Abu Dhabi; 1974 Khalidiya/Bateen merger; Weah played; first league 2010-11; cups 2011/2012/2016; GCC 2007; CWC fourth 2017.","2026-10-07"
"uae_football_v2_037","gyan:nationality","Ghana","https://www.the-afc.com/en/about_afc/afc_annual_awards/news/gyan_and_jedinak_land_afc_awards.html","Ghana's Gyan scored 12 in ACL 2014.","2026-10-07"
"uae_football_v2_038","trezeguet:uae:club","Bani Yas","https://www.the-afc.com/en/more/news/baniyas_uae_1.html","Sky Blues; Trezeguet signing; 1992 cup victory over Nasr; 2012 first ACL; Senghor 18-goal league top scorer 2010-11.","2026-10-07"
"uae_football_v2_039","pro-league:2023-24:champion","Al Wasl","https://www.uaeproleague.ae/en/news-and-gallery/al-wasl","Emperor; 2023-24 champions; eighth league title.","2026-10-07"
"uae_football_v2_040","pro-league:2024-25:champion","Shabab Al Ahli","https://uaeproleague.ae/en/news-and-gallery/champions-of-the-professional-era-a-legacy-of-adnoc-pro-league-excellence","2008-09/2015-16 Ahli, 2009-10 Wahda, 2016-17 Jazira, 2018-19 Sharjah, 2024-25 Shabab Al Ahli.","2026-10-07"
"uae_football_v2_041","pro-league:2018-19:champion","Sharjah","https://uaeproleague.ae/en/news-and-gallery/champions-of-the-professional-era-a-legacy-of-adnoc-pro-league-excellence","2008-09/2015-16 Ahli, 2009-10 Wahda, 2016-17 Jazira, 2018-19 Sharjah, 2024-25 Shabab Al Ahli.","2026-10-07"
"uae_football_v2_042","pro-league:2008-09:champion","Al Ahli, now known as Shabab Al Ahli","https://uaeproleague.ae/en/news-and-gallery/champions-of-the-professional-era-a-legacy-of-adnoc-pro-league-excellence","2008-09/2015-16 Ahli, 2009-10 Wahda, 2016-17 Jazira, 2018-19 Sharjah, 2024-25 Shabab Al Ahli.","2026-10-07"
"uae_football_v2_043","pro-league:2025-26:champion","Al Ain","https://www.uaeproleague.ae/en/news-and-gallery/adnoc-pro-league-936","2025-26 champion Ain; league top scorer Laba Kodjo.","2026-10-07"
"uae_football_v2_044","pro-league:2025-26:top-scorer","Laba Kodjo","https://www.uaeproleague.ae/en/news-and-gallery/adnoc-pro-league-936","2025-26 champion Ain; league top scorer Laba Kodjo.","2026-10-07"
"uae_football_v2_045","presidents-cup:2021-22:champion","Sharjah","https://www.uaeproleague.ae/en/news-and-gallery/get-to-know-sharjahs-road-to-15th-edition-of-uae-super-cup","King nickname; 2021-22 President's Cup final victory over Wahda through Alcacer's goal.","2026-10-07"
"uae_football_v2_046","league-cup:2024:champion","Al Wahda","https://www.uaeproleague.ae/en/news-and-gallery/7-clubs-crowned-adib-cup-champions-who-will-be-next","Ajman 2013; Nasr 2020; Sharjah 2023; Wahda 2024; Jazira 2025.","2026-10-07"
"uae_football_v2_047","league-cup:2013:champion","Ajman","https://www.uaeproleague.ae/en/news-and-gallery/7-clubs-crowned-adib-cup-champions-who-will-be-next","Ajman 2013; Nasr 2020; Sharjah 2023; Wahda 2024; Jazira 2025.","2026-10-07"
"uae_football_v2_048","league-cup:2025:champion","Al Jazira","https://www.uaeproleague.ae/en/news-and-gallery/7-clubs-crowned-adib-cup-champions-who-will-be-next","Ajman 2013; Nasr 2020; Sharjah 2023; Wahda 2024; Jazira 2025.","2026-10-07"
"uae_football_v2_049","world-cup:1990:uae-first-scorer","Khalid Ismail","https://www.fifa.com/en/articles/every-country-nation-first-goalscorer","UAE first scorer Khalid Ismail against West Germany in 1990.","2026-10-07"
"uae_football_v2_050","gulf:2007:final-opponent","Oman","https://www.fifa.com/ar/articles/arab-players-at-fifa-u20-world-cup-ismail-matar-uae-2003-ar","2003 Golden Ball; Colombia quarter-final exit; first youth appearance Malaysia 1997; five goals in Gulf 2007 including winners against Saudi Arabia and Oman.","2026-10-07"
"uae_football_v2_051","gulf:2013:final-opponent","Iraq","https://www.the-afc.com/en/national/afc_asian_cup/news/uae_win_gulf_cup_2013.html","Second title after 2007; Bahrain hosted; Iraq final; Hammadi extra-time winner; Mahdi Ali coach.","2026-10-07"
"uae_football_v2_052","gulf:2013:final-winning-scorer","Ismail Al Hammadi","https://www.the-afc.com/en/national/afc_asian_cup/news/uae_win_gulf_cup_2013.html","Second title after 2007; Bahrain hosted; Iraq final; Hammadi extra-time winner; Mahdi Ali coach.","2026-10-07"
"uae_football_v2_053","uae:2013:head-coach","Mahdi Ali","https://www.the-afc.com/en/national/afc_asian_cup/news/uae_win_gulf_cup_2013.html","Second title after 2007; Bahrain hosted; Iraq final; Hammadi extra-time winner; Mahdi Ali coach.","2026-10-07"
"uae_football_v2_054","u20:2009:host","Egypt","https://assets.the-afc.com/migration/w/a/wamq2mdtwzshy1ruw3f8.pdf","Egypt 2009 youth quarter-final defeat against Costa Rica; Habboush Saleh Olympic qualification winner.","2026-10-07"
"uae_football_v2_055","club-world-cup:2018:uae-finalist","Al Ain","https://inside.fifa.com/news/real-madrid-make-history-in-unexpected-final","2018 final Real Madrid versus Al Ain; Ain runners-up.","2026-10-07"
"uae_football_v2_056","club-world-cup:2017:uae-participant","Al Jazira","https://www.jc.ae/en/the-club/history/","Abu Dhabi; 1974 Khalidiya/Bateen merger; Weah played; first league 2010-11; cups 2011/2012/2016; GCC 2007; CWC fourth 2017.","2026-10-07"
"uae_football_v2_057","acl:2015:uae-finalist","Al Ahli","https://www.the-afc.com/en/about_afc/afc_annual_awards/news/afc_club_of_the_year_2015_guangzhou_evergrande.html","Ahli finalist against Guangzhou in 2015.","2026-10-07"
"uae_football_v2_058","acl:2003:inaugural-winner","Al Ain","https://assets.the-afc.com/migration/a/c/acl2017-draw-press-kit-group-stage-draw-34202","Inaugural winner Ain; 2003 final against BEC Tero Sasana.","2026-10-07"
"uae_football_v2_059","u19:2008:final-uae-scorer","Ahmed Khalil","https://www.arabnews.com/archive/318160","2008 final UAE 2-1 Uzbekistan; both goals Ahmed Khalil.","2026-10-07"
"uae_football_v2_060","asian-cup:2019:uae-quarter-final-opponent","Australia","https://www.the-afc.com/en/national/afc_asian_cup/news/uae_resilience_spares_zaccheroni_extra-time_agony.html","Australia quarter-final; Mabkhout winner; Zaccheroni coach.","2026-10-07"
"uae_football_v2_061","olympics:2012:uae-first-scorer","Ismail Matar","https://www.the-afc.com/en/national/olympic_games/news/uae_come_up_short_against_uruguay.html","Manchester Olympic debut; Matar UAE opening goal.","2026-10-07"
"uae_football_v2_062","asian-cup:2015:uae-quarter-final-opponent","Japan","https://www.the-afc.com/en/more/news/afc_asian_cup_qf_japan_1-1_uae_aet_4-5_on_penalties.html","Japan eliminated; Majed Naser goalkeeper; Ismail Ahmed winning penalty; Honda and Kagawa missed.","2026-10-07"
"uae_football_v2_063","al-jazira:location:city","Abu Dhabi","https://www.jc.ae/en/the-club/history/","Abu Dhabi; 1974 Khalidiya/Bateen merger; Weah played; first league 2010-11; cups 2011/2012/2016; GCC 2007; CWC fourth 2017.","2026-10-07"
"uae_football_v2_064","al-nasr:foundation:year","1945","https://alnasrclub.com/ar/node/264","1945 Ghubaiba origins; Santos/Pele 1970; Liverpool 1978; stadium opened 1978.","2026-10-07"
"uae_football_v2_065","al-wasl:location:city","Dubai","https://www.uaeproleague.ae/en/clubs/al-wasl","Dubai; Zabeel Stadium.","2026-10-07"
"uae_football_v2_066","bani-yas:location:emirate","Abu Dhabi","https://baniyasclub.ae/history","Abu Dhabi; founded 1982.","2026-10-07"
"uae_football_v2_067","kalba:home:stadium","Kalba Stadium","https://www.uaeproleague.ae/en/clubs/kalba","Kalba Stadium.","2026-10-07"
"uae_football_v2_068","presidents-cup:2025-26:champion","Al Ain","https://www.uaeproleague.ae/en/news-and-gallery/al-ain-crowned-presidents-cup-champions-with-emphatic-victory-over-al-jazira","2026 league/cup double; Rahimi brace in final against Jazira.","2026-10-07"
"uae_football_v2_069","world-cup:1990:uae-coach","Carlos Alberto Parreira","https://www.fifa.com/ar/articles/the-story-of-the-uaes-qualification-for-the-1990-world-cup-in-italy-ar","1990 debut; Zagallo in qualifying; Parreira in finals; Talyani four qualifying goals.","2026-10-07"
"uae_football_v2_070","world-cup:1990:uae-qualifying-coach","Mario Zagallo","https://www.fifa.com/ar/articles/the-story-of-the-uaes-qualification-for-the-1990-world-cup-in-italy-ar","1990 debut; Zagallo in qualifying; Parreira in finals; Talyani four qualifying goals.","2026-10-07"
"uae_football_v2_071","world-cup:1990:uae-opening-opponent","Colombia","https://www.khaleejtimes.com/sports/june-9-1990-when-uae-made-their-fifa-world-cup-debut?amp=1","Colombia first opponent; Group D; Khalid Ismail first goal versus West Germany; Ali Thani scored against Yugoslavia.","2026-10-07"
"uae_football_v2_072","world-cup:1990:uae-yugoslavia-scorer","Ali Thani","https://www.plus.fifa.com/fr/content/le-but-de-ali-thani-jumaa-22-yougoslavie-emirats-arabes-unis-coupe-du-monde-de-la-fifa-italie-1990/9a954921-4192-41ba-b425-ca04be0aa130","Ali Thani scored UAE goal against Yugoslavia.","2026-10-07"
"uae_football_v2_073","asian-cup:uae:debut-year","1980","https://assets.the-afc.com/downloads/technical-reports/TSG-Report_-AFC-Asian-Cup-Australia-2015.pdf","UAE first Asian Cup appearance 1980.","2026-10-07"
"uae_football_v2_074","asian-cup:1996:final-open-play-score","0-0 after extra time","https://assets.the-afc.com/migration/a/f/AFC%20Book%20AUG%202019%20DIGITAL%20MR%20%281%29.pdf","1996 final 0-0 then Saudi 4-2 penalties; UAE quarter-final Iraq; semi-final Kuwait; group comeback 3-2 from 0-2 against Kuwait.","2026-10-07"
"uae_football_v2_075","asian-cup:1996:uae-semi-opponent","Kuwait","https://assets.the-afc.com/migration/a/f/AFC%20Book%20AUG%202019%20DIGITAL%20MR%20%281%29.pdf","1996 final 0-0 then Saudi 4-2 penalties; UAE quarter-final Iraq; semi-final Kuwait; group comeback 3-2 from 0-2 against Kuwait.","2026-10-07"
"uae_football_v2_076","asian-cup:2015:mabkhout-goals","Five goals","https://www.the-afc.com/en/more/news/profile_ali_mabkhout.html","Whites nickname; Al Jazira player; 2015 Golden Boot with five goals; Amer Abdulrahman assisted his Japan goal.","2026-10-07"
"uae_football_v2_077","asian-cup:2015:fastest-goal-seconds","14 seconds","https://www.the-afc.com/en/more/news/record_breaker_mabkhout_backed_for_more_glory.html","14-second goal against Bahrain in 2015.","2026-10-07"
"uae_football_v2_078","asian-cup:2015:bronze-opponent","Iraq","https://assets.the-afc.com/migration/w/a/wamq2mdtwzshy1ruw3f8.pdf","UAE third; defeated Iraq 3-2; Khalil scored twice.","2026-10-07"
"uae_football_v2_079","asian-cup:2019:quarter-final-winning-scorer","Ali Mabkhout","https://www.the-afc.com/en/national/afc_asian_cup/news/uae_resilience_spares_zaccheroni_extra-time_agony.html","Australia quarter-final; Mabkhout winner; Zaccheroni coach.","2026-10-07"
"uae_football_v2_080","asian-cup:2019:round16-winning-scorer","Ahmed Khalil","https://www.the-afc.com/en/national/afc_asian_cup/news/round_of_16_uae_3-2_kyrgyz_republic_aet.html","2019 opener Khamis Ismail; Khalil winning extra-time penalty.","2026-10-07"
"uae_football_v2_081","asian-cup:2023:round16-equalizer","Khalifa Al Hammadi","https://www.the-afc.com/en/national/afc_asian_cup/news/r16_super_hanonov_takes_tajikistan_into_quarter-finals_1.html","Khalifa Hammadi late equaliser; Yatimov saved Caio's shootout penalty.","2026-10-07"
"uae_football_v2_082","asian-cup:2019:uae-coach","Alberto Zaccheroni","https://www.the-afc.com/en/national/afc_asian_cup/news/uae_resilience_spares_zaccheroni_extra-time_agony.html","Australia quarter-final; Mabkhout winner; Zaccheroni coach.","2026-10-07"
"uae_football_v2_083","uae:2023:appointed-coach","Paulo Bento","https://www.the-afc.com/en/national/afc_asian_cup/news/bento_takes_charge_of_uae_1.html","Portuguese Paulo Bento appointed July 2023.","2026-10-07"
"uae_football_v2_084","olympics:2012:great-britain-uae-scorer","Rashed Essa","https://www.the-afc.com/en/national/olympic_games/news/uae_crash_out_of_olympics.html","Rashed Essa scored against Great Britain in 2012.","2026-10-07"
"uae_football_v2_085","olympics:2012:uae-draw-opponent","Senegal","https://www.the-afc.com/en/national/olympic_games/news/uae_say_goodbye_with_a_point.html","One point in 2012 earned through 1-1 against Senegal.","2026-10-07"
"uae_football_v2_086","u19:2008:final-opponent","Uzbekistan","https://www.arabnews.com/archive/318160","2008 final UAE 2-1 Uzbekistan; both goals Ahmed Khalil.","2026-10-07"
"uae_football_v2_087","u20:2003:uae-eliminator","Colombia","https://www.fifa.com/ar/articles/arab-players-at-fifa-u20-world-cup-ismail-matar-uae-2003-ar","2003 Golden Ball; Colombia quarter-final exit; first youth appearance Malaysia 1997; five goals in Gulf 2007 including winners against Saudi Arabia and Oman.","2026-10-07"
"uae_football_v2_088","u20:2009:uae-eliminator","Costa Rica","https://assets.the-afc.com/migration/w/a/wamq2mdtwzshy1ruw3f8.pdf","Egypt 2009 youth quarter-final defeat against Costa Rica; Habboush Saleh Olympic qualification winner.","2026-10-07"
"uae_football_v2_089","asian-games:2010:final-opponent","Japan","https://www.the-afc.com/en/national/olympic_games/news/afc_saddend_by_awanas_demise.html","2010 Asian Games silver against Japan; 2008 quarter-final winner against Saudi Arabia; 2011 backheel penalty against Lebanon.","2026-10-07"
"uae_football_v2_090","gulf:2013:host-country","Bahrain","https://www.the-afc.com/en/national/afc_asian_cup/news/uae_win_gulf_cup_2013.html","Second title after 2007; Bahrain hosted; Iraq final; Hammadi extra-time winner; Mahdi Ali coach.","2026-10-07"
"uae_football_v2_091","gulf:2007:matar-goals","Five goals","https://www.fifa.com/ar/articles/arab-players-at-fifa-u20-world-cup-ismail-matar-uae-2003-ar","2003 Golden Ball; Colombia quarter-final exit; first youth appearance Malaysia 1997; five goals in Gulf 2007 including winners against Saudi Arabia and Oman.","2026-10-07"
"uae_football_v2_092","gulf:2007:uae-semi-opponent","Saudi Arabia","https://www.fifa.com/ar/articles/arab-players-at-fifa-u20-world-cup-ismail-matar-uae-2003-ar","2003 Golden Ball; Colombia quarter-final exit; first youth appearance Malaysia 1997; five goals in Gulf 2007 including winners against Saudi Arabia and Oman.","2026-10-07"
"uae_football_v2_093","olympics:2012:qualifying-final-opponent","Uzbekistan","https://www.the-afc.com/en/national/olympic_games/news/dream_draw_for_the_uae.html","London 2012 first Olympics; qualifying clincher 3-2 against Uzbekistan.","2026-10-07"
"uae_football_v2_094","bani-yas:1992:cup-final-opponent","Al Nasr","https://www.the-afc.com/en/more/news/baniyas_uae_1.html","Sky Blues; Trezeguet signing; 1992 cup victory over Nasr; 2012 first ACL; Senghor 18-goal league top scorer 2010-11.","2026-10-07"
"uae_football_v2_095","bani-yas:foundation:year","1982","https://baniyasclub.ae/history","Abu Dhabi; founded 1982.","2026-10-07"
"uae_football_v2_096","al-wahda:first-league:season","1998-99","https://adsc.gov.ae/clubs-and-federations/al-wahda-sports-cultural-club/","1984 Emirates/Abu Dhabi merger; first league 1998-99; first cup 1999-2000.","2026-10-07"
"uae_football_v2_097","al-jazira:first-league:season","The 2010-11 season","https://www.jc.ae/en/the-club/history/","Abu Dhabi; 1974 Khalidiya/Bateen merger; Weah played; first league 2010-11; cups 2011/2012/2016; GCC 2007; CWC fourth 2017.","2026-10-07"
"uae_football_v2_098","al-wasl:original:name","Al Zamalek","https://live.proleague.ae/en/club/al-wasl.html","Founded 1960 as Al Zamalek; yellow; renamed 1973; first league 1981-82; GCC title 2010.","2026-10-07"
"uae_football_v2_099","gcc-clubs:2010:champion","Al Wasl","https://live.proleague.ae/en/club/al-wasl.html","Founded 1960 as Al Zamalek; yellow; renamed 1973; first league 1981-82; GCC title 2010.","2026-10-07"
"uae_football_v2_100","al-wasl:foundation:year","1960","https://live.proleague.ae/en/club/al-wasl.html","Founded 1960 as Al Zamalek; yellow; renamed 1973; first league 1981-82; GCC title 2010.","2026-10-07"
"uae_football_v2_101","al-nasr:1970:visiting-club","Santos","https://alnasrclub.com/ar/node/264","1945 Ghubaiba origins; Santos/Pele 1970; Liverpool 1978; stadium opened 1978.","2026-10-07"
"uae_football_v2_102","shabab-al-ahli:2017:merged-clubs","Al Ahli, Al Shabab and Dubai","https://assets.the-afc.com/migration/2/0/2020-afc-champions-league-group-stage-programme","Rashid Stadium listed; formed by Al Ahli, Al Shabab and Dubai merger in May 2017.","2026-10-07"
"uae_football_v2_103","al-jazira:foundation:merged-clubs","Al Khalidiya and Al Bateen","https://www.jc.ae/en/the-club/history/","Abu Dhabi; 1974 Khalidiya/Bateen merger; Weah played; first league 2010-11; cups 2011/2012/2016; GCC 2007; CWC fourth 2017.","2026-10-07"
"uae_football_v2_104","pro-league:2015-16:champion","Al Ahli","https://uaeproleague.ae/en/news-and-gallery/champions-of-the-professional-era-a-legacy-of-adnoc-pro-league-excellence","2008-09/2015-16 Ahli, 2009-10 Wahda, 2016-17 Jazira, 2018-19 Sharjah, 2024-25 Shabab Al Ahli.","2026-10-07"
"uae_football_v2_105","pro-league:2016-17:champion","Al Jazira","https://uaeproleague.ae/en/news-and-gallery/champions-of-the-professional-era-a-legacy-of-adnoc-pro-league-excellence","2008-09/2015-16 Ahli, 2009-10 Wahda, 2016-17 Jazira, 2018-19 Sharjah, 2024-25 Shabab Al Ahli.","2026-10-07"
"uae_football_v2_106","pro-league:2009-10:champion","Al Wahda","https://uaeproleague.ae/en/news-and-gallery/champions-of-the-professional-era-a-legacy-of-adnoc-pro-league-excellence","2008-09/2015-16 Ahli, 2009-10 Wahda, 2016-17 Jazira, 2018-19 Sharjah, 2024-25 Shabab Al Ahli.","2026-10-07"
"uae_football_v2_107","al-wasl:2024:championship-coach","Milos Milojevic","https://www.uaeproleague.ae/en/news-and-gallery/adnoc-pro-league-146","Milos Milojevic, Serbian title-winning Wasl coach.","2026-10-07"
"uae_football_v2_108","al-wasl:2024:league-title-number","Eighth","https://www.uaeproleague.ae/en/news-and-gallery/al-wasl","Emperor; 2023-24 champions; eighth league title.","2026-10-07"
"uae_football_v2_109","acl-two:2025:sharjah-coach","Cosmin Olaroiu","https://www.the-afc.com/en/club/afc_champions_league_two.html/news/sharjah-edge-sailors-to-savour-glory","2025 title; Lion City final; Ben Arbi opener; Meloni winner; Olaroiu coach.","2026-10-07"
"uae_football_v2_110","acl:2015:final-opponent","Guangzhou Evergrande","https://www.the-afc.com/en/about_afc/afc_annual_awards/news/afc_club_of_the_year_2015_guangzhou_evergrande.html","Ahli finalist against Guangzhou in 2015.","2026-10-07"
"uae_football_v2_111","acl:2016:final-opponent","Jeonbuk Hyundai Motors","https://www.the-afc.com/en/club/afc_champions_league/news/omar_abdulrahman_lands_afc_champions_league_2016_mvp_award.html","Jeonbuk final opponent.","2026-10-07"
"uae_football_v2_112","acl-two:2025:final-opponent","Lion City Sailors","https://www.the-afc.com/en/club/afc_champions_league_two.html/news/sharjah-edge-sailors-to-savour-glory","2025 title; Lion City final; Ben Arbi opener; Meloni winner; Olaroiu coach.","2026-10-07"
"uae_football_v2_113","acl-two:2025:final-winning-scorer","Marcus Meloni","https://www.the-afc.com/en/club/afc_champions_league_two.html/news/sharjah-edge-sailors-to-savour-glory","2025 title; Lion City final; Ben Arbi opener; Meloni winner; Olaroiu coach.","2026-10-07"
"uae_football_v2_114","acl:2024:final-opponent","Yokohama F. Marinos","https://www.the-afc.com/en/club/afc_champions_league/news/al_ain_claim_historic_second_title.html","2024 champions; Yokohama final; home leg 5-1.","2026-10-07"
"uae_football_v2_115","acl:2024:final-second-leg-score","5-1","https://www.the-afc.com/en/club/afc_champions_league/news/al_ain_claim_historic_second_title.html","2024 champions; Yokohama final; home leg 5-1.","2026-10-07"
"uae_football_v2_116","acl:2024:rahimi-goals","13 goals","https://www.the-afc.com/en/club/afc_champions_league/news/al_ains_rahimi_wins_mvp_top_scorer_awards.html","Rahimi MVP and 13-goal top scorer in 2023-24.","2026-10-07"
"uae_football_v2_117","acl:2014:gyan-goals","12 goals","https://www.the-afc.com/en/about_afc/afc_annual_awards/news/gyan_and_jedinak_land_afc_awards.html","Ghana's Gyan scored 12 in ACL 2014.","2026-10-07"
"uae_football_v2_118","gyan:2016:loan-origin","Shanghai SIPG","https://www.the-afc.com/en/more/news/gyan_joins_al_ahli_on_one-year_loan_deal.html","2016 Shanghai SIPG loan; 2011 Ain arrival from Sunderland.","2026-10-07"
"uae_football_v2_119","club-world-cup:2018:final-opponent","Real Madrid","https://inside.fifa.com/news/real-madrid-make-history-in-unexpected-final","2018 final Real Madrid versus Al Ain; Ain runners-up.","2026-10-07"
"uae_football_v2_120","club-world-cup:2018:semi-opponent","River Plate","https://inside.fifa.com/tournaments/mens/clubworldcup/uae2018/news/al-ain-advance-to-final-on-penalties","River Plate semi-final; Zoran Mamic coach; Khalid Eisa saved Enzo Perez's final penalty.","2026-10-07"
"uae_football_v2_121","club-world-cup:2017:madrid-jazira-scorer","Romarinho","https://inside.fifa.com/news/ramadan-al-jazira-want-to-prove-that-2017-was-not-a-fluke","Ten Cate coach; Mabkhout first Emirati pro-era top scorer; Urawa winner Mabkhout; Romarinho Madrid goal; Khaseif match award.","2026-10-07"
"uae_football_v2_122","league-cup:2020:champion","Al Nasr","https://www.uaeproleague.ae/en/news-and-gallery/7-clubs-crowned-adib-cup-champions-who-will-be-next","Ajman 2013; Nasr 2020; Sharjah 2023; Wahda 2024; Jazira 2025.","2026-10-07"
"uae_football_v2_123","league-cup:2023:champion","Sharjah","https://www.uaeproleague.ae/en/news-and-gallery/7-clubs-crowned-adib-cup-champions-who-will-be-next","Ajman 2013; Nasr 2020; Sharjah 2023; Wahda 2024; Jazira 2025.","2026-10-07"
"uae_football_v2_124","presidents-cup:2021-22:final-opponent","Al Wahda","https://www.uaeproleague.ae/en/news-and-gallery/get-to-know-sharjahs-road-to-15th-edition-of-uae-super-cup","King nickname; 2021-22 President's Cup final victory over Wahda through Alcacer's goal.","2026-10-07"
"uae_football_v2_125","al-shabab:home:stadium","Maktoum bin Rashid Al Maktoum Stadium","https://www.the-afc.com/en/more/news/al_shabab_al_arabi_uae.html","1958; Maktoum bin Rashid ground; 1990/1995/2008 league titles; Bonamigo 2011 two cups; Chilean Villanueva came after Blackburn loan.","2026-10-07"
"uae_football_v2_126","al-shabab:2011:coach","Paulo Bonamigo","https://www.the-afc.com/en/more/news/al_shabab_al_arabi_uae.html","1958; Maktoum bin Rashid ground; 1990/1995/2008 league titles; Bonamigo 2011 two cups; Chilean Villanueva came after Blackburn loan.","2026-10-07"
"uae_football_v2_127","villanueva:nationality","Chile","https://www.the-afc.com/en/more/news/al_shabab_al_arabi_uae.html","1958; Maktoum bin Rashid ground; 1990/1995/2008 league titles; Bonamigo 2011 two cups; Chilean Villanueva came after Blackburn loan.","2026-10-07"
"uae_football_v2_128","al-wahda:formation:year","1984","https://adsc.gov.ae/clubs-and-federations/al-wahda-sports-cultural-club/","1984 Emirates/Abu Dhabi merger; first league 1998-99; first cup 1999-2000.","2026-10-07"
"uae_football_v2_129","al-nasr:stadium:opening-year","1978","https://alnasrclub.com/ar/node/264","1945 Ghubaiba origins; Santos/Pele 1970; Liverpool 1978; stadium opened 1978.","2026-10-07"
"uae_football_v2_130","al-wasl:first-league:season","1981-82","https://live.proleague.ae/en/club/al-wasl.html","Founded 1960 as Al Zamalek; yellow; renamed 1973; first league 1981-82; GCC title 2010.","2026-10-07"
"uae_football_v2_131","u19:2008:quarter-final-scorer","Theyab Awana","https://www.the-afc.com/en/national/olympic_games/news/afc_saddend_by_awanas_demise.html","2010 Asian Games silver against Japan; 2008 quarter-final winner against Saudi Arabia; 2011 backheel penalty against Lebanon.","2026-10-07"
"uae_football_v2_132","club-world-cup:2017:jazira-coach","Henk ten Cate","https://inside.fifa.com/news/ramadan-al-jazira-want-to-prove-that-2017-was-not-a-fluke","Ten Cate coach; Mabkhout first Emirati pro-era top scorer; Urawa winner Mabkhout; Romarinho Madrid goal; Khaseif match award.","2026-10-07"
"uae_football_v2_133","club-world-cup:2017:quarter-scorer","Ali Mabkhout","https://inside.fifa.com/news/ramadan-al-jazira-want-to-prove-that-2017-was-not-a-fluke","Ten Cate coach; Mabkhout first Emirati pro-era top scorer; Urawa winner Mabkhout; Romarinho Madrid goal; Khaseif match award.","2026-10-07"
"uae_football_v2_134","club-world-cup:2018:ain-coach","Zoran Mamic","https://inside.fifa.com/tournaments/mens/clubworldcup/uae2018/news/al-ain-advance-to-final-on-penalties","River Plate semi-final; Zoran Mamic coach; Khalid Eisa saved Enzo Perez's final penalty.","2026-10-07"
"uae_football_v2_135","acl:2003:ain-coach","Bruno Metsu","https://www.the-afc.com/en/club/afc_champions_league/news/metsu_replaces_maradona_at_al_wasl.html","Maradona coached Wasl; successor Metsu led Ain to 2003 ACL title.","2026-10-07"
"uae_football_v2_136","gyan:2011:english-origin","Sunderland","https://www.the-afc.com/en/more/news/gyan_joins_al_ahli_on_one-year_loan_deal.html","2016 Shanghai SIPG loan; 2011 Ain arrival from Sunderland.","2026-10-07"
"uae_football_v2_137","world-cup:1990:talyani-qualifying-goals","Four goals","https://www.fifa.com/ar/articles/the-story-of-the-uaes-qualification-for-the-1990-world-cup-in-italy-ar","1990 debut; Zagallo in qualifying; Parreira in finals; Talyani four qualifying goals.","2026-10-07"
"uae_football_v2_138","gulf:23:final-shootout-score","5-4 to Oman","https://www.the-afc.com/en/about_afc/about_afc/the_president/news/afc_president_hails_omans_gulf_cup_triumph.html","UAE lost Gulf Cup 23 final 5-4 on penalties after 0-0.","2026-10-07"
"uae_football_v2_139","asian-cup:1996:uae-quarter-opponent","Iraq","https://assets.the-afc.com/migration/a/f/AFC%20Book%20AUG%202019%20DIGITAL%20MR%20%281%29.pdf","1996 final 0-0 then Saudi 4-2 penalties; UAE quarter-final Iraq; semi-final Kuwait; group comeback 3-2 from 0-2 against Kuwait.","2026-10-07"
"uae_football_v2_140","asian-cup:1996:kuwait-group-comeback-score","3-2 to the UAE","https://assets.the-afc.com/migration/a/f/AFC%20Book%20AUG%202019%20DIGITAL%20MR%20%281%29.pdf","1996 final 0-0 then Saudi 4-2 penalties; UAE quarter-final Iraq; semi-final Kuwait; group comeback 3-2 from 0-2 against Kuwait.","2026-10-07"
"uae_football_v2_141","asian-cup:1996:final-shootout-score","4-2 to Saudi Arabia","https://assets.the-afc.com/migration/a/f/AFC%20Book%20AUG%202019%20DIGITAL%20MR%20%281%29.pdf","1996 final 0-0 then Saudi 4-2 penalties; UAE quarter-final Iraq; semi-final Kuwait; group comeback 3-2 from 0-2 against Kuwait.","2026-10-07"
"uae_football_v2_142","asian-cup:2015:quarter-winning-penalty","Ismail Ahmed","https://www.the-afc.com/en/more/news/afc_asian_cup_qf_japan_1-1_uae_aet_4-5_on_penalties.html","Japan eliminated; Majed Naser goalkeeper; Ismail Ahmed winning penalty; Honda and Kagawa missed.","2026-10-07"
"uae_football_v2_143","asian-cup:2015:quarter-uae-goalkeeper","Majed Naser","https://www.the-afc.com/en/more/news/afc_asian_cup_qf_japan_1-1_uae_aet_4-5_on_penalties.html","Japan eliminated; Majed Naser goalkeeper; Ismail Ahmed winning penalty; Honda and Kagawa missed.","2026-10-07"
"uae_football_v2_144","asian-cup:2015:quarter-uae-assist","Amer Abdulrahman","https://www.the-afc.com/en/more/news/profile_ali_mabkhout.html","Whites nickname; Al Jazira player; 2015 Golden Boot with five goals; Amer Abdulrahman assisted his Japan goal.","2026-10-07"
"uae_football_v2_145","asian-cup:2015:bronze-match-score","3-2","https://assets.the-afc.com/migration/w/a/wamq2mdtwzshy1ruw3f8.pdf","UAE third; defeated Iraq 3-2; Khalil scored twice.","2026-10-07"
"uae_football_v2_146","asian-cup:2015:bronze-brace-scorer","Ahmed Khalil","https://assets.the-afc.com/migration/w/a/wamq2mdtwzshy1ruw3f8.pdf","UAE third; defeated Iraq 3-2; Khalil scored twice.","2026-10-07"
"uae_football_v2_147","asian-cup:2015:qualifying-mabkhout-hattrick-opponent","Hong Kong","https://www.the-afc.com/en/more/news/afc_asian_cup_how_they_qualified_united_arab_emirates.html","Mabkhout hat-trick in 4-0 away win against Hong Kong.","2026-10-07"
"uae_football_v2_148","asian-cup:2019:round16-uae-opener","Khamis Ismail","https://www.the-afc.com/en/national/afc_asian_cup/news/round_of_16_uae_3-2_kyrgyz_republic_aet.html","2019 opener Khamis Ismail; Khalil winning extra-time penalty.","2026-10-07"
"uae_football_v2_149","asian-cup:2023:round16-caio-penalty-saver","Rustam Yatimov","https://www.the-afc.com/en/national/afc_asian_cup/news/r16_super_hanonov_takes_tajikistan_into_quarter-finals_1.html","Khalifa Hammadi late equaliser; Yatimov saved Caio's shootout penalty.","2026-10-07"
"uae_football_v2_150","qualifiers:2022:korea-uae-winning-scorer","Harib Abdalla","https://www.the-afc.com/en/national/asian_qualifiers/news/group_a_uae_v_korea_republic_1.html","Harib Abdalla goal secured Asian playoff.","2026-10-07"
"uae_football_v2_151","qualifiers:2016:japan-uae-brace","Ahmed Khalil","https://www.jfa.jp/eng/national_team_2016/news/00010859/","1 September 2016, Saitama, UAE 2-1 through Khalil's two goals.","2026-10-07"
"uae_football_v2_152","qualifiers:2024:qatar-four-goal-player","Fabio Lima","https://www.the-afc.com/en/national/asian_qualifiers.html/news/group-a-uae-5-0-qatar","Fabio Lima four goals in November 2024.","2026-10-07"
"uae_football_v2_153","asian-games:2018:bronze-opponent","Vietnam","https://www.the-afc.com/en/more/news/gritty_uae_claim_bronze%C2%A0.html","Vietnam beaten in bronze-match shootout 2018.","2026-10-07"
"uae_football_v2_154","olympics:2012:qualifying-winning-scorer","Habboush Saleh","https://www.the-afc.com/en/national/olympic_games/news/uae_defeat_behind_us_insist_uzbeks.html","Haboosh Saleh scored the late 3-2 qualification winner.","2026-10-07"
"uae_football_v2_155","olympics:2012:uae-opening-match-city","Manchester","https://www.the-afc.com/en/national/olympic_games/news/uae_come_up_short_against_uruguay.html","Manchester Olympic debut; Matar UAE opening goal.","2026-10-07"
"uae_football_v2_156","u20:uae:debut-host","Malaysia","https://www.fifa.com/ar/articles/arab-players-at-fifa-u20-world-cup-ismail-matar-uae-2003-ar","2003 Golden Ball; Colombia quarter-final exit; first youth appearance Malaysia 1997; five goals in Gulf 2007 including winners against Saudi Arabia and Oman.","2026-10-07"
"uae_football_v2_157","gulf:2013:mvp","Omar Abdulrahman","https://www.the-afc.com/ar/national/afc_asian_cup/news/%D8%A7%D9%84%D8%A5%D9%85%D8%A7%D8%B1%D8%A7%D8%AA_%D8%AA%D8%AA%D9%88%D8%AC_%D8%A8%D9%84%D9%82%D8%A8_%D9%83%D8%A3%D8%B3_%D8%A7%D9%84%D8%AE%D9%84%D9%8A%D8%AC.html","Omar MVP; Kuwait semi-final opponent; Khalil joint top scorer with Younis Mahmoud and Abdulhadi Khamis.","2026-10-07"
"uae_football_v2_158","gulf:2013:uae-semi-opponent","Kuwait","https://www.the-afc.com/ar/national/afc_asian_cup/news/%D8%A7%D9%84%D8%A5%D9%85%D8%A7%D8%B1%D8%A7%D8%AA_%D8%AA%D8%AA%D9%88%D8%AC_%D8%A8%D9%84%D9%82%D8%A8_%D9%83%D8%A3%D8%B3_%D8%A7%D9%84%D8%AE%D9%84%D9%8A%D8%AC.html","Omar MVP; Kuwait semi-final opponent; Khalil joint top scorer with Younis Mahmoud and Abdulhadi Khamis.","2026-10-07"
"uae_football_v2_159","gulf:2013:uae-joint-top-scorer","Ahmed Khalil","https://www.the-afc.com/ar/national/afc_asian_cup/news/%D8%A7%D9%84%D8%A5%D9%85%D8%A7%D8%B1%D8%A7%D8%AA_%D8%AA%D8%AA%D9%88%D8%AC_%D8%A8%D9%84%D9%82%D8%A8_%D9%83%D8%A3%D8%B3_%D8%A7%D9%84%D8%AE%D9%84%D9%8A%D8%AC.html","Omar MVP; Kuwait semi-final opponent; Khalil joint top scorer with Younis Mahmoud and Abdulhadi Khamis.","2026-10-07"
"uae_football_v2_160","awana:2011:backheel-penalty-opponent","Lebanon","https://www.the-afc.com/en/national/olympic_games/news/afc_saddend_by_awanas_demise.html","2010 Asian Games silver against Japan; 2008 quarter-final winner against Saudi Arabia; 2011 backheel penalty against Lebanon.","2026-10-07"
"uae_football_v2_161","pro-league:2010-11:top-scorer","Andre Senghor","https://www.the-afc.com/en/more/news/baniyas_uae_1.html","Sky Blues; Trezeguet signing; 1992 cup victory over Nasr; 2012 first ACL; Senghor 18-goal league top scorer 2010-11.","2026-10-07"
"uae_football_v2_162","bani-yas:2012:acl-coach","Gabriel Calderon","https://stats.the-afc.com/tournament/126/teams/829/profile","Gabriel Calderon listed as head coach.","2026-10-07"
"uae_football_v2_163","bani-yas:acl:debut-year","2012","https://www.the-afc.com/en/more/news/baniyas_uae_1.html","Sky Blues; Trezeguet signing; 1992 cup victory over Nasr; 2012 first ACL; Senghor 18-goal league top scorer 2010-11.","2026-10-07"
"uae_football_v2_164","al-wasl:rename:year","1973","https://live.proleague.ae/en/club/al-wasl.html","Founded 1960 as Al Zamalek; yellow; renamed 1973; first league 1981-82; GCC title 2010.","2026-10-07"
"uae_football_v2_165","al-nasr:1978:english-visitor","Liverpool","https://alnasrclub.com/ar/node/264","1945 Ghubaiba origins; Santos/Pele 1970; Liverpool 1978; stadium opened 1978.","2026-10-07"
"uae_football_v2_166","al-nasr:foundation:neighbourhood","Al Ghubaiba","https://alnasrclub.com/ar/node/264","1945 Ghubaiba origins; Santos/Pele 1970; Liverpool 1978; stadium opened 1978.","2026-10-07"
"uae_football_v2_167","al-shabab:foundation:year","1958","https://www.the-afc.com/en/more/news/al_shabab_al_arabi_uae.html","1958; Maktoum bin Rashid ground; 1990/1995/2008 league titles; Bonamigo 2011 two cups; Chilean Villanueva came after Blackburn loan.","2026-10-07"
"uae_football_v2_168","al-shabab:league:title-years","1990, 1995 and 2008","https://www.the-afc.com/en/more/news/al_shabab_al_arabi_uae.html","1958; Maktoum bin Rashid ground; 1990/1995/2008 league titles; Bonamigo 2011 two cups; Chilean Villanueva came after Blackburn loan.","2026-10-07"
"uae_football_v2_169","villanueva:2009:prior-english-club","Blackburn Rovers","https://www.the-afc.com/en/more/news/al_shabab_al_arabi_uae.html","1958; Maktoum bin Rashid ground; 1990/1995/2008 league titles; Bonamigo 2011 two cups; Chilean Villanueva came after Blackburn loan.","2026-10-07"
"uae_football_v2_170","al-wahda:first-presidents-cup:season","1999-2000","https://adsc.gov.ae/clubs-and-federations/al-wahda-sports-cultural-club/","1984 Emirates/Abu Dhabi merger; first league 1998-99; first cup 1999-2000.","2026-10-07"
"uae_football_v2_171","al-jazira:presidents-cup:first-three-title-years","2011, 2012 and 2016","https://www.jc.ae/en/the-club/history/","Abu Dhabi; 1974 Khalidiya/Bateen merger; Weah played; first league 2010-11; cups 2011/2012/2016; GCC 2007; CWC fourth 2017.","2026-10-07"
"uae_football_v2_172","gcc-clubs:2007:champion","Al Jazira","https://www.jc.ae/en/the-club/history/","Abu Dhabi; 1974 Khalidiya/Bateen merger; Weah played; first league 2010-11; cups 2011/2012/2016; GCC 2007; CWC fourth 2017.","2026-10-07"
"uae_football_v2_173","sharjah:1966:original-name","Al Orouba","https://sharjah24.ae/ar/Articles/2025/01/23/NJ1415","1966 Orouba; 1974 merger with Khaleej.","2026-10-07"
"uae_football_v2_174","sharjah:1974:merger-partner","Al Khaleej","https://sharjah24.ae/ar/Articles/2025/01/23/NJ1415","1966 Orouba; 1974 merger with Khaleej.","2026-10-07"
"uae_football_v2_175","pro-league:single-season:wins-record-2017","22 wins","https://www.uaeproleague.ae/en/news-and-gallery/al-jazira-hold-record-for-most-wins-in-a-single-pro-league-season","2016-17 Jazira 22 wins; report dated August 2026.","2026-10-07"
"uae_football_v2_176","pro-league:champions:68-point-clubs-2026","Al Jazira and Al Ain","https://www.uaeproleague.ae/en/news-and-gallery/68-points-al-ain-and-al-jazira-share-top-spot-in-champions-points-history","Jazira 2016-17 and Ain 2025-26 champions with 68 points.","2026-10-07"
"uae_football_v2_177","pro-league:2024:wasl-clincher-scorers","Haris Seferovic, Fabio Lima and Adama Diallo","https://www.uaeproleague.ae/en/news-and-gallery/al-wasl-crowned-2023-24-adnoc-pro-league-champions","3-0 against Shabab Al Ahli; Seferovic, Lima and Diallo scored.","2026-10-07"
"uae_football_v2_178","presidents-cup:2015:nasr-final-opponent","Al Ahli","https://www.khaleejtimes.com/sports/local-sports/presidents-cup-matches-to-happen-at-neutral-venues-uaefa","Nasr defeated Ahli 3-0 on penalties in 2015 final.","2026-10-07"
"uae_football_v2_179","super-cup:2024:pre-shootout-score","2-2","https://www.uaeproleague.ae/en/news-and-gallery/emaar-super-cup-19","December 2024, 2-2 before penalties; Gimenez backheel.","2026-10-07"
"uae_football_v2_180","super-cup:2024:wasl-backheel-scorer","Nicolas Gimenez","https://www.uaeproleague.ae/en/news-and-gallery/emaar-super-cup-19","December 2024, 2-2 before penalties; Gimenez backheel.","2026-10-07"
"uae_football_v2_181","presidents-cup:2026:final-brace-scorer","Soufiane Rahimi","https://www.uaeproleague.ae/en/news-and-gallery/al-ain-crowned-presidents-cup-champions-with-emphatic-victory-over-al-jazira","2026 league/cup double; Rahimi brace in final against Jazira.","2026-10-07"
"uae_football_v2_182","presidents-cup:2024:final-brace-scorer","Fabio Lima","https://www.alwaslsc.ae/en-gb/news-details/Al-Wasl-dominates-Al-Nasr","Lima brace in 4-0 final against Nasr, May 2024.","2026-10-07"
"uae_football_v2_183","al-wasl:double:previous-year-before-2024","2007","https://sharjah24.ae/en/Articles/2024/05/17/Al-Wasl-champion-of-Presidents-Cup-at-the-expense-of-Al-Nasr","Previous league/cup double 2007.","2026-10-07"
"uae_football_v2_184","acl:2015:ahli-semi-winning-scorer","Kwon Kyung-won","https://www.the-afc.com/en/club/afc_champions_league/news/stoppage-time_winner_sees_al_ahli_advance_to_acl_final.html","Kwon Kyung-won semifinal winner against Hilal in 2015.","2026-10-07"
"uae_football_v2_185","acl:2015:ahli-quarter-opponent","Naft Tehran","https://www.the-afc.com/en/club/afc_champions_league/news/afc_champions_league_final_al_ahli_facts__figures.html","Naft Tehran quarter opponent; Olaroiu coach; Lima arrived from Benfica; Ain 2005 finalist against Ittihad; 2003 semi Dalian 7-6.","2026-10-07"
"uae_football_v2_186","acl:2015:ahli-coach","Cosmin Olaroiu","https://www.the-afc.com/en/club/afc_champions_league/news/afc_champions_league_final_al_ahli_facts__figures.html","Naft Tehran quarter opponent; Olaroiu coach; Lima arrived from Benfica; Ain 2005 finalist against Ittihad; 2003 semi Dalian 7-6.","2026-10-07"
"uae_football_v2_187","lima:2015:ahli-origin-club","Benfica","https://www.the-afc.com/en/club/afc_champions_league/news/afc_champions_league_final_al_ahli_facts__figures.html","Naft Tehran quarter opponent; Olaroiu coach; Lima arrived from Benfica; Ain 2005 finalist against Ittihad; 2003 semi Dalian 7-6.","2026-10-07"
"uae_football_v2_188","acl:2007:wahda-quarter-opponent","Al Hilal","https://assets.the-afc.com/migration/a/c/acl-2017-media-guide-34848","Wahda eliminated Hilal on away goals; Sepahan eliminated Wahda in semifinal.","2026-10-07"
"uae_football_v2_189","acl:2007:wahda-semi-opponent","Sepahan","https://assets.the-afc.com/migration/a/c/acl-2017-media-guide-34848","Wahda eliminated Hilal on away goals; Sepahan eliminated Wahda in semifinal.","2026-10-07"
"uae_football_v2_190","acl:2016:nasr-round16-opponent","Tractor Sazi","https://assets.the-afc.com/More/AFC-Champions-League-2021-Media-Guide.pdf","Nasr eliminated Tractor 5-4 on aggregate in 2016 round of 16.","2026-10-07"
"uae_football_v2_191","acl-two:2025:sharjah-semi-late-scorers","Ousmane Camara and Firas Ben Arbi","https://www.the-afc.com/en/club/afc_champions_league_two.html/news/sharjah-strike-late-to-book-final-berth","Camara and Ben Arbi scored stoppage-time goals against Taawoun.","2026-10-07"
"uae_football_v2_192","acl-two:2025:sharjah-quarter-shootout-keeper","Adel Al Hosani","https://assets.the-afc.com/AFC_Congress/2026/36th-AFC-Congress-2026---Activity-Report.pdf","Adel Al Hosani saved Kauan Santos's penalty.","2026-10-07"
"uae_football_v2_193","fahad-khamees:league:record-goals-before-mabkhout","175 goals","https://www.uaeproleague.ae/en/news-and-gallery/alimabkhothistory","Fahad Khamees's record tally was 175 league goals; surpassed February 2022.","2026-10-07"
"uae_football_v2_194","acl:2003:final-opponent","BEC Tero Sasana","https://assets.the-afc.com/migration/a/c/acl2017-draw-press-kit-group-stage-draw-34202","Inaugural winner Ain; 2003 final against BEC Tero Sasana.","2026-10-07"
"uae_football_v2_195","acl:2005:final-opponent","Al Ittihad of Saudi Arabia","https://www.the-afc.com/en/club/afc_champions_league/news/afc_champions_league_final_al_ahli_facts__figures.html","Naft Tehran quarter opponent; Olaroiu coach; Lima arrived from Benfica; Ain 2005 finalist against Ittihad; 2003 semi Dalian 7-6.","2026-10-07"
"uae_football_v2_196","acl:2003:ain-semi-opponent","Dalian Shide","https://www.the-afc.com/en/club/afc_champions_league/news/afc_champions_league_final_al_ahli_facts__figures.html","Naft Tehran quarter opponent; Olaroiu coach; Lima arrived from Benfica; Ain 2005 finalist against Ittihad; 2003 semi Dalian 7-6.","2026-10-07"
"uae_football_v2_197","league-cup:2013:ajman-coach","Abdul Wahab Abdul Qader","https://www.khaleejtimes.com/sports/football/ajman-lift-etisalat-cup","Abdul Wahab Abdul Qader coached Ajman's 2013 winners.","2026-10-07"
"uae_football_v2_198","club-world-cup:2018:semi-saved-final-penalty","Enzo Perez","https://inside.fifa.com/tournaments/mens/clubworldcup/uae2018/news/al-ain-advance-to-final-on-penalties","River Plate semi-final; Zoran Mamic coach; Khalid Eisa saved Enzo Perez's final penalty.","2026-10-07"
"uae_football_v2_199","club-world-cup:2018:silver-ball","Caio Lucas","https://inside.fifa.com/tournaments/mens/clubworldcup/uae2018/news/bale-caio-and-borre-sweep-awards","Caio Silver Ball; assisted Shiotani's final goal.","2026-10-07"
"uae_football_v2_200","club-world-cup:2018:ain-final-scorer","Tsukasa Shiotani","https://inside.fifa.com/tournaments/mens/clubworldcup/uae2018/news/bale-caio-and-borre-sweep-awards","Caio Silver Ball; assisted Shiotani's final goal.","2026-10-07"
"uae_football_v2_201","club-world-cup:2017:jazira-semi-player-award","Ali Khaseif","https://inside.fifa.com/news/ramadan-al-jazira-want-to-prove-that-2017-was-not-a-fluke","Ten Cate coach; Mabkhout first Emirati pro-era top scorer; Urawa winner Mabkhout; Romarinho Madrid goal; Khaseif match award.","2026-10-07"
"uae_football_v2_202","club-world-cup:2017:jazira-opening-opponent","Auckland City","https://inside.fifa.com/tournaments/mens/clubworldcup/uae2017/news/romarinho-fires-al-jazira-forward-2922956","Opening 1-0 victory over Auckland City.","2026-10-07"
"uae_football_v2_203","pro-league:2016-17:mabkhout-goals","33 goals","https://www.uaeproleague.ae/en/news-and-gallery/golden-boot-legends-the-strikers-who-defined-the-adnoc-pro-league","Mabkhout 33 goals in 2016-17; also confirmed by contemporary AFC Quarterly Issue 21. FIFA retrospective incorrectly gives 32.","2026-10-07"
"uae_football_v2_204","asian-cup:2015:quarter-japan-missed-penalties","Keisuke Honda and Shinji Kagawa","https://www.the-afc.com/en/more/news/afc_asian_cup_qf_japan_1-1_uae_aet_4-5_on_penalties.html","Japan eliminated; Majed Naser goalkeeper; Ismail Ahmed winning penalty; Honda and Kagawa missed.","2026-10-07"
