"pair","hash","similarity","factA","factB","questionA","answerA","questionB","answerB","decision","reason"
"uae_football_v2_011/uae_football_v2_058","6c78b00870e1bc4965345e8b1f64e262fe11966dbb51b10bfe2c663c8aeb0a68","0.615","acl:2023-24:champion","acl:2003:inaugural-winner","Which UAE club won the 2023-24 AFC Champions League?","Al Ain","Which UAE club won the inaugural AFC Champions League in 2003?","Al Ain","",""
"uae_football_v2_015/uae_football_v2_051","cececd79cd5f5ed655b408eb6b5d19fcccbca0f8dc1ad698d1cbd5f8fbe3d405","0.636","asian-cup:1996:final-opponent","gulf:2013:final-opponent","Who faced the UAE in the 1996 Asian Cup final?","Saudi Arabia","Who faced the UAE in the 2013 Gulf Cup final?","Iraq","",""
"uae_football_v2_021/uae_football_v2_023","072206deff64936ec445821072a54c98cf7def9bd21a1d6a45e1c061e1fd7d9b","0.778","al-wasl:home:stadium","al-jazira:home:stadium","What is Al Wasl's home stadium called?","Zabeel Stadium","What is Al Jazira's home stadium called?","Mohammed bin Zayed Stadium","",""
"uae_football_v2_021/uae_football_v2_025","13df37ae8e2176d2bda1d82c84f6a24b6272a68e23257b77e119be27ca64e291","0.667","al-wasl:home:stadium","ajman:home:stadium","What is Al Wasl's home stadium called?","Zabeel Stadium","What is Ajman's home stadium called?","Rashid bin Saeed Stadium","",""
"uae_football_v2_021/uae_football_v2_027","c66fc7e2e7c5fc8b9bc07d7cead434466ee92e7abde17b4385127e627bd05790","0.667","al-wasl:home:stadium","khorfakkan:home:stadium","What is Al Wasl's home stadium called?","Zabeel Stadium","What is Khorfakkan's home stadium called?","Saqr bin Mohammed Al Qassimi Stadium","",""
"uae_football_v2_021/uae_football_v2_067","85f63a5156869d7bf56cd975f52360f07c88165c75b13d6b601b6950fbfcc68a","0.667","al-wasl:home:stadium","kalba:home:stadium","What is Al Wasl's home stadium called?","Zabeel Stadium","What is Kalba's home stadium called?","Kalba Stadium","",""
"uae_football_v2_023/uae_football_v2_025","98c7f690aa1f7ff1a4e2121f7c812cbc2b3df218ba06d7e0096f2bf2f78ec9ec","0.667","al-jazira:home:stadium","ajman:home:stadium","What is Al Jazira's home stadium called?","Mohammed bin Zayed Stadium","What is Ajman's home stadium called?","Rashid bin Saeed Stadium","",""
"uae_football_v2_023/uae_football_v2_027","09f39b46684ec5f36579be39f103da329ebd62d29ceceb80f957f56f35abd7e5","0.667","al-jazira:home:stadium","khorfakkan:home:stadium","What is Al Jazira's home stadium called?","Mohammed bin Zayed Stadium","What is Khorfakkan's home stadium called?","Saqr bin Mohammed Al Qassimi Stadium","",""
"uae_football_v2_023/uae_football_v2_067","928f68838f94f3a0431889e8a43abe435f6037b67b884e3e367cff36266fcd21","0.667","al-jazira:home:stadium","kalba:home:stadium","What is Al Jazira's home stadium called?","Mohammed bin Zayed Stadium","What is Kalba's home stadium called?","Kalba Stadium","",""
"uae_football_v2_025/uae_football_v2_027","6421f2b8915cacd0a203172eacb999c5cebe7337ced111e2874690008749bfed","0.75","ajman:home:stadium","khorfakkan:home:stadium","What is Ajman's home stadium called?","Rashid bin Saeed Stadium","What is Khorfakkan's home stadium called?","Saqr bin Mohammed Al Qassimi Stadium","",""
"uae_football_v2_025/uae_football_v2_067","a392d2cb012eceef7c3a9cf4086b9d4b27ec8447a546e7007970b71abf9a6c10","0.75","ajman:home:stadium","kalba:home:stadium","What is Ajman's home stadium called?","Rashid bin Saeed Stadium","What is Kalba's home stadium called?","Kalba Stadium","",""
"uae_football_v2_027/uae_football_v2_067","4f5319eb2b839c04d7bc53c96f043116fd5f1162bd192c2cfde3d6bcfb2d2c48","0.75","khorfakkan:home:stadium","kalba:home:stadium","What is Khorfakkan's home stadium called?","Saqr bin Mohammed Al Qassimi Stadium","What is Kalba's home stadium called?","Kalba Stadium","",""
"uae_football_v2_029/uae_football_v2_030","6a7aaf1ecb6cb53bbab0a21a11c0900dd890de8ca2372fccc4cb999ceec4d658","0.667","al-wasl:kit:primary-colour","al-nasr:kit:primary-colour","What is Al Wasl's traditional primary shirt colour?","Yellow","What is UAE club Al Nasr's traditional primary shirt colour?","Blue","",""
"uae_football_v2_031/uae_football_v2_032","6da3b5493d7f03cdd45a5edcba8aaa93adf95fe32bc7d5a636614d227f06ce21","0.667","bani-yas:nickname","sharjah:nickname","Which UAE club is nicknamed the Sky Blues?","Bani Yas","Which UAE club is nicknamed the King?","Sharjah","",""
"uae_football_v2_031/uae_football_v2_033","2c7d5cfd352d1c8a0f78180d8377b71773a537d64204c5c9a91133c4dad968c4","0.6","bani-yas:nickname","al-wasl:nickname","Which UAE club is nicknamed the Sky Blues?","Bani Yas","Which UAE football club is nicknamed the Emperor?","Al Wasl","",""
"uae_football_v2_032/uae_football_v2_033","93240c241a01e326fb19a77dd2d1faa9228b3d3f2c39ff332c40aac15bcc575b","0.667","sharjah:nickname","al-wasl:nickname","Which UAE club is nicknamed the King?","Sharjah","Which UAE football club is nicknamed the Emperor?","Al Wasl","",""
"uae_football_v2_039/uae_football_v2_047","7fdafe8c56e89a86dc9d2762da50118da3e9f114139ee9f87129b91bac6d41b3","0.6","pro-league:2023-24:champion","league-cup:2013:champion","Who won the UAE league in 2023-24?","Al Wasl","Who won the UAE League Cup in 2013?","Ajman","",""
"uae_football_v2_043/uae_football_v2_105","b37fbed2942ef9fa5778cdbdbefb8c595b38c27393d63c59ee7971a106caee1d","0.636","pro-league:2025-26:champion","pro-league:2016-17:champion","Who won the UAE Pro League in 2025-26?","Al Ain","Who won the UAE Pro League in 2016-17?","Al Jazira","",""
"uae_football_v2_046/uae_football_v2_123","20b1fe4e4303081a3b2784adc5551740548b9a70ddcb297718688e44bbde0262","0.778","league-cup:2024:champion","league-cup:2023:champion","Which club won the ADIB Cup in 2024?","Al Wahda","Which club won the ADIB Cup in 2023?","Sharjah","",""
"uae_football_v2_049/uae_football_v2_072","4f9a55915fc48505e8fd43d733af7ea84342752a4b6eb607213ee9cc88570ebf","0.6","world-cup:1990:uae-first-scorer","world-cup:1990:uae-yugoslavia-scorer","Who scored the UAE's first goal at a World Cup finals?","Khalid Ismail","Who scored the UAE's goal against Yugoslavia at the 1990 World Cup?","Ali Thani","",""
"uae_football_v2_053/uae_football_v2_197","7c8c3d86a55ca5faf804d4d17f45b2cd6f12628eb02cd49d00342b427f0c5eda","0.643","uae:2013:head-coach","league-cup:2013:ajman-coach","Which head coach led the UAE to the 2013 Gulf Cup title?","Mahdi Ali","Which Iraqi coach led Ajman to the 2013 UAE League Cup title?","Abdul Wahab Abdul Qader","",""
"uae_football_v2_059/uae_football_v2_086","1a1f45cf05ebf7248867a55aa4f932246b950b929e06926eb2e8cb49cd14332c","0.714","u19:2008:final-uae-scorer","u19:2008:final-opponent","Who scored both UAE goals in the 2008 AFC U-19 Championship final?","Ahmed Khalil","Who faced the UAE in the 2008 AFC U-19 Championship final?","Uzbekistan","",""
"uae_football_v2_060/uae_football_v2_062","eafdadb47c8d2ebda16c414b8630b7c6b4ea45207ce39ec764f369fe9ea6bd36","0.647","asian-cup:2019:uae-quarter-final-opponent","asian-cup:2015:uae-quarter-final-opponent","Which defending champion did the UAE eliminate in the 2019 Asian Cup quarter-finals?","Australia","Which defending champion did the UAE beat on penalties in the 2015 Asian Cup quarter-finals?","Japan","",""
"uae_football_v2_063/uae_football_v2_065","df2a9184ab1c745793acece0b0de1ded81ec66ec6b9f1605c1d2177d5069e3ad","0.6","al-jazira:location:city","al-wasl:location:city","In which city is UAE club Al Jazira based?","Abu Dhabi","In which city is Al Wasl based?","Dubai","",""
"uae_football_v2_075/uae_football_v2_092","566abef2170db436b6a0c9e666c08d4358a047e97dd49db5572d0773ab86701c","0.6","asian-cup:1996:uae-semi-opponent","gulf:2007:uae-semi-opponent","Which team did the UAE beat in the 1996 Asian Cup semi-final?","Kuwait","Which team did the UAE eliminate in the Gulf Cup 18 semi-final?","Saudi Arabia","",""
"uae_football_v2_075/uae_football_v2_139","53d64486242668f660872696937fea2044fa59bc39fb524c57ca6851809481e8","0.611","asian-cup:1996:uae-semi-opponent","asian-cup:1996:uae-quarter-opponent","Which team did the UAE beat in the 1996 Asian Cup semi-final?","Kuwait","Which team did the UAE beat 1-0 after extra time in the 1996 Asian Cup quarter-final?","Iraq","",""
"uae_football_v2_096/uae_football_v2_130","c29e5eb499eb3da8c53b69d420fc04cd7fb367920974c8650f8e69392f1fef69","0.833","al-wahda:first-league:season","al-wasl:first-league:season","In which season did Al Wahda win their first league title?","1998-99","In which season did Al Wasl win their first league title?","1981-82","",""
"uae_football_v2_096/uae_football_v2_170","1aefb5018035c7ce1b0b67eac8e43fd0ff8979779c49a0431e3b3ef177fb27b8","0.643","al-wahda:first-league:season","al-wahda:first-presidents-cup:season","In which season did Al Wahda win their first league title?","1998-99","In which season did Al Wahda win their first President's Cup?","1999-2000","",""
"uae_football_v2_099/uae_football_v2_172","4f99972047660f3130dc82c5875ffb0cc0bbf56ed723a61d3294291c891ed55d","0.8","gcc-clubs:2010:champion","gcc-clubs:2007:champion","Which UAE club won the GCC Club Championship in 2010?","Al Wasl","Which UAE club won the GCC Club Championship in 2007?","Al Jazira","",""
"uae_football_v2_110/uae_football_v2_195","09a2c808aa1d3a865e9ae434e68b0ba5bce7050244ee6f45dbe43a4bf50bb6df","0.625","acl:2015:final-opponent","acl:2005:final-opponent","Which Chinese club faced UAE club Al Ahli in the 2015 AFC Champions League final?","Guangzhou Evergrande","Which club faced Al Ain in the 2005 AFC Champions League final?","Al Ittihad of Saudi Arabia","",""
"uae_football_v2_111/uae_football_v2_194","b64b46d78363c4b490432612d5fbefab42e65ad3ae6094c8d095e3205122f390","0.733","acl:2016:final-opponent","acl:2003:final-opponent","Which Korean club faced Al Ain in the 2016 AFC Champions League final?","Jeonbuk Hyundai Motors","Which Thai club faced Al Ain in the 2003 AFC Champions League final?","BEC Tero Sasana","",""
"uae_football_v2_111/uae_football_v2_195","6a4c733d86db95a11496ebca3ee505fd4378e21a79f37f0f5626b37a46f69009","0.786","acl:2016:final-opponent","acl:2005:final-opponent","Which Korean club faced Al Ain in the 2016 AFC Champions League final?","Jeonbuk Hyundai Motors","Which club faced Al Ain in the 2005 AFC Champions League final?","Al Ittihad of Saudi Arabia","",""
"uae_football_v2_113/uae_football_v2_191","a108f72de9116b16f2f2d08e3c8a45b92ce2b8b3c8285c3a73b59cf303a57f3c","0.619","acl-two:2025:final-winning-scorer","acl-two:2025:sharjah-semi-late-scorers","Who scored Sharjah's stoppage-time winner in the 2025 Champions League Two final?","Marcus Meloni","Who scored Sharjah's two stoppage-time goals against Al Taawoun in the 2025 Champions League Two semi-final second leg?","Ousmane Camara and Firas Ben Arbi","",""
"uae_football_v2_114/uae_football_v2_195","a8e52eb27f9b5b400e33ca53ee1aa1d73e4e8be0560c27adcb448bc379d9f90e","0.6","acl:2024:final-opponent","acl:2005:final-opponent","Who faced Al Ain in the 2023-24 AFC Champions League final?","Yokohama F. Marinos","Which club faced Al Ain in the 2005 AFC Champions League final?","Al Ittihad of Saudi Arabia","",""
"uae_football_v2_170/uae_football_v2_171","9088141d8ab2ece1534f29cc5a11ac64830970f24865c370cb25b63cd83950a7","0.625","al-wahda:first-presidents-cup:season","al-jazira:presidents-cup:first-three-title-years","In which season did Al Wahda win their first President's Cup?","1999-2000","In which years did Al Jazira win their first three President's Cup titles?","2011, 2012 and 2016","",""
"uae_football_v2_194/uae_football_v2_195","6a4ed33237f7516383b4c36f5b0af382f1875287c32f117319bf815affaf7771","0.786","acl:2003:final-opponent","acl:2005:final-opponent","Which Thai club faced Al Ain in the 2003 AFC Champions League final?","BEC Tero Sasana","Which club faced Al Ain in the 2005 AFC Champions League final?","Al Ittihad of Saudi Arabia","",""
