"id","difficulty","factKey","topic","questionAr","questionEn","answerAr","answerEn","sourceName","sourceUrl","evidence","lastVerified"
"serie_a_v2_001","easy200","history:singleleague:firstchampion",,"أي نادٍ فاز بأول نسخة من الدوري الإيطالي بنظام المجموعة الواحدة عام 1929–1930؟","Which club won the first single-group Italian league in 1929–1930?","إنتر","Inter","Lega Serie A: Destinazione Scudetto, 6 October 2026","https://www.legaseriea.it/serie-a/news/ascolta-destinazione-scudetto-by-panini-su-radio-tv-serie-a","The 1929/30 competition was the first single-group Serie A; Inter won and Giuseppe Meazza scored 31 to lead the scorers.","2026-10-07"
"serie_a_v2_002","easy200","record:career:piola",,"من الهداف التاريخي للدوري الإيطالي بنظام المجموعة الواحدة برصيد 274 هدفاً؟","Who is the all-time top scorer in the single-group Serie A with 274 goals?","سيلفيو بيولا","Silvio Piola","Lega Serie A: Buon compleanno Shevchenko, 29 September 2026","https://www.legaseriea.it/serie-a/news/buon-compleanno-shevchenko-x5287","Silvio Piola holds the single-group Serie A scoring record with 274 goals; Shevchenko coached Genoa in 2021/22.","2026-10-07"
"serie_a_v2_003","easy200","derby:madonnina:clubs",,"أي ناديين يتواجهان في «ديربي ديلا مادونينا»؟","Which two clubs contest the Derby della Madonnina?","ميلان وإنتر","AC Milan and Inter","Inter: Origins, heroes and records from the derby","https://www.inter.it/en/news/inter-ac-milan-origins-heroes-records-guide-derby","Inter and Milan contest the derby named for the golden Madonnina atop the Duomo. First meeting was in Chiasso in 1908; first competitive meeting outside Milan was in Beijing in the 2011 Supercoppa.","2026-10-07"
"serie_a_v2_004","easy200","derby:capital:clubs",,"أي ناديين يتواجهان في ديربي العاصمة الإيطالية؟","Which two clubs contest the derby of the Italian capital?","روما ولاتسيو","Roma and Lazio","Lazio: Lulic al 71, il derby dei derby","https://prodc.sslazio.it/en/news/storia/laziostory-or-lulic-al-71-il-derby-dei-derby-e-biancoceleste","Lazio beat Roma in the 2013 Coppa Italia final with Senad Lulic's goal; Vladimir Petkovic coached Lazio.","2026-10-07"
"serie_a_v2_005","easy200","identity:juventus:colours",,"ما اللونان التقليديان في قميص يوفنتوس المخطط؟","What are the two traditional colours of Juventus's striped shirt?","الأسود والأبيض","Black and white","Juventus: The elegance of the Old Lady","https://www.juventus.com/en/news/articles/the-elegance-of-the-old-lady","Juventus originally wore pink, then adopted black and white stripes supplied through Notts County.","2026-10-07"
"serie_a_v2_006","easy200","stadium:napoli:namesake",,"يحمل ملعب نابولي اسم أي أسطورة أرجنتينية؟","Napoli's stadium bears the name of which Argentine legend?","دييغو مارادونا","Diego Maradona","SSC Napoli: Comunicato stampa, 21 June 2022","https://sscnapoli.it/comunicato-stampa-ssc-napoli/","The club identifies its home stadium as the Stadio Diego Armando Maradona.","2026-10-07"
"serie_a_v2_007","easy200","identity:milan:colours",,"ما اللونان اللذان يشير إليهما لقب ميلان «روسونيري»؟","Which two colours are reflected in AC Milan's nickname Rossoneri?","الأحمر والأسود","Red and black","AC Milan: Club history","https://www.acmilan.com/en/club/history","Kilpin founded Milan and selected red and black. Baresi was second in the 1989 Ballon d'Or. Milan went 58 league games unbeaten in 1991–93; Zaccheroni won the Scudetto in his first season; Pioli coached the 2022 champions.","2026-10-07"
"serie_a_v2_008","easy200","title:cagliari1970:club",,"أي نادٍ من سردينيا فاز بالدوري الإيطالي عام 1970 بوجود جيجي ريفا في الهجوم؟","Which Sardinian club won the Italian league in 1970 with Gigi Riva leading the attack?","كالياري","Cagliari","Cagliari: Rossoblu history","https://cagliaricalcio.com/en/casteddu/rossoblu-history/","Cagliari moved to Amsicora in 1952; Scopigno, the Philosopher, coached the 1970 champions; Cagliari beat Bari 2–0 to clinch the championship led by Riva.","2026-10-07"
"serie_a_v2_009","easy200","title:verona1985:club",,"أي نادٍ حقق المفاجأة وأحرز الدوري الإيطالي عام 1985 بقيادة أوزفالدو بانيولي؟","Which club pulled off the surprise of winning the Italian league in 1985 under Osvaldo Bagnoli?","هيلاس فيرونا","Hellas Verona","Hellas Verona: 12 maggio 1985, Campione d'Italia","https://hellasverona.it/news/12-maggio-1985-hellas-verona-campione-ditalia-video","Bagnoli's Verona clinched the 1985 Scudetto by drawing Atalanta 1–1 in Bergamo.","2026-10-07"
"serie_a_v2_010","easy200","attack:sampdoria:goaltwins",,"من هما ثنائي سامبدوريا الشهير بلقب «توأم الأهداف»؟","Who formed Sampdoria's famous Goal Twins strike partnership?","جانلوكا فيالي وروبرتو مانشيني","Gianluca Vialli and Roberto Mancini","UC Sampdoria: Storia","https://www.sampdoria.it/storia/","Boskov coached the 1991 champions, who secured the title by beating Lecce 3–0. Vialli and Mancini were the Gemelli del Gol.","2026-10-07"
"serie_a_v2_011","easy200","coach:milan2022:pioli",,"من قاد ميلان مدرباً إلى لقب الدوري الإيطالي عام 2022؟","Who coached AC Milan to the Italian league title in 2022?","ستيفانو بيولي","Stefano Pioli","AC Milan: Club history","https://www.acmilan.com/en/club/history","Kilpin founded Milan and selected red and black. Baresi was second in the 1989 Ballon d'Or. Milan went 58 league games unbeaten in 1991–93; Zaccheroni won the Scudetto in his first season; Pioli coached the 2022 champions.","2026-10-07"
"serie_a_v2_012","easy200","record:roma:careerleader",,"أي قائد لعب كامل مسيرته الاحترافية مع روما وأصبح هدافه التاريخي؟","Which captain spent his entire professional career at Roma and became their all-time leading scorer?","فرانشيسكو توتي","Francesco Totti","AS Roma: Francesco Totti, Hall of Fame","https://www.asroma.com/en/club/history/hall-of-fame/15259/francesco-totti","Totti's career was entirely at Roma; he won the 2007 Golden Shoe, inherited the armband from Aldair in 1998, debuted in Serie A against Brescia in 1993 and played his final competitive game against Genoa in May 2017.","2026-10-07"
"serie_a_v2_013","easy200","history:genoa:firstnationaltitle",,"أي نادٍ فاز بأول بطولة وطنية إيطالية لكرة القدم عام 1898؟","Which club won Italy's first national football championship in 1898?","جنوى","Genoa","Genoa: Il primo scudetto","https://genoacfc.it/2024/05/08/l8-maggio-del-1898-il-genoa-vinceva-il-primo-scudetto/","Genoa won the first national Italian championship in 1898.","2026-10-07"
"serie_a_v2_014","easy200","title:roma2001:coach",,"من درب روما عندما أحرز لقب الدوري الإيطالي عام 2001؟","Who coached Roma when they won the 2001 Italian league title?","فابيو كابيلو","Fabio Capello","AS Roma: Honours","https://www.asroma.com/en/club/history/honours","Fabio Capello coached the 2000/01 championship side.","2026-10-07"
"serie_a_v2_015","easy200","history:grandetorino:captain",,"من كان القائد الأسطوري لفريق «غراندِه تورينو» في أربعينيات القرن الماضي؟","Who was the legendary captain of the Grande Torino team in the 1940s?","فالنتينو مازولا","Valentino Mazzola","Torino: Il ricordo di Valentino Mazzola","https://www.torinofc.it/news/26/01/2026/il-ricordo-di-valentino-mazzola_40899","Valentino Mazzola was the charismatic captain and symbol of Grande Torino.","2026-10-07"
"serie_a_v2_016","easy200","record:juventus:careerleader",,"من صاحب الرقم القياسي في الأهداف والمشاركات الرسمية مع يوفنتوس؟","Who holds Juventus's records for both goals and competitive appearances?","أليساندرو ديل بييرو","Alessandro Del Piero","Juventus: Black and White Stories, Alex e i numeri","https://www.juventus.com/it/news/articoli/black-white-stories-alex-e-i-numeri","Del Piero holds Juventus's competitive goals and appearances records.","2026-10-07"
"serie_a_v2_017","easy200","history:buffon:firstclub",,"مع أي نادٍ خاض جانلويجي بوفون أول مباراة احترافية له؟","With which club did Gianluigi Buffon make his professional debut?","بارما","Parma","Parma: G1gi is forever","https://www.parmacalcio1913.com/en/main-news/g1gi-is-forever/","Buffon made his professional and Serie A debut for Parma against Milan on 19 November 1995.","2026-10-07"
"serie_a_v2_018","easy200","identity:bergomi:zio",,"أي مدافع أسطوري لإنتر اشتهر بلقب «العم» أو «لو زيو»؟","Which legendary Inter defender was nicknamed Lo Zio, the Uncle?","جوزيبي بيرغومي","Giuseppe Bergomi","Inter: Giuseppe Bergomi, Hall of Fame","https://www.inter.it/it/club/hall-of-fame/giuseppe-bergomi","Bergomi was nicknamed Zio and debuted for Inter against Juventus in the Coppa Italia on 30 January 1980 aged 16 years and 39 days.","2026-10-07"
"serie_a_v2_019","easy200","record:udinese:dinatale",,"أي قائد أصبح صاحب الرقم القياسي في الأهداف والمشاركات مع أودينيزي بعد 12 موسماً فيه؟","Which captain became Udinese's record holder for goals and appearances after 12 seasons at the club?","أنطونيو دي ناتالي","Antonio Di Natale","Udinese: Accadde oggi, l'esordio di Di Natale","https://www.udinese.it/news/memories/accadde-oggi-l-esordio-di-di-natale","Di Natale arrived from Empoli in 2004; he spent 12 seasons with Udinese and became their captain and record goalscorer and appearance holder.","2026-10-07"
"serie_a_v2_020","easy200","coach:inter2010:mourinho",,"أي مدرب برتغالي قاد إنتر في موسم الثلاثية التاريخية عام 2010؟","Which Portuguese coach led Inter in their historic treble season in 2010?","جوزيه مورينيو","Jose Mourinho","Inter: Ten unforgettable moments from Siena 0–1 Inter in 2010","https://www.inter.it/en/news/2020-05-16-10-unforgettable-moments-from-siena-0-1-inter-2010","Mourinho coached the treble winners; Milito scored the title-clinching goal at Siena.","2026-10-07"
"serie_a_v2_021","easy200","coach:napoli2023:spalletti",,"من قاد نابولي مدرباً إلى لقب الدوري الإيطالي عام 2023؟","Who coached Napoli to the 2023 Italian league title?","لوتشيانو سباليتي","Luciano Spalletti","Napoli: Round off campaign with 2–0 win over Samp","https://sscnapoli.it/en/napoli-sampdoria-2-0-gol-di-osimhen-su-rigore-e-simeone/","Spalletti's team lifted the Scudetto after the final game of the 2022/23 season.","2026-10-07"
"serie_a_v2_022","easy200","season:juve2012:unbeatenclub",,"أي نادٍ توج بالدوري الإيطالي عام 2012 دون خسارة بقيادة أنطونيو كونتي؟","Which club won the Italian league unbeaten in 2012 under Antonio Conte?","يوفنتوس","Juventus","Juventus: Return to success","https://www.juventus.com/en/club/history/return-to-success","Conte's Juventus finished the 2011/12 league unbeaten and set the 102-point record in 2013/14.","2026-10-07"
"serie_a_v2_023","easy200","identity:inter:zanettinumber",,"أي رقم ارتداه خافيير زانيتي طوال مسيرته مع إنتر ثم سحبه النادي تكريماً له؟","Which number did Javier Zanetti wear throughout his Inter career before the club retired it in his honour?","4","4","Inter: Happy birthday Javier Zanetti, 2026","https://www.inter.it/en/news/birthday-javier-zanetti-celebrations-inter-2026","Zanetti made a club-record 858 appearances and wore number 4, retired in his honour.","2026-10-07"
"serie_a_v2_024","easy200","identity:milan:baresinumber",,"أي رقم سحبه ميلان تكريماً لقائده فرانكو باريزي؟","Which number did AC Milan retire in honour of captain Franco Baresi?","6","6","AC Milan: Franco Baresi, Hall of Fame","https://www.acmilan.com/en/hall-of-fame/inductees/franco-baresi","Milan retired Baresi's number 6.","2026-10-07"
"serie_a_v2_025","easy200","rule:shirtstar:tentitles",,"كم لقب دوري إيطالي تمثل النجمة الواحدة فوق شعار النادي؟","How many Italian league titles does one star above a club's crest represent?","10 ألقاب","10 titles","Juventus: The story of a legend","https://www.juventus.com/en/club/history/the-story-of-a-legend","Juventus earned a shirt star in 1958 to mark ten league titles.","2026-10-07"
"serie_a_v2_026","easy200","history:platini:threeballons",,"أي نجم فرنسي ليوفنتوس فاز بثلاث كرات ذهبية متتالية في الثمانينيات؟","Which French Juventus star won three consecutive Ballons d'Or in the 1980s?","ميشيل بلاتيني","Michel Platini","Juventus: Michel Platini, Hall of Fame","https://halloffame.juventus.com/en/hall-of-fame/michel-platini","Platini won three consecutive Ballons d'Or while playing at Juventus.","2026-10-07"
"serie_a_v2_027","easy200","family:maldini:father",,"ما اسم والد باولو مالديني الذي قاد ميلان أيضاً بصفته لاعباً؟","What is the name of Paolo Maldini's father, who also captained AC Milan?","تشيزاري مالديني","Cesare Maldini","AC Milan: Paolo Maldini, Legends","https://www.acmilan.com/en/club/legends/player/paolo-maldini","Paolo's father was captain Cesare Maldini; Nils Liedholm gave Paolo his league debut in January 1985.","2026-10-07"
"serie_a_v2_028","easy200","identity:atalanta:dea",,"أي نادٍ إيطالي يعرف بلقب «لا ديا» أي «الإلهة»؟","Which Italian club is nicknamed La Dea, meaning the Goddess?","أتالانتا","Atalanta","UEFA: What makes Atalanta special?","https://www.uefa.com/uefaeuropaleague/news/023d-0e97c7f6b23b-a1482de43e0f-1000--what-makes-atalanta-special/","Atalanta are La Dea; Alejandro Gomez is Papu. Mino Favini was the Wizard of Meda overseeing the academy. Atalanta reached the 1988 Cup Winners' Cup semi-finals while in Serie B.","2026-10-07"
"serie_a_v2_029","easy200","identity:atalanta:papu",,"ما اسم لاعب أتالانتا الأرجنتيني الذي اشتهر بلقب «بابو»؟","What is the name of the Argentine Atalanta player famously nicknamed Papu?","أليخاندرو غوميز","Alejandro Gomez","UEFA: What makes Atalanta special?","https://www.uefa.com/uefaeuropaleague/news/023d-0e97c7f6b23b-a1482de43e0f-1000--what-makes-atalanta-special/","Atalanta are La Dea; Alejandro Gomez is Papu. Mino Favini was the Wizard of Meda overseeing the academy. Atalanta reached the 1988 Cup Winners' Cup semi-finals while in Serie B.","2026-10-07"
"serie_a_v2_030","easy200","identity:roma:crestanimal",,"ما الحيوان الذي يظهر وهو يرضع رومولوس وريموس في شعار روما؟","Which animal is shown nursing Romulus and Remus on Roma's crest?","ذئبة","A she-wolf","AS Roma: La nuova terza maglia rende omaggio alla tradizione della Capitale","https://www.asroma.com/it/notizie/52523/la-nuova-terza-maglia-rende-omaggio-alla-tradizione-della-capitale","The Roma crest shows the she-wolf nursing Romulus and Remus.","2026-10-07"
"serie_a_v2_031","easy200","identity:lazio:crestanimal",,"ما الطائر الذي يتصدر شعار لاتسيو؟","Which bird appears above the shield on Lazio's crest?","نسر","An eagle","Lazio: Stemmi","https://www.sslazio.it/en/club/storia-del-club/stemma","The crest features the Roman imperial eagle above a shield.","2026-10-07"
"serie_a_v2_032","easy200","identity:roma:giallorossicolours",,"ما اللونان اللذان يشير إليهما لقب روما «جيالوروسي»؟","Which two colours are reflected in Roma's nickname Giallorossi?","الأصفر والأحمر","Yellow and red","AS Roma: Home kit for 2026/27","https://www.asroma.com/en/news/75630/as-roma-and-adidas-unveil-the-new-home-kit-for-the-202627-season","Roma's traditional colours are red and yellow, reflected in Giallorossi.","2026-10-07"
"serie_a_v2_033","easy200","derby:lanterna:clubs",,"أي ناديين يتواجهان في ديربي جنوى المعروف بـ«ديربي ديلا لانترنا»؟","Which two clubs contest Genoa's Derby della Lanterna?","جنوى وسامبدوريا","Genoa and Sampdoria","UEFA: Around the leagues, November 2009","https://www.uefa.com/news-media/news/01df-0f85d302a2fd-125ae6374e10-1000--around-the-leagues/","Genoa and Sampdoria contest the Derby della Lanterna.","2026-10-07"
"serie_a_v2_034","easy200","derby:mole:clubs",,"أي ناديين يتواجهان في «ديربي ديلا مولي» بمدينة تورينو؟","Which two clubs contest Turin's Derby della Mole?","يوفنتوس وتورينو","Juventus and Torino","Juventus: Bianconeri draw with Torino, May 2026","https://www.juventus.com/en/news/articles/torino-juventus-serie-a-24-05-26","Juventus and Torino face each other in the Derby della Mole.","2026-10-07"
"serie_a_v2_035","easy200","identity:fiorentina:purple",,"ما اللون التقليدي لقميص فيورنتينا الذي جاء منه لقب «الفيولا»؟","What is Fiorentina's traditional shirt colour, reflected in the nickname Viola?","البنفسجي","Purple","UEFA: Fiorentina whole again","https://www.uefa.com/news-media/news/0191-0f844d1e73fd-6f7c10a7addf-1000--fiorentina-whole-again/","The club's traditional shirts are purple; after bankruptcy in 2002 the club competed as Florentia Viola before restoring its name in 2003.","2026-10-07"
"serie_a_v2_036","easy200","stadium:parma:home",,"ما اسم ملعب بارما التاريخي؟","What is the name of Parma's historic home stadium?","إنيو تارديني","Ennio Tardini","Parma: Stadio Ennio Tardini","https://www.parmacalcio1913.com/en/stadio-tardini/","Parma's ground is Ennio Tardini, named after a club founder and president from 1921 to 1923.","2026-10-07"
"serie_a_v2_037","easy200","identity:baggio:divincodino",,"أي نجم إيطالي اشتهر بلقب «ذيل الحصان الإلهي» أو «ديفين كودينو»؟","Which Italian star was nicknamed Il Divin Codino, the Divine Ponytail?","روبرتو باجيو","Roberto Baggio","FIGC: Happy birthday Roberto Baggio","https://www.figc.it/en/fans/news/happy-birthday-to-roberto-baggio-azzurri-champion-and-ballon-dor-winner-in-1993-n7zo60he","Baggio is nicknamed Il Divin Codino, the Divine Ponytail.","2026-10-07"
"serie_a_v2_038","easy200","identity:adriano:emperor",,"أي مهاجم برازيلي لإنتر لقب بـ«الإمبراطور»؟","Which Brazilian Inter striker was nicknamed the Emperor?","أدريانو","Adriano","Inter: Hall of Fame 2021, gli attaccanti candidati","https://www.inter.it/it/notizie/2021-11-19-attaccanti-candidati-hall-of-fame-inter","Adriano is called the Imperatore, the Emperor.","2026-10-07"
"serie_a_v2_039","easy200","award:milan2007:kaka",,"أي نجم برازيلي لميلان فاز بالكرة الذهبية عام 2007؟","Which Brazilian AC Milan star won the 2007 Ballon d'Or?","كاكا","Kaka","AC Milan: Kaka wins the Ballon d'Or","https://www.acmilan.com/en/news/articles/history/2022-12-02/onthisday-kaka-wins-the-ballon-d-or","Brazilian Kaka won the 2007 Ballon d'Or while at Milan.","2026-10-07"
"serie_a_v2_040","easy200","identity:gattuso:ringhio",,"أي لاعب وسط لميلان اشتهر بلقب «رينغيو»؟","Which AC Milan midfielder was famously nicknamed Ringhio?","جينارو غاتوزو","Gennaro Gattuso","AC Milan: Roma v Milan, a previous meeting","https://www.acmilan.com/en/news/articles/history/2021-10-29/roma-v-ac-milan-a-previous-meeting","Gennaro Gattuso is identified as Ringhio.","2026-10-07"
"serie_a_v2_041","easy200","record:milan:careergoals",,"من الهداف التاريخي لميلان برصيد 221 هدفاً رسمياً؟","Who is AC Milan's all-time leading scorer with 221 competitive goals?","غونار نوردال","Gunnar Nordahl","AC Milan: Top scorers","https://www.acmilan.com/en/club/ac-milan-top-scorers","Nordahl leads with 221 goals. Gren, Nordahl and Liedholm formed Gre-No-Li; Boffi was Milan's first Serie A top scorer in 1938/39.","2026-10-07"
"serie_a_v2_042","easy200","award:weah1995:firstnoneuropean",,"أي مهاجم لميلان أصبح أول لاعب غير أوروبي يفوز بالكرة الذهبية عام 1995؟","Which AC Milan striker became the first non-European player to win the Ballon d'Or in 1995?","جورج ويا","George Weah","AC Milan: Weah against Sparta Praha","https://www.acmilan.com/en/news/articles/history/2024-03-05/time-machine-weah-in-ac-milan-v-sparta-praha","Weah won the 1995 Ballon d'Or as the first non-European recipient.","2026-10-07"
"serie_a_v2_043","easy200","final:atalanta2024:hattrick",,"من سجل ثلاثية أتالانتا في نهائي الدوري الأوروبي عام 2024؟","Who scored Atalanta's hat-trick in the 2024 Europa League final?","أديمولا لوكمان","Ademola Lookman","Atalanta: The sky is black and blue over Dublin","https://en.atalanta.it/news/the-sky-is-black-and-blue-over-dublin-the-europa-league-is-oursel-final-atalanta-v-bayer-leverkusen","Gasperini's team won their first European trophy in 2024; Lookman scored a hat-trick in the final.","2026-10-07"
"serie_a_v2_044","easy200","title:napoli:firstyear",,"في أي عام أحرز نابولي أول لقب له في الدوري الإيطالي؟","In which year did Napoli win their first Italian league title?","1987","1987","Napoli: Remembering Claudio Garella","https://sscnapoli.it/e-scomparso-claudio-garella-il-ricordo-e-il-cordoglio-della-ssc-napoli/","Goalkeeper Garella won maiden Scudetti with Verona in 1985 and Napoli in 1987.","2026-10-07"
"serie_a_v2_045","easy200","coach:inter2024:inzaghi",,"من درب إنتر عندما حقق لقبه العشرين في الدوري الإيطالي عام 2024؟","Who coached Inter when they won their twentieth Italian league title in 2024?","سيموني إنزاغي","Simone Inzaghi","Inter: Win the derby to become Champions of Italy","https://www.inter.it/en/news/milan-inter-serie-a-2023-24","Inzaghi's Inter clinched their twentieth league title with a 2–1 victory over Milan on 22 April 2024; Acerbi opened the scoring before Thuram's goal.","2026-10-07"
"serie_a_v2_046","easy200","coach:inter2021:conte",,"من المدرب الذي أعاد لقب الدوري إلى إنتر عام 2021 بعد غياب 11 عاماً؟","Which coach brought the league title back to Inter in 2021 after an eleven-year wait?","أنطونيو كونتي","Antonio Conte","Inter: All the numbers from the nineteenth Scudetto","https://www.inter.it/en/news/2021-05-02-scudetto-statistics-inter-2020-21","Conte coached the 2021 champions, eleven years after Inter's previous title.","2026-10-07"
"serie_a_v2_047","easy200","coach:milan2011:allegri",,"من درب ميلان عندما فاز بالدوري الإيطالي عام 2011 في أول موسم له مع النادي؟","Who coached AC Milan to the 2011 Italian league title in his first season at the club?","ماسيميليانو أليغري","Massimiliano Allegri","UEFA: Pari a Roma, il Milan festeggia lo Scudetto","https://it.uefa.com/news-media/news/01f1-0f862e46b4d7-67cab2a70665-1000--pari-a-roma-il-milan-festeggia-lo-scudetto/","Allegri won the 2011 Scudetto in his first season coaching Milan.","2026-10-07"
"serie_a_v2_048","easy200","record:seriea:oldestscorer2023",,"من أصبح أكبر لاعب سناً يسجل في الدوري الإيطالي عندما أحرز هدفاً لميلان أمام أودينيزي في مارس 2023؟","Who became Serie A's oldest goalscorer when he scored for AC Milan against Udinese in March 2023?","زلاتان إبراهيموفيتش","Zlatan Ibrahimovic","AC Milan: Rossoneri falter in Friuli","https://www.acmilan.com/en/news/articles/serie-a/2023-03-18/rossoneri-falter-in-friuli","Ibrahimovic became Serie A's oldest goalscorer with his penalty against Udinese on 18 March 2023.","2026-10-07"
"serie_a_v2_049","easy200","identity:zamoranoshirt:onepluseight",,"من مهاجم إنتر الذي اشتهر بالقميص المكتوب عليه «1+8»؟","Which Inter striker famously wore a shirt marked 1+8?","إيفان زامورانو","Ivan Zamorano","Inter: Zamorano, the striker who fell from the sky","https://www.inter.it/en/news/2017-01-18-zamorano-the-striker-who-fell-from-the-sky","Zamorano wore number 18 with a plus sign between the digits after giving number 9 to Ronaldo.","2026-10-07"
"serie_a_v2_050","easy200","identity:inzaghi:superpippo",,"أي مهاجم لميلان اشتهر بلقب «سوبر بيبو»؟","Which AC Milan striker was nicknamed SuperPippo?","فيليبو إنزاغي","Filippo Inzaghi","AC Milan: Filippo Inzaghi, Hall of Fame","https://www.acmilan.com/en/hall-of-fame/inductees/filippo-inzaghi","Filippo Inzaghi was known as SuperPippo.","2026-10-07"
"serie_a_v2_051","easy200","coach:grandeinter:herrera",,"من المدرب الملقب بـ«الساحر» الذي قاد فريق غراندِه إنتر في الستينيات؟","Which coach nicknamed the Magician led Grande Inter in the 1960s?","هيلينيو هيريرا","Helenio Herrera","Inter: Eighty years of Jair da Costa","https://www.inter.it/en/news/2020-07-09-birthday-80-years-old-jair-da-costa","The Magician Helenio Herrera coached Grande Inter.","2026-10-07"
"serie_a_v2_052","easy200","coach:milan1988:sacchi",,"من المدرب صاحب الثورة التكتيكية الذي قاد ميلان إلى لقب الدوري عام 1988؟","Which coach known for his tactical revolution led AC Milan to the 1988 league title?","أريغو ساكي","Arrigo Sacchi","AC Milan: 1987/88 roster and season","https://www.acmilan.com/en/roster-archive/men-first-team-archive/acmilan-1987-roster","Sacchi arrived from Parma and won the 1988 league; Virdis scored twice in the decisive 3–2 win at Napoli.","2026-10-07"
"serie_a_v2_053","easy200","coach:atalanta2024:gasperini",,"من درب أتالانتا عندما أحرز أول لقب أوروبي في تاريخه عام 2024؟","Who coached Atalanta when they won their first European trophy in 2024?","جان بييرو غاسبيريني","Gian Piero Gasperini","Atalanta: The sky is black and blue over Dublin","https://en.atalanta.it/news/the-sky-is-black-and-blue-over-dublin-the-europa-league-is-oursel-final-atalanta-v-bayer-leverkusen","Gasperini's team won their first European trophy in 2024; Lookman scored a hat-trick in the final.","2026-10-07"
"serie_a_v2_054","easy200","identity:dybala:joya",,"أي لاعب أرجنتيني عرف في الدوري الإيطالي بلقب «لا جويا» أي «الجوهرة»؟","Which Argentine player in Italian football is known as La Joya, the Jewel?","باولو ديبالا","Paulo Dybala","AS Roma: Ten things to know about Paulo Dybala","https://www.asroma.com/en/news/64611/10-things-to-know-about-paulo-dybala","Dybala is nicknamed La Joya, the Jewel.","2026-10-07"
"serie_a_v2_055","easy200","stadium:sansiro:alternativename",,"ما الاسم الرسمي الآخر لملعب سان سيرو، تكريماً لأحد أساطير إنتر؟","What is San Siro's other official name, honouring an Inter legend?","ملعب جوزيبي مياتزا","Giuseppe Meazza Stadium","Inter: Giuseppe Meazza Stadium","https://www.inter.it/en/club/stadium","The stadium is officially named Giuseppe Meazza; San Siro refers to its neighbourhood.","2026-10-07"
"serie_a_v2_056","easy200","history:inter:norelegation",,"أي نادٍ إيطالي لم يهبط قط إلى الدرجة الثانية؟","Which Italian club has never been relegated to Serie B?","إنتر","Inter","UEFA: Ten things you never knew about Inter","https://www.uefa.com/uefaeuropaleague/news/0219-0e8c324107d9-d4e4a2d7e32b-1000--ten-things-you-never-knew-about-inter/","Inter are the only Italian club never relegated to Serie B.","2026-10-07"
"serie_a_v2_057","easy200","history:juve:relegation2006",,"أي عملاق إيطالي لعب في الدرجة الثانية موسم 2006–2007 بعد قضية كالتشوبولي؟","Which Italian giant played in Serie B in 2006–2007 following Calciopoli?","يوفنتوس","Juventus","Juventus: Rebirth","https://www.juventus.com/en/club/history/rebirth","Juventus played in Serie B in 2006/07 and returned to Serie A under Deschamps.","2026-10-07"
"serie_a_v2_058","easy200","term:capocannoniere:meaning",,"ما الإنجاز الذي يكافأ عليه لاعب الدوري الإيطالي بلقب «كابوكانونييري»؟","Which achievement earns a Serie A player the title Capocannoniere?","تسجيل أكبر عدد من الأهداف في الموسم","Scoring the most goals in the season","UEFA: Marksman award in Ibrahimovic's sights","https://www.uefa.com/news-media/news/01d7-0f85b3988cc4-5f2fcb1d379b-1000--marksman-award-in-ibrahimovic-s-sights/","Capocannoniere is awarded to the leading scorer in Serie A.","2026-10-07"
"serie_a_v2_059","easy200","player:cavani:nickname",,"ما اللقب الشهير لإدينسون كافاني الذي تألق مع نابولي؟","What is the famous nickname of Edinson Cavani, who starred for Napoli?","الماتادور","El Matador","SSC Napoli: La tripletta del Matador","https://sscnapoli.it/napolis-legacy-la-tripletta-del-matador/","Edinson Cavani is called the Matador; his hat-trick against Roma came on 6 January 2013 in a 4-1 win.","2026-10-07"
"serie_a_v2_060","easy200","transfer:maradona:barcelona",,"من أي نادٍ إسباني انتقل دييغو مارادونا إلى نابولي عام 1984؟","From which Spanish club did Diego Maradona join Napoli in 1984?","برشلونة","Barcelona","UEFA: Barcelona vs Napoli preview","https://www.uefa.com/news/025b-0ee53bea7bcc-3b67f1a53d80-1000--barcelona-vs-napoli-preview/","Diego Maradona moved from Barcelona to Napoli in 1984.","2026-10-07"
"serie_a_v2_061","easy200","player:seedorf:professor",,"أي لاعب وسط هولندي تألق مع ميلان واشتهر بلقب «البروفيسور»؟","Which Dutch midfielder starred for AC Milan and was known as The Professor?","كلارنس سيدورف","Clarence Seedorf","AC Milan: Time Machine, Seedorf in Juventus v AC Milan","https://www.acmilan.com/en/news/articles/extra/2024-04-25/time-machine-seedorf-in-juventus-v-ac-milan","Clarence Seedorf is called the Professor; he scored a brace and provided an assist in Milan's 3-1 win on 14 March 2004.","2026-10-07"
"serie_a_v2_062","easy200","player:marchisio:principino",,"أي لاعب وسط من أبناء يوفنتوس اشتهر بلقب «الأمير الصغير»؟","Which Juventus academy midfielder was known as Il Principino, The Little Prince?","كلاوديو ماركيزيو","Claudio Marchisio","Juventus Hall of Fame: Claudio Marchisio","https://halloffame.juventus.com/it/hall-of-fame/claudio-marchisio","Juventus academy graduate Claudio Marchisio is known as Il Principino.","2026-10-07"
"serie_a_v2_063","easy200","player:derossi:capitanfuturo",,"أي لاعب وسط من رموز روما اشتهر بلقب «كابيتان فوتورو»، أي قائد المستقبل؟","Which iconic Roma midfielder was known as Capitan Futuro, Captain Future?","دانييلي دي روسي","Daniele De Rossi","AS Roma: La mia squadra di calcetto della Roma","https://www.asroma.com/it/notizie/52695/no.1-la-mia-squadra-di-calcetto-della-roma","Daniele De Rossi is identified as Capitan Futuro.","2026-10-07"
"serie_a_v2_064","easy200","kit:palermo:pinkblack",,"ما اللونان التقليديان لقميص باليرمو، المعروف بلقب «روزانيرو»؟","What are Palermo's traditional two shirt colours, reflected in the nickname Rosanero?","الوردي والأسود","Pink and black","Palermo FC: New Kombat home and away shirts","https://www.palermofc.com/it/news/palermo-fc-ecco-le-nuove-maglie-kombat-tm-home-e-away","The traditional Palermo colours are pink and black, first worn together in 1907.","2026-10-07"
"serie_a_v2_065","easy200","kit:torino:granata",,"ما اللون الذي يميز قميص تورينو التقليدي ويمنحه لقب «غراناتا»؟","Which colour defines Torino's traditional shirt and gives the club its Granata nickname?","العنابي","Maroon","Torino FC: La fondazione","https://www.torinofc.it/storia/la-fondazione","Torino adopted maroon as its club colour; its first official match was against Pro Vercelli on 16 December 1906.","2026-10-07"
"serie_a_v2_066","easy200","award:juve2003:nedved",,"أي لاعب تشيكي ليوفنتوس فاز بالكرة الذهبية عام 2003؟","Which Czech Juventus player won the 2003 Ballon d'Or?","بافيل نيدفيد","Pavel Nedved","Juventus: Nedved wins the 2003 Ballon d'Or","https://www.juventus.com/en/news/articles/on-this-day-pavel-nedved-wins-the-2003-ballon-d-or","Czech midfielder Nedved won the 2003 award.","2026-10-07"
"serie_a_v2_067","easy200","stadium:roma:olimpico",,"ما الملعب الذي جدد روما اتفاق استخدامه عام 2025 حتى نهاية موسم 2027–2028؟","Which stadium did Roma renew its agreement to use in 2025 through the 2027–2028 season?","الملعب الأولمبي في روما","Stadio Olimpico","AS Roma: Agreement to use Stadio Olimpico renewed","https://www.asroma.com/en/news/73756/agreement-with-sport-e-salute-renewed-for-the-use-of-the-stadio-olimpico-until-the-202728-season","In August 2025 Roma renewed its agreement to use the Stadio Olimpico through 2027/28.","2026-10-07"
"serie_a_v2_068","easy200","europe:parma:1999winner",,"أي نادٍ إيطالي فاز بكأس الاتحاد الأوروبي عام 1999 بتشكيلة ضمت بوفون وكانافارو وتورام وكريسبو؟","Which Italian club won the 1999 UEFA Cup with a team featuring Buffon, Cannavaro, Thuram and Crespo?","بارما","Parma","UEFA: UEFA Cup Finals 1972-2009","https://www.uefa.com/MultimediaFiles/Download/competitions/Statistics/01/85/99/82/1859982_DOWNLOAD.pdf","Parma won the 1999 UEFA Cup under Alberto Malesani; the line-up included Buffon, Cannavaro, Thuram and Crespo.","2026-10-07"
"serie_a_v2_069","medium400","history:singleleague:firstseason",,"في أي موسم بدأ الدوري الإيطالي بنظام المجموعة الواحدة؟","In which season did Italy's single-group Serie A begin?","1929–1930","1929–1930","Lega Serie A: Destinazione Scudetto, 6 October 2026","https://www.legaseriea.it/serie-a/news/ascolta-destinazione-scudetto-by-panini-su-radio-tv-serie-a","The 1929/30 competition was the first single-group Serie A; Inter won and Giuseppe Meazza scored 31 to lead the scorers.","2026-10-07"
"serie_a_v2_070","medium400","record:season:joint36",,"أي لاعبين سجلا 36 هدفاً في موسم واحد من الدوري الإيطالي، الأول مع نابولي عام 2016 والثاني مع لاتسيو عام 2020؟","Which two players scored 36 goals in a Serie A season, with Napoli in 2016 and Lazio in 2020 respectively?","غونزالو هيغواين وتشيرو إيموبيلي","Gonzalo Higuain and Ciro Immobile","Lega Serie A: Giornata storica per Batistuta e Higuain","https://www.legaseriea.it/serie-a/news/giornata-storica-per-batistuta-e-higuain","Calori scored Perugia's winner over Juventus on the last day of 1999/2000; Higuain's final-day hat-trick against Frosinone took him to 36 in 2015/16; Immobile matched 36 in 2019/20.","2026-10-07"
"serie_a_v2_071","medium400","derby:madonnina:nameorigin",,"يشير اسم ديربي «مادونينا» إلى تمثال ذهبي فوق أي معلم في ميلانو؟","The name of the Madonnina derby refers to a golden statue atop which Milan landmark?","كاتدرائية ميلانو «الدومو»","Milan Cathedral, the Duomo","Inter: Origins, heroes and records from the derby","https://www.inter.it/en/news/inter-ac-milan-origins-heroes-records-guide-derby","Inter and Milan contest the derby named for the golden Madonnina atop the Duomo. First meeting was in Chiasso in 1908; first competitive meeting outside Milan was in Beijing in the 2011 Supercoppa.","2026-10-07"
"serie_a_v2_072","medium400","final:coppa2013:winninggoal",,"من سجل هدف لاتسيو الوحيد في نهائي كأس إيطاليا أمام روما عام 2013؟","Who scored Lazio's only goal in the 2013 Coppa Italia final against Roma?","سيناد لوليتش","Senad Lulic","Lazio: Lulic al 71, il derby dei derby","https://prodc.sslazio.it/en/news/storia/laziostory-or-lulic-al-71-il-derby-dei-derby-e-biancoceleste","Lazio beat Roma in the 2013 Coppa Italia final with Senad Lulic's goal; Vladimir Petkovic coached Lazio.","2026-10-07"
"serie_a_v2_073","medium400","identity:juventus:originalcolour",,"ما لون قميص يوفنتوس قبل اعتماد الخطوط السوداء والبيضاء؟","What colour did Juventus wear before adopting black and white stripes?","الوردي","Pink","Juventus: The elegance of the Old Lady","https://www.juventus.com/en/news/articles/the-elegance-of-the-old-lady","Juventus originally wore pink, then adopted black and white stripes supplied through Notts County.","2026-10-07"
"serie_a_v2_074","medium400","rule:winpoints:introduction",,"في أي موسم بدأ منح ثلاث نقاط للفوز في الدوري الإيطالي؟","In which season did Serie A introduce three points for a win?","1994–1995","1994–1995","Lega Serie A: 2025/26 Matchday 10 insights","https://img.legaseriea.it/vimages/6904e901/Insights%20-%20Matchday%2010_ok.pdf","Three points for a Serie A victory began in 1994/95.","2026-10-07"
"serie_a_v2_075","medium400","history:milan:founder",,"من المؤسس الإنجليزي لميلان الذي اختار الأحمر والأسود لونين للنادي؟","Which English founder of AC Milan chose red and black as the club's colours?","هربرت كيلبين","Herbert Kilpin","AC Milan: Club history","https://www.acmilan.com/en/club/history","Kilpin founded Milan and selected red and black. Baresi was second in the 1989 Ballon d'Or. Milan went 58 league games unbeaten in 1991–93; Zaccheroni won the Scudetto in his first season; Pioli coached the 2022 champions.","2026-10-07"
"serie_a_v2_076","medium400","record:milan:unbeaten58",,"كم مباراة متتالية خاض ميلان دون هزيمة في الدوري بين مايو 1991 ومارس 1993؟","How many consecutive league games did AC Milan go unbeaten between May 1991 and March 1993?","58 مباراة","58 games","AC Milan: Club history","https://www.acmilan.com/en/club/history","Kilpin founded Milan and selected red and black. Baresi was second in the 1989 Ballon d'Or. Milan went 58 league games unbeaten in 1991–93; Zaccheroni won the Scudetto in his first season; Pioli coached the 2022 champions.","2026-10-07"
"serie_a_v2_077","medium400","coach:samp1991:boskov",,"من درب سامبدوريا عندما فاز بأول لقب له في الدوري الإيطالي عام 1991؟","Who coached Sampdoria when they won their first Italian league title in 1991?","فويادين بوشكوف","Vujadin Boskov","UC Sampdoria: Storia","https://www.sampdoria.it/storia/","Boskov coached the 1991 champions, who secured the title by beating Lecce 3–0. Vialli and Mancini were the Gemelli del Gol.","2026-10-07"
"serie_a_v2_078","medium400","identity:riva:nickname",,"أي نجم لكالياري اشتهر بلقب «رومبو دي توونو» أو «دوي الرعد»؟","Which Cagliari star was nicknamed Rombo di Tuono, meaning Roar of Thunder?","جيجي ريفا","Gigi Riva","Cagliari: 12 aprile 1970, uno Scudetto eterno","https://cagliaricalcio.com/news/cagliari-12-aprile-1970-uno-scudetto-eterno/","Gigi Riva is identified as Rombo di Tuono, Roar of Thunder.","2026-10-07"
"serie_a_v2_079","medium400","coach:milan1999:zaccheroni",,"من أحرز لقب الدوري مع ميلان في أول موسم له مدرباً للنادي عام 1999؟","Who won the league with AC Milan in his first season as their coach in 1999?","ألبرتو زاكيروني","Alberto Zaccheroni","AC Milan: Club history","https://www.acmilan.com/en/club/history","Kilpin founded Milan and selected red and black. Baresi was second in the 1989 Ballon d'Or. Milan went 58 league games unbeaten in 1991–93; Zaccheroni won the Scudetto in his first season; Pioli coached the 2022 champions.","2026-10-07"
"serie_a_v2_080","medium400","award:totti:goldenshoe2007",,"أي لاعب من روما فاز بالحذاء الذهبي الأوروبي عام 2007؟","Which Roma player won the European Golden Shoe in 2007?","فرانشيسكو توتي","Francesco Totti","AS Roma: Francesco Totti, Hall of Fame","https://www.asroma.com/en/club/history/hall-of-fame/15259/francesco-totti","Totti's career was entirely at Roma; he won the 2007 Golden Shoe, inherited the armband from Aldair in 1998, debuted in Serie A against Brescia in 1993 and played his final competitive game against Genoa in May 2017.","2026-10-07"
"serie_a_v2_081","medium400","history:torino:supergayear",,"في أي عام وقعت كارثة سوبرغا التي أودت بحياة فريق غراندِه تورينو؟","In which year did the Superga disaster claim the lives of the Grande Torino team?","1949","1949","Torino: La tragedia di Superga","https://www.torinofc.it/storia/la-tragedia-di-superga","The disaster happened on 4 May 1949; Torino were returning from their friendly against Benfica in Lisbon.","2026-10-07"
"serie_a_v2_082","medium400","title:bologna1964:playoffopponent",,"أي فريق هزمه بولونيا في المباراة الفاصلة على لقب الدوري الإيطالي عام 1964؟","Which team did Bologna beat in the play-off for the 1964 Italian league title?","إنتر","Inter","Bologna: Seventh Scudetto on 7 June 1964","https://www.bolognafc.it/en/onthisday-bologna-win-their-seventh-scudetto-on-7th-june-1964/","Bologna beat Inter in the championship play-off at Rome's Stadio Olimpico in 1964.","2026-10-07"
"serie_a_v2_083","medium400","stadium:bologna:namesake",,"يحمل ملعب بولونيا اسم أي رئيس تاريخي للنادي؟","Bologna's stadium is named after which historic club president?","ريناتو دال آرا","Renato Dall'Ara","Bologna: Accadde oggi, 29 maggio 1927","https://www.bolognafc.it/accadde-oggi-29-maggio-1927/","The Littoriale opened in 1927, later became Comunale and was named after Renato Dall'Ara in 1984.","2026-10-07"
"serie_a_v2_084","medium400","record:riva:retirednumber",,"أي رقم سحبه كالياري تكريماً لجيجي ريفا؟","Which shirt number did Cagliari retire in honour of Gigi Riva?","11","11","Cagliari: Per sempre Gigi Riva","https://cagliaricalcio.com/news/per-sempre-gigi-riva/","Cagliari retired Riva's number 11 in February 2005.","2026-10-07"
"serie_a_v2_085","medium400","identity:delpiero:pinturicchio",,"أي نجم ليوفنتوس أطلق عليه جياني أنييلي لقب «بينتوريكيو» تيمناً بالرسام الإيطالي؟","Which Juventus star did Gianni Agnelli nickname Pinturicchio after the Italian painter?","أليساندرو ديل بييرو","Alessandro Del Piero","Juventus: A lifelong passion, Gianni Agnelli and Juventus","https://www.juventus.com/en/news/articles/a-lifelong-passion-gianni-agnelli-and-juventus","Agnelli gave Alessandro Del Piero the nickname Pinturicchio, after the painter.","2026-10-07"
"serie_a_v2_086","medium400","award:udinese1998:bierhoff",,"من أول لاعب لأودينيزي تصدر هدافي الدوري الإيطالي، بعدما سجل 27 هدفاً في موسم 1997–1998؟","Who became Udinese's first Serie A top scorer after scoring 27 goals in 1997–1998?","أوليفر بيرهوف","Oliver Bierhoff","Udinese: Buon compleanno Oliver","https://www.udinese.it/news/memories/buon-compleanno-oliver","Bierhoff scored 27 league goals in 1997/98, becoming Udinese's first Serie A top scorer.","2026-10-07"
"serie_a_v2_087","medium400","coach:parma:firstcoppa",,"من المدرب الذي قاد بارما إلى الصعود للدوري الإيطالي ثم الفوز بأول كأس إيطاليا في تاريخه؟","Which coach led Parma to Serie A promotion and then their first Coppa Italia triumph?","نيفيو سكالا","Nevio Scala","Parma: Nevio Scala and Parma Legends interview","https://www.parmacalcio1913.com/en/main-news/nevio-scala-parma-legends-interview/","Scala recalls leading Parma to promotion and their first Coppa Italia triumph.","2026-10-07"
"serie_a_v2_088","medium400","match:atalanta1963:hattrick",,"من سجل ثلاثية أتالانتا في نهائي كأس إيطاليا عام 1963؟","Who scored Atalanta's hat-trick in the 1963 Coppa Italia final?","أنجيلو دومينغيني","Angelo Domenghini","Atalanta: 60 anni fa il trionfo in Coppa Italia","https://www.atalanta.it/news/2-giugno-1963-60-anni-fa-il-trionfo-in-coppa-italia","Domenghini scored three against Torino in the 1963 final; captain Piero Gardoni lifted the trophy and Paolo Tabanelli was coach.","2026-10-07"
"serie_a_v2_089","medium400","award:udinese1999:amoroso",,"أي مهاجم برازيلي لأودينيزي تصدر هدافي الدوري الإيطالي في موسم 1998–1999؟","Which Brazilian Udinese striker topped Serie A's scoring chart in 1998–1999?","مارسيو أموروزو","Marcio Amoroso","Udinese: Buon compleanno Marcio","https://www.udinese.it/news/memories/buon-compleanno-marcio","Marcio Amoroso was the 1998/99 Serie A top scorer with Udinese.","2026-10-07"
"serie_a_v2_090","medium400","record:juve2014:points",,"بكم نقطة أنهى يوفنتوس موسم الدوري الإيطالي 2013–2014 محققاً رقماً قياسياً؟","With how many points did Juventus finish their record-breaking 2013–2014 Serie A season?","102 نقطة","102 points","Juventus: Return to success","https://www.juventus.com/en/club/history/return-to-success","Conte's Juventus finished the 2011/12 league unbeaten and set the 102-point record in 2013/14.","2026-10-07"
"serie_a_v2_091","medium400","award:napoli2023:mvp",,"أي نجم لنابولي اختارته رابطة الدوري الإيطالي أفضل لاعب في موسم 2022–2023؟","Which Napoli star was named the league's overall MVP for the 2022–2023 Serie A season?","خفيتشا كفاراتسخيليا","Khvicha Kvaratskhelia","Lega Serie A: Best Overall MVP, 2022/23","https://img.legaseriea.it/vimages/6479bf31/PR%20160%20-%20MVP%20Best%20Overall%2022-23.pdf","Khvicha Kvaratskhelia won the overall MVP award for 2022/23.","2026-10-07"
"serie_a_v2_092","medium400","award:fiorentina2006:31goals",,"أي مهاجم لفيورنتينا سجل 31 هدفاً في الدوري الإيطالي في موسم 2005–2006؟","Which Fiorentina striker scored 31 Serie A goals in 2005–2006?","لوكا توني","Luca Toni","Lega Serie A: Fiorentina a Udine per vincere e sperare","https://www.legaseriea.it/serie-a/news/fiorentina-a-udine-per-vincere-e-sperare","Luca Toni scored 31 Serie A goals for Fiorentina in 2005/06.","2026-10-07"
"serie_a_v2_093","medium400","record:antognoni:fiorentinaappearances",,"أي بطل عالم إيطالي عام 1982 أصبح صاحب الرقم القياسي في المشاركات الرسمية مع فيورنتينا؟","Which Italian 1982 world champion became Fiorentina's record holder for competitive appearances?","جانكارلو أنتونيوني","Giancarlo Antognoni","FIGC: Giancarlo Antognoni, delegation profile","https://www.figc.it/it/full-html?path=%2Fnazionali%2Fclub-italia%2Fcapi-delegazione-delle-nazionali%2Fgiancarlo-antognoni","Antognoni was a 1982 world champion and Fiorentina's record appearance holder with 429 competitive games.","2026-10-07"
"serie_a_v2_094","medium400","match:inter2010:clinchscorer",,"من سجل هدف إنتر الذي حسم لقب الدوري الإيطالي أمام سيينا عام 2010؟","Who scored Inter's league-title-clinching goal against Siena in 2010?","دييغو ميليتو","Diego Milito","Inter: Ten unforgettable moments from Siena 0–1 Inter in 2010","https://www.inter.it/en/news/2020-05-16-10-unforgettable-moments-from-siena-0-1-inter-2010","Mourinho coached the treble winners; Milito scored the title-clinching goal at Siena.","2026-10-07"
"serie_a_v2_095","medium400","record:inter:appearances858",,"من صاحب الرقم القياسي في المشاركات الرسمية مع إنتر برصيد 858 مباراة؟","Who holds Inter's competitive appearance record with 858 games?","خافيير زانيتي","Javier Zanetti","Inter: Happy birthday Javier Zanetti, 2026","https://www.inter.it/en/news/birthday-javier-zanetti-celebrations-inter-2026","Zanetti made a club-record 858 appearances and wore number 4, retired in his honour.","2026-10-07"
"serie_a_v2_096","medium400","history:pirlo:academy",,"في أكاديمية أي نادٍ إيطالي نشأ أندريا بيرلو؟","In which Italian club's academy did Andrea Pirlo develop?","بريشيا","Brescia","AC Milan: Andrea Pirlo, Legends","https://www.acmilan.com/it/club/legends/giocatori/pirlo","Pirlo developed at Brescia; Ancelotti moved him from mezzapunta into the deeper regista role at Milan.","2026-10-07"
"serie_a_v2_097","medium400","record:scirea:noredcards",,"أي مدافع أسطوري ليوفنتوس لم يتعرض للطرد طوال مسيرته؟","Which legendary Juventus defender was never sent off during his career?","غايتانو شيريا","Gaetano Scirea","Juventus: Gaetano Scirea exhibition","https://www.juventus.com/en/news/articles/gaetano-scirea-the-exhibition-inaugurated-at-juventus-museum","Scirea, a defender, was never sent off during his career.","2026-10-07"
"serie_a_v2_098","medium400","coach:bologna2025:italiano",,"من درب بولونيا عندما فاز بكأس إيطاليا عام 2025 بعد انتظار دام 51 عاماً؟","Who coached Bologna when they won the 2025 Coppa Italia after a 51-year wait?","فينتشينزو إيتاليانو","Vincenzo Italiano","Bologna: Palmares","https://www.bolognafc.it/storia/palmares/","Vincenzo Italiano coached Bologna to the 2025 Coppa Italia after a 51-year wait.","2026-10-07"
"serie_a_v2_099","medium400","record:coppa:firstdouble",,"أي نادٍ كان أول من جمع لقب الدوري الإيطالي وكأس إيطاليا في موسم واحد عام 1942–1943؟","Which club first won the Italian league and Coppa Italia in the same season, in 1942–1943?","تورينو","Torino","Lega Serie A: I record della Coppa Italia","https://www.legaseriea.it/coppa-italia/news/i-record-della-coppa-italia","Vado won the first cup in 1922. Napoli won in 1961/62 outside Serie A; Torino won the first league/cup double in 1942/43.","2026-10-07"
"serie_a_v2_100","medium400","match:sassuolo2014:berardifour",,"من سجل أهداف ساسولو الأربعة في فوزه 4–3 على ميلان في يناير 2014؟","Who scored all four Sassuolo goals in their 4–3 win over AC Milan in January 2014?","دومينيكو بيراردي","Domenico Berardi","Sassuolo: Main characters in Serie A and Europe","https://www.sassuolocalcio.it/en/club/our-history/main-characters-in-serie-a/","Berardi scored four against Milan in January 2014. Di Francesco coached the sixth-place team in 2016; Sansone scored the first winning goal over Juventus in 2015; the first European match was at Luzern in 2016.","2026-10-07"
"serie_a_v2_101","medium400","coach:sassuolo2016:difrancesco",,"من درب ساسولو عندما أنهى الدوري الإيطالي سادساً عام 2016 وتأهل لأول مرة لأوروبا؟","Who coached Sassuolo when they finished sixth in Serie A in 2016 and qualified for Europe for the first time?","أوزيبيو دي فرانشيسكو","Eusebio Di Francesco","Sassuolo: Main characters in Serie A and Europe","https://www.sassuolocalcio.it/en/club/our-history/main-characters-in-serie-a/","Berardi scored four against Milan in January 2014. Di Francesco coached the sixth-place team in 2016; Sansone scored the first winning goal over Juventus in 2015; the first European match was at Luzern in 2016.","2026-10-07"
"serie_a_v2_102","medium400","identity:lazio:olympia",,"ما اسم النسر الذي بدأ الطيران فوق الملعب الأولمبي قبل مباريات لاتسيو عام 2010؟","What is the name given to the eagle that began flying over the Olimpico before Lazio matches in 2010?","أوليمبيا","Olympia","Lazio: Il primo volo dell'Aquila Olimpia","https://www.sslazio.it/en/news/storia/laziostory-il-primo-volo-dell-aquila-olympia","Olympia first flew before the Lazio-Milan game in September 2010; Lazio's white and sky blue were chosen from Greece's colours.","2026-10-07"
"serie_a_v2_103","medium400","coach:lazio1974:maestrelli",,"من قاد لاتسيو مدرباً إلى أول لقب له في الدوري الإيطالي عام 1974؟","Who coached Lazio to their first Italian league title in 1974?","توماسو مايستريللي","Tommaso Maestrelli","Lazio: La consegna della Coppa Scudetto 1973/74","https://www.sslazio.it/it/news/storia/laziostory-la-consegna-della-coppa-scudetto-1973-74","Maestrelli coached the champions; captain Pino Wilson lifted Lazio's first league trophy in October 1974.","2026-10-07"
"serie_a_v2_104","medium400","history:sampdoria:merger",,"ما الناديان اللذان اندمجا عام 1946 لتأسيس سامبدوريا؟","Which two clubs merged in 1946 to form Sampdoria?","سامبييردارينيزي وأندريا دوريا","Sampierdarenese and Andrea Doria","Sampdoria: Andrea Doria special shirt","https://www.sampdoria.it/news/club/2020/12/02/andrea-doria-i-dettagli-della-maglia-realizzata-da-macron/","Sampierdarenese and Andrea Doria merged in August 1946 to form Sampdoria.","2026-10-07"
"serie_a_v2_105","medium400","match:genoa2009:derbyhat",,"من سجل ثلاثية جنوى في فوزه 3–1 على سامبدوريا في مايو 2009؟","Who scored Genoa's hat-trick in their 3–1 win over Sampdoria in May 2009?","دييغو ميليتو","Diego Milito","UEFA: Milito fa volare il Genoa, Samp ko nel derby","https://it.uefa.com/news-media/news/01d9-0f85ba9de657-01c6ce6d9ac0-1000--milito-fa-volare-il-genoa-samp-ko-nel-derby/","Milito scored all three Genoa goals against Sampdoria on 3 May 2009.","2026-10-07"
"serie_a_v2_106","medium400","history:fiorentina:refoundedname",,"بأي اسم عاد فيورنتينا إلى المنافسات عام 2002 بعد الإفلاس؟","Under what name did Fiorentina return to competition in 2002 after bankruptcy?","فلورنتيا فيولا","Florentia Viola","UEFA: Fiorentina whole again","https://www.uefa.com/news-media/news/0191-0f844d1e73fd-6f7c10a7addf-1000--fiorentina-whole-again/","The club's traditional shirts are purple; after bankruptcy in 2002 the club competed as Florentia Viola before restoring its name in 2003.","2026-10-07"
"serie_a_v2_107","medium400","stadium:fiorentina:namesake",,"يحمل ملعب فيورنتينا اسم أي رئيس سابق للاتحاد الأوروبي لكرة القدم؟","Fiorentina's stadium is named after which former UEFA president?","أرتيميو فرانكي","Artemio Franchi","UEFA: La Fiorentina ricorda Franchi","https://it.uefa.com/news-media/news/01cb-0f84d36aa655-b1f0c97de8fc-1000--la-fiorentina-ricorda-franchi/","Fiorentina's stadium bears the name of former UEFA president Artemio Franchi.","2026-10-07"
"serie_a_v2_108","medium400","stadium:lecce:viadelmare",,"أي نادٍ إيطالي يلعب مبارياته البيتية في ملعب فيا ديل ماري؟","Which Italian club plays its home matches at the Via del Mare stadium?","ليتشي","Lecce","US Lecce: Stadio","https://uslecce.it/stadio/","Via del Mare-Ettore Giardiniero is US Lecce's home stadium.","2026-10-07"
"serie_a_v2_109","medium400","coach:lazio2000:eriksson",,"من المدرب السويدي الذي قاد لاتسيو إلى لقب الدوري الإيطالي عام 2000؟","Which Swedish coach led Lazio to the 2000 Italian league title?","سفين غوران إريكسون","Sven-Goran Eriksson","Lega Serie A: Diluvio and Delirio","https://www.legaseriea.it/serie-a/news/diluvio-delirio-a-calcio-d-autore-su-radio-tv-serie-a","Eriksson coached Lazio to the title on 14 May 2000.","2026-10-07"
"serie_a_v2_110","medium400","attack:milan:grenoli",,"ما أسماء اللاعبين السويديين الثلاثة الذين تكون منهم ثلاثي ميلان «غري–نو–لي»؟","Which three Swedish players formed AC Milan's Gre-No-Li trio?","غونار غرين وغونار نوردال ونيلس ليدهولم","Gunnar Gren, Gunnar Nordahl and Nils Liedholm","AC Milan: Top scorers","https://www.acmilan.com/en/club/ac-milan-top-scorers","Nordahl leads with 221 goals. Gren, Nordahl and Liedholm formed Gre-No-Li; Boffi was Milan's first Serie A top scorer in 1938/39.","2026-10-07"
"serie_a_v2_111","medium400","role:pirlo:ancelotti",,"أي مدرب لميلان أعاد أندريا بيرلو من مركز صانع اللعب المتقدم إلى دور صانع اللعب العميق؟","Which AC Milan coach moved Andrea Pirlo from an advanced playmaker role into a deep-lying playmaker role?","كارلو أنشيلوتي","Carlo Ancelotti","AC Milan: Andrea Pirlo, Legends","https://www.acmilan.com/it/club/legends/giocatori/pirlo","Pirlo developed at Brescia; Ancelotti moved him from mezzapunta into the deeper regista role at Milan.","2026-10-07"
"serie_a_v2_112","medium400","history:dybala:palermotransfer",,"من أي نادٍ إيطالي انتقل باولو ديبالا إلى يوفنتوس عام 2015؟","From which Italian club did Paulo Dybala join Juventus in 2015?","باليرمو","Palermo","Juventus: Dybala joins Juventus","https://www.juventus.com/en/news/articles/dybala-joins-juventus","Juventus signed Dybala from Palermo in June 2015.","2026-10-07"
"serie_a_v2_113","medium400","history:cavani:napoliprevious",,"من أي نادٍ إيطالي انتقل إدينسون كافاني إلى نابولي عام 2010؟","From which Italian club did Edinson Cavani join Napoli in 2010?","باليرمو","Palermo","UEFA: Napoli sign Cavani from Palermo","https://www.uefa.com/uefaeuropaleague/news/01e7-0e74e5ab8b36-9633015cf3eb-1000--napoli-sign-cavani-from-palermo/","Cavani joined Napoli from Palermo in 2010.","2026-10-07"
"serie_a_v2_114","medium400","history:inter:germantrio",,"ما أسماء نجوم إنتر الألمان الثلاثة الذين فازوا بكأس العالم عام 1990؟","Which three German Inter stars won the 1990 World Cup?","لوثار ماتيوس وأندرياس بريمه ويورغن كلينسمان","Lothar Matthaus, Andreas Brehme and Jurgen Klinsmann","Inter: Thirty years since that magical night for our German trio","https://www.inter.it/en/news/2020-07-08-germans-inter-brehme-matthaus-klinsmann-world-cup","Matthaus, Brehme and Klinsmann were Inter players and 1990 world champions.","2026-10-07"
"serie_a_v2_115","medium400","record:garella:twomaidentitles",,"أي حارس مرمى فاز بأول لقب دوري لفيرونا عام 1985 ثم بأول لقب دوري لنابولي عام 1987؟","Which goalkeeper won Verona's first league title in 1985 and Napoli's first league title in 1987?","كلاوديو غاريلا","Claudio Garella","Napoli: Remembering Claudio Garella","https://sscnapoli.it/e-scomparso-claudio-garella-il-ricordo-e-il-cordoglio-della-ssc-napoli/","Goalkeeper Garella won maiden Scudetti with Verona in 1985 and Napoli in 1987.","2026-10-07"
"serie_a_v2_116","medium400","record:seriea:fastestscorer2020",,"من سجل أسرع هدف في تاريخ الدوري الإيطالي بعد نحو سبع ثوانٍ أمام ساسولو عام 2020؟","Who scored Serie A's fastest-ever goal after about seven seconds against Sassuolo in 2020?","رافاييل لياو","Rafael Leao","AC Milan: Leao's record-breaking goal","https://www.acmilan.com/en/news/videos/history/2024-12-20/onthisday-2020-leao-s-record-breaking-goal","Leao scored Serie A's fastest goal at Sassuolo in December 2020, timed at 6.76 seconds.","2026-10-07"
"serie_a_v2_117","medium400","match:inter24:clinchopponent",,"أمام أي فريق حسم إنتر لقب الدوري الإيطالي عام 2024 بفوز 2–1 في الديربي؟","Against which team did Inter clinch the 2024 Italian league title with a 2–1 derby win?","ميلان","AC Milan","Inter: Win the derby to become Champions of Italy","https://www.inter.it/en/news/milan-inter-serie-a-2023-24","Inzaghi's Inter clinched their twentieth league title with a 2–1 victory over Milan on 22 April 2024; Acerbi opened the scoring before Thuram's goal.","2026-10-07"
"serie_a_v2_118","medium400","award:napoli2025:aicplayer",,"أي لاعب لنابولي فاز بجائزة أفضل لاعب في الدوري الإيطالي في حفل رابطة اللاعبين لعام 2025؟","Which Napoli player won the Serie A Player of the Season award at the Italian Footballers' Association gala in 2025?","سكوت مكتوميناي","Scott McTominay","Napoli: Four awards at Gran Gala del Calcio","https://sscnapoli.it/en/il-napoli-premiato-al-gran-gala-del-calcio/","At the 2025 AIC gala McTominay won the Serie A Player of the Season award.","2026-10-07"
"serie_a_v2_119","medium400","record:toni2015:oldesttopscorer",,"من أصبح أكبر لاعب سناً يتصدر هدافي الدوري الإيطالي عندما سجل 22 هدفاً لفيرونا عام 2015؟","Who became Serie A's oldest top scorer after scoring 22 goals for Verona in 2015?","لوكا توني","Luca Toni","UEFA: Season review, Italy 2015","https://www.uefa.com/news-media/news/0222-0e911a56873f-7c485bfbeae0-1000--season-review-italy/","Toni, aged 38, became Serie A's oldest top scorer with 22 goals for Verona.","2026-10-07"
"serie_a_v2_120","medium400","award:quagliarella2019:capocannoniere",,"أي قائد لسامبدوريا تصدر هدافي الدوري الإيطالي عام 2019 برصيد 26 هدفاً؟","Which Sampdoria captain topped Serie A's scoring chart in 2019 with 26 goals?","فابيو كوالياريلا","Fabio Quagliarella","Sampdoria: Goal king Quagliarella makes history","https://www.sampdoria.it/en/news-en-2/team-en-2/2019/05/27/goal-king-quagliarella-makes-history-with-season-tally-of-26/","Quagliarella led the 2018/19 scoring chart with 26; Brighenti was Sampdoria's first top scorer in 1960/61.","2026-10-07"
"serie_a_v2_121","medium400","match:klose2013:fivegoals",,"من سجل خمسة أهداف للاتسيو في فوزه 6–0 على بولونيا في مايو 2013؟","Who scored five Lazio goals in their 6–0 win over Bologna in May 2013?","ميروسلاف كلوزه","Miroslav Klose","Lazio: Six-nil al Bologna, pokerissimo di Klose","https://www.sslazio.it/en/news/storia/onthisday-or-6-0-al-bologna-pokerissimo-di-klose","Klose scored five in Lazio's 6–0 win over Bologna on 5 May 2013.","2026-10-07"
"serie_a_v2_122","medium400","history:ronaldo:interarrivalyear",,"في أي عام انضم رونالدو البرازيلي إلى إنتر؟","In which year did the Brazilian Ronaldo join Inter?","1997","1997","Inter: 25 July 1997, Ronaldo joins Inter","https://www.inter.it/en/news/25-july-1997-ronaldo-joins-inter","Ronaldo joined Inter in July 1997 and wore number 10 at his unveiling and first friendly against Manchester United.","2026-10-07"
"serie_a_v2_123","medium400","record:juve:consecutivenine",,"كم لقباً متتالياً للدوري الإيطالي جمع يوفنتوس في السلسلة التي انتهت بلقب موسم 2019–2020؟","How many consecutive Italian league titles did Juventus win in the streak culminating in the 2019–2020 title?","9 ألقاب","9 titles","Juventus: Italian Champions, July 2020","https://www.juventus.com/en/news/articles/juventus-are-the-italian-champions","Sarri's Juventus won their ninth successive league title in 2020.","2026-10-07"
"serie_a_v2_124","medium400","coach:juve2020:sarri",,"من درب يوفنتوس عندما أحرز لقب الدوري الإيطالي عام 2020؟","Who coached Juventus when they won the 2020 Italian league title?","ماوريتسيو ساري","Maurizio Sarri","Juventus: Italian Champions, July 2020","https://www.juventus.com/en/news/articles/juventus-are-the-italian-champions","Sarri's Juventus won their ninth successive league title in 2020.","2026-10-07"
"serie_a_v2_125","medium400","coach:juve2007:deschamps",,"من قاد يوفنتوس مدرباً للعودة من الدرجة الثانية إلى الدوري الإيطالي عام 2007؟","Who coached Juventus back from Serie B to Serie A in 2007?","ديدييه ديشان","Didier Deschamps","Juventus: Rebirth","https://www.juventus.com/en/club/history/rebirth","Juventus played in Serie B in 2006/07 and returned to Serie A under Deschamps.","2026-10-07"
"serie_a_v2_126","medium400","record:protti:threedivisions",,"من أول لاعب تصدر الهدافين في سيري أ وسيري ب وسيري سي1 خلال مسيرته؟","Who was the first player to finish as top scorer in Serie A, Serie B and Serie C1 during his career?","إيغور بروتي","Igor Protti","UEFA: Protti ends on a high","https://www.uefa.com/news-media/news/025a-0eaae56d3f70-b2c62af1a168-1000--protti-ends-on-a-high/","Protti was the first top scorer in Serie A, B and C1; he shared the 1995/96 Serie A scoring title while at Bari.","2026-10-07"
"serie_a_v2_127","medium400","award:dzeko:2017",,"من مهاجم روما الذي توج هدافًا للدوري الإيطالي موسم 2016–2017 برصيد 29 هدفًا؟","Which Roma striker won the 2016–2017 Serie A scoring title with 29 goals?","إدين دجيكو","Edin Dzeko","AS Roma: Dzeko finishes as Serie A top goalscorer","https://www.asroma.com/en/news/41368/dzeko-finishes-as-serie-a-top-goalscorer","Edin Dzeko finished the 2016/17 Serie A season as top scorer with 29 goals.","2026-10-07"
"serie_a_v2_128","medium400","match:mihajlovic:threefreekicks",,"من سجل للاتسيو ثلاثة أهداف من ركلات حرة مباشرة أمام سامبدوريا في مباراة واحدة عام 1998؟","Who scored three direct free kicks for Lazio against Sampdoria in one match in 1998?","سينيسا ميهايلوفيتش","Sinisa Mihajlovic","SS Lazio: Cinque gol alla Samp con tripletta di Mihajlovic","https://www.sslazio.it/en/news/storia/laziostory-cinque-gol-alla-samp-con-tripletta-di-mihajlovic","On 13 December 1998 Mihajlovic scored three direct free kicks against Sampdoria in Lazio's 5-2 victory.","2026-10-07"
"serie_a_v2_129","medium400","match:stankovic:genoa2009",,"من سجل لإنتر هدفًا بتسديدة على الطائر من قرب خط المنتصف أمام جنوى في أكتوبر 2009؟","Who scored for Inter with a volley from near the halfway line against Genoa in October 2009?","ديان ستانكوفيتش","Dejan Stankovic","Inter: Genoa-Inter, 17 October 2009 match report","https://www.inter.it/en/match_center/3789","Stankovic intercepted Amelia's clearance and volleyed from halfway during Inter's 5-0 win over Genoa on 17 October 2009.","2026-10-07"
"serie_a_v2_130","medium400","coach:parma:1999",,"من قاد بارما للفوز بكأس إيطاليا وكأس الاتحاد الأوروبي عام 1999؟","Who coached Parma to the Coppa Italia and UEFA Cup titles in 1999?","ألبرتو ماليساني","Alberto Malesani","UEFA: UEFA Cup Finals 1972-2009","https://www.uefa.com/MultimediaFiles/Download/competitions/Statistics/01/85/99/82/1859982_DOWNLOAD.pdf","Parma won the 1999 UEFA Cup under Alberto Malesani; the line-up included Buffon, Cannavaro, Thuram and Crespo.","2026-10-07"
"serie_a_v2_131","medium400","coach:juve:1995",,"من قاد يوفنتوس إلى ثنائية الدوري وكأس إيطاليا في أول موسم له مع الفريق عام 1994–1995؟","Who led Juventus to the league and Coppa Italia double in his first season in charge, 1994–1995?","مارشيلو ليبي","Marcello Lippi","Juventus: 21 May 1995, Scudetto number 23","https://www.juventus.com/en/news/articles/21-may-1995-scudetto-number-23","Lippi won the Serie A and Coppa Italia double in his first Juventus season, 1994/95.","2026-10-07"
"serie_a_v2_132","medium400","award:lucarelli:2005",,"من مهاجم ليفورنو الذي فاز بلقب هداف الدوري الإيطالي موسم 2004–2005؟","Which Livorno striker won the Serie A scoring title in 2004–2005?","كريستيانو لوكاريلي","Cristiano Lucarelli","UEFA: Bianconeri end season on a high","https://www.uefa.com/news-media/news/01a9-0e6cce087a2b-83459a62286f-1000--bianconeri-end-season-on-a-high/","Livorno striker Cristiano Lucarelli topped Serie A's scoring chart in 2004/05 with 24 goals.","2026-10-07"
"serie_a_v2_133","medium400","coach:chievo:2002",,"من المدرب الذي قاد كييفو إلى المركز الخامس في أول موسم له بالدوري الإيطالي عام 2001–2002؟","Which coach led Chievo to fifth place in their first Serie A season, 2001–2002?","لويجي ديل نيري","Luigi Del Neri","UEFA: Del Neri honoured by his peers","https://www.uefa.com/news-media/news/018a-0e6a4e244bcd-40c3a395488a-1000--del-neri-honoured-by-his-peers/","Luigi Del Neri led newly promoted Chievo to fifth place in their debut Serie A season, 2001/02.","2026-10-07"
"serie_a_v2_134","medium400","match:serginho:derby2001",,"من اللاعب البرازيلي الذي سجل هدفًا وصنع ثلاثة أهداف في فوز ميلان 6–0 على إنتر عام 2001؟","Which Brazilian scored once and provided three assists in AC Milan's 6–0 win over Inter in 2001?","سيرجينيو","Serginho","AC Milan: AC Milan v Inter, Time Machine","https://www.acmilan.com/en/news/articles/history/2022-09-01/ac-milan-v-inter-time-machine","Serginho scored one goal and supplied three assists in Milan's 6-0 derby win in 2001.","2026-10-07"
"serie_a_v2_135","medium400","award:inzaghi:1997club",,"مع أي نادٍ سجل فيليبو إنزاغي 24 هدفًا بالدوري الإيطالي موسم 1996–1997 قبل انتقاله إلى يوفنتوس؟","For which club did Filippo Inzaghi score 24 Serie A goals in 1996–1997 before joining Juventus?","أتالانتا","Atalanta","UEFA: Lethal Inzaghi announces himself on the big stage","https://www.uefa.com/uefachampionsleague/news/0153-0e6a1f79f120-90f0227a2596-1000--lethal-inzaghi-announces-himself-on-the-big-stage/","Inzaghi scored 24 league goals for Atalanta in 1996/97 before Juventus signed him.","2026-10-07"
"serie_a_v2_136","medium400","coach:napoli:2025",,"من قاد نابولي للفوز بلقبه الرابع في الدوري الإيطالي عام 2025؟","Who coached Napoli to their fourth Serie A title in 2025?","أنطونيو كونتي","Antonio Conte","SSC Napoli: Champions of Italy, May 2025","https://sscnapoli.it/en/siamo-c4mpioni-ditalia/","Antonio Conte led Napoli to their fourth league title, clinched on 23 May 2025.","2026-10-07"
"serie_a_v2_137","hard600","history:singleleague:firsttopscorer",,"من تصدر هدافي أول دوري إيطالي بنظام المجموعة الواحدة عام 1929–1930 برصيد 31 هدفاً؟","Who topped the scoring chart of the first single-group Italian league in 1929–1930 with 31 goals?","جوزيبي مياتزا","Giuseppe Meazza","Lega Serie A: Destinazione Scudetto, 6 October 2026","https://www.legaseriea.it/serie-a/news/ascolta-destinazione-scudetto-by-panini-su-radio-tv-serie-a","The 1929/30 competition was the first single-group Serie A; Inter won and Giuseppe Meazza scored 31 to lead the scorers.","2026-10-07"
"serie_a_v2_138","hard600","coach:shevchenko:genoa",,"أي نادٍ إيطالي دربه أندريه شيفتشينكو في موسم 2021–2022؟","Which Italian club did Andriy Shevchenko coach in 2021–2022?","جنوى","Genoa","Lega Serie A: Buon compleanno Shevchenko, 29 September 2026","https://www.legaseriea.it/serie-a/news/buon-compleanno-shevchenko-x5287","Silvio Piola holds the single-group Serie A scoring record with 274 goals; Shevchenko coached Genoa in 2021/22.","2026-10-07"
"serie_a_v2_139","hard600","match:perugia2000:scorer",,"من سجل هدف بيروجيا الذي هزم يوفنتوس في الجولة الأخيرة عام 2000 وساعد لاتسيو على إحراز اللقب؟","Who scored Perugia's goal that beat Juventus on the final day in 2000 and helped Lazio win the title?","أليساندرو كالوري","Alessandro Calori","Lega Serie A: Giornata storica per Batistuta e Higuain","https://www.legaseriea.it/serie-a/news/giornata-storica-per-batistuta-e-higuain","Calori scored Perugia's winner over Juventus on the last day of 1999/2000; Higuain's final-day hat-trick against Frosinone took him to 36 in 2015/16; Immobile matched 36 in 2019/20.","2026-10-07"
"serie_a_v2_140","hard600","match:higuain36:opponent",,"أمام أي فريق سجل هيغواين ثلاثيته في الجولة الأخيرة عام 2016 ليصل إلى 36 هدفاً في الدوري؟","Against which team did Higuain score his final-day hat-trick in 2016 to reach 36 league goals?","فروزينوني","Frosinone","Lega Serie A: Giornata storica per Batistuta e Higuain","https://www.legaseriea.it/serie-a/news/giornata-storica-per-batistuta-e-higuain","Calori scored Perugia's winner over Juventus on the last day of 1999/2000; Higuain's final-day hat-trick against Frosinone took him to 36 in 2015/16; Immobile matched 36 in 2019/20.","2026-10-07"
"serie_a_v2_141","hard600","derby:madonnina:firstcity",,"في أي مدينة سويسرية أقيم أول لقاء بين ميلان وإنتر عام 1908؟","In which Swiss city was the first meeting between AC Milan and Inter played in 1908?","كياسو","Chiasso","Inter: Origins, heroes and records from the derby","https://www.inter.it/en/news/inter-ac-milan-origins-heroes-records-guide-derby","Inter and Milan contest the derby named for the golden Madonnina atop the Duomo. First meeting was in Chiasso in 1908; first competitive meeting outside Milan was in Beijing in the 2011 Supercoppa.","2026-10-07"
"serie_a_v2_142","hard600","derby:madonnina:firstabroadcompetitive",,"أي مدينة استضافت عام 2011 أول ديربي تنافسي بين ميلان وإنتر خارج ميلانو؟","Which city hosted the first competitive Milan derby outside Milan in 2011?","بكين","Beijing","Inter: Origins, heroes and records from the derby","https://www.inter.it/en/news/inter-ac-milan-origins-heroes-records-guide-derby","Inter and Milan contest the derby named for the golden Madonnina atop the Duomo. First meeting was in Chiasso in 1908; first competitive meeting outside Milan was in Beijing in the 2011 Supercoppa.","2026-10-07"
"serie_a_v2_143","hard600","final:coppa2013:coach",,"من كان مدرب لاتسيو عندما فاز على روما في نهائي كأس إيطاليا عام 2013؟","Who coached Lazio when they beat Roma in the 2013 Coppa Italia final?","فلاديمير بيتكوفيتش","Vladimir Petkovic","Lazio: Lulic al 71, il derby dei derby","https://prodc.sslazio.it/en/news/storia/laziostory-or-lulic-al-71-il-derby-dei-derby-e-biancoceleste","Lazio beat Roma in the 2013 Coppa Italia final with Senad Lulic's goal; Vladimir Petkovic coached Lazio.","2026-10-07"
"serie_a_v2_144","hard600","identity:juventus:shirtinspiration",,"من أي نادٍ إنجليزي استمد يوفنتوس ألوان قميصه الأسود والأبيض؟","Which English club supplied the inspiration for Juventus's black and white shirts?","نوتس كاونتي","Notts County","Juventus: The elegance of the Old Lady","https://www.juventus.com/en/news/articles/the-elegance-of-the-old-lady","Juventus originally wore pink, then adopted black and white stripes supplied through Notts County.","2026-10-07"
"serie_a_v2_145","hard600","coach:cagliari1970:scopigno",,"من المدرب الملقب بـ«الفيلسوف» الذي قاد كالياري إلى لقب الدوري عام 1970؟","Which coach nicknamed the Philosopher led Cagliari to the 1970 league title?","مانليو سكوبينيو","Manlio Scopigno","Cagliari: Rossoblu history","https://cagliaricalcio.com/en/casteddu/rossoblu-history/","Cagliari moved to Amsicora in 1952; Scopigno, the Philosopher, coached the 1970 champions; Cagliari beat Bari 2–0 to clinch the championship led by Riva.","2026-10-07"
"serie_a_v2_146","hard600","stadium:cagliari1970:amsicora",,"في أي ملعب كان كالياري يلعب مبارياته على أرضه عندما أحرز لقب الدوري عام 1970؟","At which stadium did Cagliari play its home games when it won the league in 1970?","أمسيكورا","Amsicora","Cagliari: Italian champions","https://cagliaricalcio.com/en/news/italian-champions/","Cagliari's championship-clinching victory in April 1970 took place at Amsicora.","2026-10-07"
"serie_a_v2_147","hard600","title:cagliari1970:clinchopponent",,"أمام أي فريق حسم كالياري لقب الدوري عام 1970 بفوز 2–0؟","Against which team did Cagliari clinch the 1970 league title with a 2–0 victory?","باري","Bari","Cagliari: Rossoblu history","https://cagliaricalcio.com/en/casteddu/rossoblu-history/","Cagliari moved to Amsicora in 1952; Scopigno, the Philosopher, coached the 1970 champions; Cagliari beat Bari 2–0 to clinch the championship led by Riva.","2026-10-07"
"serie_a_v2_148","hard600","title:verona1985:clinchopponent",,"أمام أي فريق تعادل فيرونا 1–1 في بيرغامو ليضمن لقب الدوري عام 1985؟","Which team did Verona draw 1–1 with in Bergamo to secure the 1985 league title?","أتالانتا","Atalanta","Hellas Verona: 12 maggio 1985, Campione d'Italia","https://hellasverona.it/news/12-maggio-1985-hellas-verona-campione-ditalia-video","Bagnoli's Verona clinched the 1985 Scudetto by drawing Atalanta 1–1 in Bergamo.","2026-10-07"
"serie_a_v2_149","hard600","title:samp1991:clinchopponent",,"أي فريق هزمه سامبدوريا 3–0 ليحسم لقب الدوري الإيطالي عام 1991؟","Which team did Sampdoria beat 3–0 to clinch the 1991 Italian league title?","ليتشي","Lecce","UC Sampdoria: Storia","https://www.sampdoria.it/storia/","Boskov coached the 1991 champions, who secured the title by beating Lecce 3–0. Vialli and Mancini were the Gemelli del Gol.","2026-10-07"
"serie_a_v2_150","hard600","award:ballondor1989:italianpodium",,"أي مدافع لميلان جاء ثانياً في الكرة الذهبية عام 1989 بين فان باستن وريكارد؟","Which AC Milan defender finished second in the 1989 Ballon d'Or between Van Basten and Rijkaard?","فرانكو باريزي","Franco Baresi","AC Milan: Club history","https://www.acmilan.com/en/club/history","Kilpin founded Milan and selected red and black. Baresi was second in the 1989 Ballon d'Or. Milan went 58 league games unbeaten in 1991–93; Zaccheroni won the Scudetto in his first season; Pioli coached the 2022 champions.","2026-10-07"
"serie_a_v2_151","hard600","history:totti:captainpredecessor",,"من أي مدافع برازيلي تسلم توتي شارة قيادة روما عام 1998؟","From which Brazilian defender did Totti inherit Roma's captain's armband in 1998?","ألدايير","Aldair","AS Roma: Francesco Totti, Hall of Fame","https://www.asroma.com/en/club/history/hall-of-fame/15259/francesco-totti","Totti's career was entirely at Roma; he won the 2007 Golden Shoe, inherited the armband from Aldair in 1998, debuted in Serie A against Brescia in 1993 and played his final competitive game against Genoa in May 2017.","2026-10-07"
"serie_a_v2_152","hard600","history:totti:serieadebutopponent",,"أمام أي فريق خاض توتي أول مباراة له في الدوري الإيطالي عام 1993؟","Against which team did Totti make his Serie A debut in 1993?","بريشيا","Brescia","AS Roma: Francesco Totti, Hall of Fame","https://www.asroma.com/en/club/history/hall-of-fame/15259/francesco-totti","Totti's career was entirely at Roma; he won the 2007 Golden Shoe, inherited the armband from Aldair in 1998, debuted in Serie A against Brescia in 1993 and played his final competitive game against Genoa in May 2017.","2026-10-07"
"serie_a_v2_153","hard600","history:totti:farewellopponent",,"أمام أي فريق لعب توتي آخر مباراة رسمية له مع روما في مايو 2017؟","Against which team did Totti play his final competitive match for Roma in May 2017?","جنوى","Genoa","AS Roma: Francesco Totti, Hall of Fame","https://www.asroma.com/en/club/history/hall-of-fame/15259/francesco-totti","Totti's career was entirely at Roma; he won the 2007 Golden Shoe, inherited the armband from Aldair in 1998, debuted in Serie A against Brescia in 1993 and played his final competitive game against Genoa in May 2017.","2026-10-07"
"serie_a_v2_154","hard600","title:bologna1964:coach",,"من قاد بولونيا مدرباً إلى لقب الدوري الإيطالي عام 1964؟","Who coached Bologna to the 1964 Italian league title?","فولفيو برنارديني","Fulvio Bernardini","Bologna: Addio Campione","https://www.bolognafc.it/addio-campione/","Harald Nielsen was Danish, the 1963/64 top scorer and a star of Bologna's championship team coached by Fulvio Bernardini.","2026-10-07"
"serie_a_v2_155","hard600","award:bologna1964:topscorer",,"أي مهاجم دنماركي لبولونيا تصدر هدافي الدوري الإيطالي في موسم 1963–1964؟","Which Danish Bologna striker topped Serie A's scoring chart in 1963–1964?","هارالد نيلسن","Harald Nielsen","Bologna: Addio Campione","https://www.bolognafc.it/addio-campione/","Harald Nielsen was Danish, the 1963/64 top scorer and a star of Bologna's championship team coached by Fulvio Bernardini.","2026-10-07"
"serie_a_v2_156","hard600","history:torino:finalfriendlyopponent",,"أمام أي نادٍ لعب غراندِه تورينو آخر مباراة ودية له في لشبونة قبل كارثة سوبرغا؟","Which club did Grande Torino face in their last friendly in Lisbon before the Superga disaster?","بنفيكا","Benfica","Torino: La tragedia di Superga","https://www.torinofc.it/storia/la-tragedia-di-superga","The disaster happened on 4 May 1949; Torino were returning from their friendly against Benfica in Lisbon.","2026-10-07"
"serie_a_v2_157","hard600","stadium:bologna:originalname",,"ما الاسم الأصلي لملعب بولونيا الذي افتتح عام 1927 وأصبح لاحقاً ملعب ريناتو دال آرا؟","What was the original name of Bologna's stadium, opened in 1927 and later named Renato Dall'Ara?","ليتورالي","Littoriale","Bologna: Accadde oggi, 29 maggio 1927","https://www.bolognafc.it/accadde-oggi-29-maggio-1927/","The Littoriale opened in 1927, later became Comunale and was named after Renato Dall'Ara in 1984.","2026-10-07"
"serie_a_v2_158","hard600","history:buffon:debutopponent",,"أمام أي فريق حافظ بوفون على شباكه نظيفة في ظهوره الأول بالدوري الإيطالي عام 1995؟","Against which team did Buffon keep a clean sheet on his Serie A debut in 1995?","ميلان","AC Milan","Juventus: Tutto su JuveMilan","https://www.juventus.com/it/news/articoli/tutto-su-juvemilan","Buffon's Serie A debut was Parma-Milan 0-0 on 19 November 1995.","2026-10-07"
"serie_a_v2_159","hard600","history:bergomi:youngdebutcompetition",,"في أي بطولة خاض بيرغومي أول مباراة له مع إنتر عام 1980 وهو في السادسة عشرة؟","In which competition did Bergomi make his Inter debut in 1980 at the age of sixteen?","كأس إيطاليا","Coppa Italia","Inter: Giuseppe Bergomi, Hall of Fame","https://www.inter.it/it/club/hall-of-fame/giuseppe-bergomi","Bergomi was nicknamed Zio and debuted for Inter against Juventus in the Coppa Italia on 30 January 1980 aged 16 years and 39 days.","2026-10-07"
"serie_a_v2_160","hard600","final:atalanta1963:captain",,"من قائد أتالانتا الذي رفع كأس إيطاليا عام 1963 بعد الفوز على تورينو؟","Which Atalanta captain lifted the 1963 Coppa Italia after victory over Torino?","بييرو غاردوني","Piero Gardoni","Atalanta: 60 anni fa il trionfo in Coppa Italia","https://www.atalanta.it/news/2-giugno-1963-60-anni-fa-il-trionfo-in-coppa-italia","Domenghini scored three against Torino in the 1963 final; captain Piero Gardoni lifted the trophy and Paolo Tabanelli was coach.","2026-10-07"
"serie_a_v2_161","hard600","coach:atalanta1963:tabanelli",,"من درب أتالانتا عندما أحرز كأس إيطاليا عام 1963؟","Who coached Atalanta when they won the 1963 Coppa Italia?","باولو تابانيلي","Paolo Tabanelli","Atalanta: 60 anni fa il trionfo in Coppa Italia","https://www.atalanta.it/news/2-giugno-1963-60-anni-fa-il-trionfo-in-coppa-italia","Domenghini scored three against Torino in the 1963 final; captain Piero Gardoni lifted the trophy and Paolo Tabanelli was coach.","2026-10-07"
"serie_a_v2_162","hard600","history:dinatale:previousclub",,"من أي نادٍ إيطالي انتقل دي ناتالي إلى أودينيزي عام 2004؟","From which Italian club did Di Natale join Udinese in 2004?","إمبولي","Empoli","Udinese: Accadde oggi, l'esordio di Di Natale","https://www.udinese.it/news/memories/accadde-oggi-l-esordio-di-di-natale","Di Natale arrived from Empoli in 2004; he spent 12 seasons with Udinese and became their captain and record goalscorer and appearance holder.","2026-10-07"
"serie_a_v2_163","hard600","coach:napoli1987:bianchi",,"من درب نابولي عندما أحرز أول لقب للدوري الإيطالي عام 1987؟","Who coached Napoli when they won their first Italian league title in 1987?","أوتافيو بيانكي","Ottavio Bianchi","UEFA: No magic wand, says Bianchi","https://www.uefa.com/news-media/news/0181-0f8e897ad57a-927f851ec39f-1000--no-magic-wand-says-bianchi/","Bianchi steered Napoli to the league title in 1987.","2026-10-07"
"serie_a_v2_164","hard600","match:inter2010:sienacomebackwinner",,"أي مدافع سجل هدف إنتر في الوقت بدل الضائع ليكمل العودة والفوز 4–3 على سيينا في يناير 2010؟","Which defender scored Inter's stoppage-time winner to complete a 4–3 comeback against Siena in January 2010?","والتر صامويل","Walter Samuel","Inter Classics: Samuel up top, Inter 4–3 Siena","https://www.inter.it/en/news/2020-04-22-inter-classics-inter-4-3-siena-2009-10","Walter Samuel scored the stoppage-time winner in Inter's January 2010 comeback against Siena.","2026-10-07"
"serie_a_v2_165","hard600","record:juve2014:homewins",,"كم مباراة فاز بها يوفنتوس من أصل 19 مباراة على أرضه في الدوري الإيطالي عام 2013–2014؟","How many of their 19 home Serie A matches did Juventus win in 2013–2014?","19 مباراة، جميعها","19 matches, all of them","Juventus: Fifteen years, fifteen moments","https://jacademy.juventus.com/en/news/articles/15-years-15-moments-that-made-history","Conte's Juventus won all 19 home league games in 2013/14.","2026-10-07"
"serie_a_v2_166","hard600","record:inter1959:angelillo",,"أي مهاجم لإنتر سجل 33 هدفاً في الدوري عام 1958–1959، وهو آخر من بلغ 30 قبل لوكا توني عام 2006؟","Which Inter striker scored 33 league goals in 1958–1959, the last to reach 30 before Luca Toni in 2006?","أنطون فالنتين أنجيليلو","Anton Valentin Angelillo","UEFA: Prolific Toni reaches new heights","https://www.uefa.com/news-media/news/0254-0d7b8cb0a8a7-854bd580687f-1000--prolific-toni-reaches-new-heights/","Inter's Angelillo scored 33 in 1958/59; no Serie A player reached 30 again until Toni in 2006.","2026-10-07"
"serie_a_v2_167","hard600","history:zanetti:arrivalclub",,"من أي نادٍ أرجنتيني انتقل خافيير زانيتي إلى إنتر عام 1995؟","From which Argentine club did Javier Zanetti join Inter in 1995?","بانفيلد","Banfield","Inter: 25 years since Zanetti's first game","https://www.inter.it/en/news/2020-08-27-zanetti-debut-inter-vicenza-1995","Zanetti signed from Banfield in 1995.","2026-10-07"
"serie_a_v2_168","hard600","history:coppa1962:seconddivisionwinner",,"أي نادٍ أحرز كأس إيطاليا عام 1962 وهو يلعب في الدرجة الثانية؟","Which club won the 1962 Coppa Italia while playing in the second division?","نابولي","Napoli","Lega Serie A: I record della Coppa Italia","https://www.legaseriea.it/coppa-italia/news/i-record-della-coppa-italia","Vado won the first cup in 1922. Napoli won in 1961/62 outside Serie A; Torino won the first league/cup double in 1942/43.","2026-10-07"
"serie_a_v2_169","hard600","final:bologna2025:motm",,"من اختير أفضل لاعب في نهائي كأس إيطاليا عام 2025 الذي فاز فيه بولونيا على ميلان؟","Who was named Player of the Match in the 2025 Coppa Italia final won by Bologna against AC Milan?","دان ندوي","Dan Ndoye","Bologna: Dan Ndoye's comments after Coppa Italia triumph","https://www.bolognafc.it/en/dan-ndoyes-comments-after-our-coppa-italia-triumph/","Ndoye was Player of the Match in the 2025 final victory over Milan.","2026-10-07"
"serie_a_v2_170","hard600","history:maldini:debutcoach",,"من مدرب ميلان الذي منح باولو مالديني ظهوره الأول في الدوري عام 1985؟","Which AC Milan coach gave Paolo Maldini his league debut in 1985?","نيلس ليدهولم","Nils Liedholm","AC Milan: Paolo Maldini, Legends","https://www.acmilan.com/en/club/legends/player/paolo-maldini","Paolo's father was captain Cesare Maldini; Nils Liedholm gave Paolo his league debut in January 1985.","2026-10-07"
"serie_a_v2_171","hard600","match:sassuolo:firstjuvewinscorer",,"من سجل من ركلة حرة هدف أول فوز لساسولو على يوفنتوس في الدوري عام 2015؟","Who scored the free-kick goal in Sassuolo's first league victory over Juventus in 2015?","نيكولا سانسوني","Nicola Sansone","Sassuolo: Main characters in Serie A and Europe","https://www.sassuolocalcio.it/en/club/our-history/main-characters-in-serie-a/","Berardi scored four against Milan in January 2014. Di Francesco coached the sixth-place team in 2016; Sansone scored the first winning goal over Juventus in 2015; the first European match was at Luzern in 2016.","2026-10-07"
"serie_a_v2_172","hard600","history:sassuolo:eurodebutopponent",,"أي فريق سويسري واجه ساسولو في أول مباراة أوروبية له عام 2016؟","Which Swiss team did Sassuolo face in their first European match in 2016?","لوسيرن","Luzern","Sassuolo: Main characters in Serie A and Europe","https://www.sassuolocalcio.it/en/club/our-history/main-characters-in-serie-a/","Berardi scored four against Milan in January 2014. Di Francesco coached the sixth-place team in 2016; Sansone scored the first winning goal over Juventus in 2015; the first European match was at Luzern in 2016.","2026-10-07"
"serie_a_v2_173","hard600","history:atalanta1988:division",,"في أي درجة كان أتالانتا يلعب عندما بلغ نصف نهائي كأس الكؤوس الأوروبية عام 1988؟","In which division were Atalanta playing when they reached the 1988 European Cup Winners' Cup semi-finals?","الدرجة الثانية «سيري ب»","The second division, Serie B","UEFA: What makes Atalanta special?","https://www.uefa.com/uefaeuropaleague/news/023d-0e97c7f6b23b-a1482de43e0f-1000--what-makes-atalanta-special/","Atalanta are La Dea; Alejandro Gomez is Papu. Mino Favini was the Wizard of Meda overseeing the academy. Atalanta reached the 1988 Cup Winners' Cup semi-finals while in Serie B.","2026-10-07"
"serie_a_v2_174","hard600","history:atalanta:academymentor",,"ما اسم المشرف الأسطوري على أكاديمية أتالانتا الذي لقب بـ«ساحر ميدا»؟","What was the name of Atalanta's legendary academy overseer nicknamed the Wizard of Meda?","مينو فافيني","Mino Favini","UEFA: What makes Atalanta special?","https://www.uefa.com/uefaeuropaleague/news/023d-0e97c7f6b23b-a1482de43e0f-1000--what-makes-atalanta-special/","Atalanta are La Dea; Alejandro Gomez is Papu. Mino Favini was the Wizard of Meda overseeing the academy. Atalanta reached the 1988 Cup Winners' Cup semi-finals while in Serie B.","2026-10-07"
"serie_a_v2_175","hard600","identity:lazio:colourinspiration",,"ألوان علم أي بلد ألهمت اختيار الأبيض والسماوي للاتسيو؟","Which country's flag colours inspired Lazio's choice of white and sky blue?","اليونان","Greece","Lazio: Il primo volo dell'Aquila Olimpia","https://www.sslazio.it/en/news/storia/laziostory-il-primo-volo-dell-aquila-olympia","Olympia first flew before the Lazio-Milan game in September 2010; Lazio's white and sky blue were chosen from Greece's colours.","2026-10-07"
"serie_a_v2_176","hard600","title:lazio1974:captain",,"من قائد لاتسيو الذي رفع درع الدوري الإيطالي لأول مرة عام 1974؟","Which Lazio captain lifted the Italian league trophy for the first time in 1974?","بينو ويلسون","Pino Wilson","Lazio: La consegna della Coppa Scudetto 1973/74","https://www.sslazio.it/it/news/storia/laziostory-la-consegna-della-coppa-scudetto-1973-74","Maestrelli coached the champions; captain Pino Wilson lifted Lazio's first league trophy in October 1974.","2026-10-07"
"serie_a_v2_177","hard600","history:parma:promotionopponent",,"أمام أي منافس محلي حسم بارما صعوده الأول إلى الدوري الإيطالي عام 1990 بهدفي أوسيو وميلي؟","Against which local rival did Parma clinch their first Serie A promotion in 1990 with goals by Osio and Melli?","ريجيانا","Reggiana","Parma Calcio: History of the Club","https://www.parmacalcio1913.com/en/history-of-the-club/","Parma clinched their first Serie A promotion in 1989/90 at home against Reggiana, with goals by Osio and Melli.","2026-10-07"
"serie_a_v2_178","hard600","history:genoa1992:anfieldfirst",,"أي نادٍ أصبح أول فريق إيطالي يفوز في أنفيلد عام 1992؟","Which club became the first Italian team to win at Anfield in 1992?","جنوى","Genoa","UEFA: Griffins glowing in Genoa","https://www.uefa.com/news-media/news/01aa-0f8475bf2bcc-2dedfdac21f5-1000--griffins-glowing-in-genoa/","Genoa finished fourth in 1990/91 with Aguilera and Skuhravy in attack and became the first Italian team to win at Anfield the following season.","2026-10-07"
"serie_a_v2_179","hard600","attack:genoa1991:partnership",,"من كان شريك توماش سكوهرافي الأوروغوياني في هجوم جنوى عندما أنهى الدوري رابعاً عام 1991؟","Who was Tomas Skuhravy's Uruguayan strike partner when Genoa finished fourth in the league in 1991?","كارلوس أغيليرا","Carlos Aguilera","UEFA: Griffins glowing in Genoa","https://www.uefa.com/news-media/news/01aa-0f8475bf2bcc-2dedfdac21f5-1000--griffins-glowing-in-genoa/","Genoa finished fourth in 1990/91 with Aguilera and Skuhravy in attack and became the first Italian team to win at Anfield the following season.","2026-10-07"
"serie_a_v2_180","hard600","match:vieri:interdebuthatopponent",,"أمام أي فريق سجل كريستيان فييري ثلاثية في أول مباراة رسمية له مع إنتر عام 1999؟","Against which team did Christian Vieri score a hat-trick on his competitive Inter debut in 1999?","هيلاس فيرونا","Hellas Verona","Inter: Tanti auguri Christian Vieri, 2026","https://www.inter.it/it/notizie/compleanno-christian-vieri-2026","Vieri scored a hat-trick against Hellas Verona on his Inter debut in 1999.","2026-10-07"
"serie_a_v2_181","hard600","history:coppa:firstwinner",,"أي نادٍ فاز بأول نسخة من كأس إيطاليا عام 1922؟","Which club won the first Coppa Italia in 1922?","فادو","Vado","Lega Serie A: I record della Coppa Italia","https://www.legaseriea.it/coppa-italia/news/i-record-della-coppa-italia","Vado won the first cup in 1922. Napoli won in 1961/62 outside Serie A; Torino won the first league/cup double in 1942/43.","2026-10-07"
"serie_a_v2_182","hard600","history:milan:firstcapocannoniere",,"من أول لاعب لميلان تصدر هدافي الدوري الإيطالي، في موسم 1938–1939؟","Who was the first AC Milan player to top Serie A's scoring chart, in 1938–1939?","ألدو بوفي","Aldo Boffi","AC Milan: Top scorers","https://www.acmilan.com/en/club/ac-milan-top-scorers","Nordahl leads with 221 goals. Gren, Nordahl and Liedholm formed Gre-No-Li; Boffi was Milan's first Serie A top scorer in 1938/39.","2026-10-07"
"serie_a_v2_183","hard600","coach:vicenza1997:guidolin",,"من درب فيتشنزا عندما أحرز كأس إيطاليا عام 1997؟","Who coached Vicenza when they won the 1997 Coppa Italia?","فرانشيسكو غيدولين","Francesco Guidolin","UEFA: Guidolin given Udinese reins","https://www.uefa.com/news-media/news/01e5-0e74a0903890-9a75c4be7b02-1000--guidolin-given-udinese-reins/","Guidolin led Vicenza to the 1997 Coppa Italia.","2026-10-07"
"serie_a_v2_184","hard600","history:klinsmann:interdebutground",,"في أي مدينة خاض كلينسمان أول مباراة رسمية له مع إنتر أمام سبيتسيا عام 1989، بسبب أعمال التجديد في سان سيرو؟","In which city did Klinsmann make his competitive Inter debut against Spezia in 1989 because San Siro was being renovated?","مونزا","Monza","Inter: Spezia, last time in the Coppa Italia in 1989","https://www.inter.it/en/news/2020-12-18-inter-spezia-coppa-italia-1989","Klinsmann debuted against Spezia at the Brianteo in Monza because San Siro was being renovated for Italia 90.","2026-10-07"
"serie_a_v2_185","hard600","history:ronaldo:firstinternumber",,"أي رقم ارتداه رونالدو في تقديمه لجمهور إنتر وظهوره الودي الأول عام 1997 قبل ارتداء الرقم 9؟","Which number did Ronaldo wear at his Inter presentation and first friendly appearance in 1997 before wearing number 9?","10","10","Inter: 25 July 1997, Ronaldo joins Inter","https://www.inter.it/en/news/25-july-1997-ronaldo-joins-inter","Ronaldo joined Inter in July 1997 and wore number 10 at his unveiling and first friendly against Manchester United.","2026-10-07"
"serie_a_v2_186","hard600","record:buffon2016:stoppingplayer",,"من سجل ركلة الجزاء لتورينو التي أنهت سلسلة بوفون القياسية دون استقبال أهداف في مارس 2016؟","Who scored Torino's penalty that ended Buffon's record run without conceding in March 2016?","أندريا بيلوتي","Andrea Belotti","Juventus: Buffon, Record belongs to the team","https://www.juventus.com/en/news/articles/buffon-record-belongs-to-the-team","Buffon passed Sebastiano Rossi's record in March 2016; Belotti's penalty ended his run in the derby.","2026-10-07"
"serie_a_v2_187","hard600","record:buffon2016:previousholder",,"رقم أي حارس سابق لميلان في الدقائق دون استقبال أهداف حطمه بوفون عام 2016؟","Which former AC Milan goalkeeper's record for minutes without conceding did Buffon break in 2016?","سيباستيانو روسي","Sebastiano Rossi","Juventus: Buffon, Record belongs to the team","https://www.juventus.com/en/news/articles/buffon-record-belongs-to-the-team","Buffon passed Sebastiano Rossi's record in March 2016; Belotti's penalty ended his run in the derby.","2026-10-07"
"serie_a_v2_188","hard600","history:amadei:youngestscorer1937",,"من مهاجم روما الذي سجل في الدوري الإيطالي عام 1937 وعمره 15 عاماً و288 يوماً؟","Which Roma striker scored in Serie A in 1937 at the age of fifteen years and 288 days?","أميديو أمادي","Amedeo Amadei","AS Roma: Hall of Fame statistical book, 2012 and 2013 classes","https://media.asroma.com/prod/files/file/gm-57041aba-52fe-4d87-9255-26c6f349b9f8-classes-of-2012-and-2013-stat-book.pdf","Amadei scored aged 15 years and 288 days in the 1936/37 season.","2026-10-07"
"serie_a_v2_189","hard600","match:inter24:openingscorer",,"من سجل الهدف الأول لإنتر في ديربي الفوز 2–1 الذي حسم لقب الدوري عام 2024؟","Who scored Inter's opening goal in the 2–1 derby victory that clinched the 2024 league title?","فرانشيسكو أتشيربي","Francesco Acerbi","Inter: Win the derby to become Champions of Italy","https://www.inter.it/en/news/milan-inter-serie-a-2023-24","Inzaghi's Inter clinched their twentieth league title with a 2–1 victory over Milan on 22 April 2024; Acerbi opened the scoring before Thuram's goal.","2026-10-07"
"serie_a_v2_190","hard600","history:sacchi:milanpreviousclub",,"من أي نادٍ انتقل ساكي إلى تدريب ميلان عام 1987؟","From which club did Sacchi move to coach AC Milan in 1987?","بارما","Parma","AC Milan: 1987/88 roster and season","https://www.acmilan.com/en/roster-archive/men-first-team-archive/acmilan-1987-roster","Sacchi arrived from Parma and won the 1988 league; Virdis scored twice in the decisive 3–2 win at Napoli.","2026-10-07"
"serie_a_v2_191","hard600","award:samp1961:firstcapocannoniere",,"من أول لاعب لسامبدوريا تصدر هدافي الدوري الإيطالي، في موسم 1960–1961؟","Who was Sampdoria's first Serie A top scorer, in 1960–1961?","سيرجيو بريغينتي","Sergio Brighenti","Sampdoria: Goal king Quagliarella makes history","https://www.sampdoria.it/en/news-en-2/team-en-2/2019/05/27/goal-king-quagliarella-makes-history-with-season-tally-of-26/","Quagliarella led the 2018/19 scoring chart with 26; Brighenti was Sampdoria's first top scorer in 1960/61.","2026-10-07"
"serie_a_v2_192","hard600","match:milan1988:napolibrace",,"من سجل هدفين لميلان في فوزه الحاسم 3–2 على نابولي في مايو 1988؟","Who scored twice for AC Milan in their decisive 3–2 victory at Napoli in May 1988?","بييترو باولو فيرديس","Pietro Paolo Virdis","AC Milan: 1987/88 roster and season","https://www.acmilan.com/en/roster-archive/men-first-team-archive/acmilan-1987-roster","Sacchi arrived from Parma and won the 1988 league; Virdis scored twice in the decisive 3–2 win at Napoli.","2026-10-07"
"serie_a_v2_193","hard600","award:protti1996:club",,"مع أي نادٍ تصدر إيغور بروتي هدافي الدوري الإيطالي موسم 1995–1996؟","With which club did Igor Protti top Serie A's scoring chart in 1995–1996?","باري","Bari","UEFA: Protti ends on a high","https://www.uefa.com/news-media/news/025a-0eaae56d3f70-b2c62af1a168-1000--protti-ends-on-a-high/","Protti was the first top scorer in Serie A, B and C1; he shared the 1995/96 Serie A scoring title while at Bari.","2026-10-07"
"serie_a_v2_194","hard600","record:juve:nineseasonplayer",,"من اللاعب الوحيد الذي شارك في كل مواسم ألقاب يوفنتوس التسعة المتتالية بين 2012 و2020؟","Who was the only player to make an appearance in each of Juventus's nine consecutive title-winning seasons from 2012 to 2020?","جورجيو كيليني","Giorgio Chiellini","Juventus: STRON9ER, numbers behind the ninth title","https://www.juventus.com/en/news/articles/stron9er-the-numbers-behind-the-bianconeri-s-ninth-title","Chiellini was the only player with appearances in all nine consecutive championship seasons.","2026-10-07"
"serie_a_v2_195","hard600","history:torino:firstofficialopponent",,"أمام أي فريق لعب تورينو أول مباراة رسمية له في ديسمبر 1906، وفاز 3–1؟","Against which team did Torino play their first official match in December 1906, winning 3–1?","برو فيرتشيلي","Pro Vercelli","Torino FC: La fondazione","https://www.torinofc.it/storia/la-fondazione","Torino adopted maroon as its club colour; its first official match was against Pro Vercelli on 16 December 1906.","2026-10-07"
"serie_a_v2_196","hard600","match:recoba:debutbrace",,"أمام أي فريق سجل ألفارو ريكوبا هدفين في أول ظهور له مع إنتر بالدوري عام 1997، خاطفًا الأضواء في يوم ظهور رونالدو الأول؟","Against which team did Alvaro Recoba score twice on his Inter league debut in 1997, stealing the spotlight on Ronaldo's debut day?","بريشيا","Brescia","Inter: Il saluto del Chino","https://www.inter.it/it/notizie/2016-03-30-il-saluto-del-chino","On 31 August 1997 Recoba came on and scored twice against Brescia on his Inter debut, the same match as Ronaldo's debut.","2026-10-07"
"serie_a_v2_197","hard600","transfer:seedorf:coco",,"أي لاعب انتقل من ميلان إلى إنتر ضمن صفقة انتقال كلارنس سيدورف في الاتجاه المعاكس عام 2002؟","Which player moved from AC Milan to Inter as part of Clarence Seedorf's transfer in the opposite direction in 2002?","فرانشيسكو كوكو","Francesco Coco","AC Milan: Manchester 2003, grazie Tullio e Francesco","https://www.acmilan.com/it/news/articoli/passion120/2019-12-11/manchester-2003-grazie-tullio-e-grazie-francesco","Seedorf joined Milan in June 2002 in an exchange involving Francesco Coco moving to Inter.","2026-10-07"
"serie_a_v2_198","hard600","coach:empoli:2007",,"من قاد إمبولي إلى التأهل الأوروبي لأول مرة ودرّبه في ظهوره الأول بكأس الاتحاد الأوروبي عام 2007؟","Who led Empoli to their first European qualification and coached their UEFA Cup debut in 2007?","لويجي كانيي","Luigi Cagni","UEFA: Cagni proud of young Empoli bucks","https://www.uefa.com/uefaeuropaleague/news/01c5-0e6e8e08164d-c595de754cd0-1000--cagni-proud-of-young-empoli-bucks/","Luigi Cagni coached Empoli's first-ever European game in September 2007 after securing qualification the previous season.","2026-10-07"
"serie_a_v2_199","hard600","award:hubner:trezeguet2002",,"أي مهاجم من بياتشينزا تقاسم صدارة هدافي الدوري الإيطالي مع دافيد تريزيغيه عام 2002؟","Which Piacenza striker shared the Serie A scoring title with David Trezeguet in 2002?","داريو هوبنر","Dario Hubner","UEFA: Hubner to finish career at Piacenza","https://www.uefa.com/news-media/news/0189-0f8e92dfafc8-71d050952a2c-1000--hubner-to-finish-career-at-piacenza/","Piacenza's Dario Hubner and Juventus's David Trezeguet shared the 2001/02 Serie A scoring title with 24 goals.","2026-10-07"
"serie_a_v2_200","hard600","stadium:juve:firstcompetitivegoal",,"من سجل أول هدف رسمي في ملعب يوفنتوس الجديد أمام بارما في سبتمبر 2011؟","Who scored the first competitive goal at Juventus's new stadium against Parma in September 2011?","شتيفان ليختشتاينر","Stephan Lichtsteiner","Juventus: Juventus Stadium, the LE6END","https://www.juventus.com/en/news/articles/juventus-stadium-the-home-of-a-le6end","Stephan Lichtsteiner scored Juventus's first goal at the new stadium against Parma in September 2011.","2026-10-07"
"serie_a_v2_201","hard600","player:torricelli:furnitureworker",,"أي مدافع انضم إلى يوفنتوس من كاراتيزي عام 1992 بعد أن كان يعمل في مصنع أثاث؟","Which defender joined Juventus from Caratese in 1992 after working in a furniture factory?","مورينو توريشيلي","Moreno Torricelli","Juventus: Auguri Moreno","https://www.juventus.com/it/news/articoli/auguri-moreno","Torricelli worked in a furniture factory's packing department before joining Juventus from amateur Caratese in June 1992.","2026-10-07"
"serie_a_v2_202","hard600","europe:parma1995:bothlegscorer",,"من سجل هدفي بارما في ذهاب وإياب نهائي كأس الاتحاد الأوروبي أمام يوفنتوس عام 1995؟","Who scored both of Parma's goals across the two legs of the 1995 UEFA Cup final against Juventus?","دينو باجيو","Dino Baggio","UEFA: Baggio gives Parma lift-off, 1994/95","https://www.uefa.com/uefaeuropaleague/news/0132-0e6a14928ffb-eec446e0ed4c-1000--1994-95-baggio-gives-parma-lift-off/","Dino Baggio scored Parma's goal in each leg of the 1995 UEFA Cup final, a 1-0 win and 1-1 draw against Juventus.","2026-10-07"
"serie_a_v2_203","hard600","player:rossi:vicenza1978",,"مع أي نادٍ سجل باولو روسي 24 هدفًا في موسم 1977–1978 الذي أنهاه الفريق وصيفًا للدوري الإيطالي؟","For which club did Paolo Rossi score 24 goals in the 1977–1978 season that the team finished as Serie A runners-up?","فيتشنزا","Vicenza","FIGC: Italy mourns Paolo Rossi","https://www.figc.it/it/federazione/news/litalia-piange-paolo-rossi-gravina-perdiamo-un-amico-e-unicona-del-nostro-calcio-uumzixfj","Rossi scored 24 goals for Vicenza in 1977/78 as the club finished second in Serie A.","2026-10-07"
"serie_a_v2_204","hard600","match:lazio1974:clinchscorer",,"من سجل ركلة الجزاء أمام فوجيا التي حسمت أول لقب دوري للاتسيو في مايو 1974؟","Who scored the penalty against Foggia that clinched Lazio's first league title in May 1974?","جورجيو كيناليا","Giorgio Chinaglia","SS Lazio: Foggia battuto, campioni d'Italia","https://www.sslazio.it/en/news/storia/laziostory-or-campioni-d-italia","Chinaglia's 60th-minute penalty against Foggia clinched Lazio's first league title on 12 May 1974.","2026-10-07"
