"pair","hash","similarity","arabicSimilarity","factA","factB","questionA","answerA","questionB","answerB"
"serie_a_v2_003/serie_a_v2_034","c039cce327595e9ebb814c4ea2292d2186ceb6bee09f9a052fd6e37702b68260","0.545","0.6","derby:madonnina:clubs","derby:mole:clubs","Which two clubs contest the Derby della Madonnina?","AC Milan and Inter","Which two clubs contest Turin's Derby della Mole?","Juventus and Torino"
"serie_a_v2_007/serie_a_v2_032","e6f99c27cee5c979beb43280d87dc0e246b6e7233b74b74212e6466c6b31bca3","0.615","0.6","identity:milan:colours","identity:roma:giallorossicolours","Which two colours are reflected in AC Milan's nickname Rossoneri?","Red and black","Which two colours are reflected in Roma's nickname Giallorossi?","Yellow and red"
"serie_a_v2_011/serie_a_v2_021","bda241634e521a98b84bf599656a015b78c47fb523fca1afae630943689b7917","0.538","0.667","coach:milan2022:pioli","coach:napoli2023:spalletti","Who coached AC Milan to the Italian league title in 2022?","Stefano Pioli","Who coached Napoli to the 2023 Italian league title?","Luciano Spalletti"
"serie_a_v2_011/serie_a_v2_154","2b5a87835f1cff7e564390261952da8325386bde1ad49f9843ac4ff9865495a0","0.538","0.667","coach:milan2022:pioli","title:bologna1964:coach","Who coached AC Milan to the Italian league title in 2022?","Stefano Pioli","Who coached Bologna to the 1964 Italian league title?","Fulvio Bernardini"
"serie_a_v2_014/serie_a_v2_124","c1771eebbf84647c991005ea0e271544826fe3c378a0eaabca8925a48a25589b","0.692","0.667","title:roma2001:coach","coach:juve2020:sarri","Who coached Roma when they won the 2001 Italian league title?","Fabio Capello","Who coached Juventus when they won the 2020 Italian league title?","Maurizio Sarri"
"serie_a_v2_021/serie_a_v2_154","ccd64ed769ea77b197ecb2548c657614f9a4d1ae1a83dec1ee9fcf0876d01e9b","0.636","0.667","coach:napoli2023:spalletti","title:bologna1964:coach","Who coached Napoli to the 2023 Italian league title?","Luciano Spalletti","Who coached Bologna to the 1964 Italian league title?","Fulvio Bernardini"
"serie_a_v2_033/serie_a_v2_034","2867469452846614a94cfe2dcb15fb9f30a8ff37cd52f649b560b6b44249487e","0.636","0.462","derby:lanterna:clubs","derby:mole:clubs","Which two clubs contest Genoa's Derby della Lanterna?","Genoa and Sampdoria","Which two clubs contest Turin's Derby della Mole?","Juventus and Torino"
"serie_a_v2_043/serie_a_v2_088","179e70979a930209bb8a0a1360d91184844e05418740b2c0b57d575c55dfa133","0.6","0.538","final:atalanta2024:hattrick","match:atalanta1963:hattrick","Who scored Atalanta's hat-trick in the 2024 Europa League final?","Ademola Lookman","Who scored Atalanta's hat-trick in the 1963 Coppa Italia final?","Angelo Domenghini"
"serie_a_v2_045/serie_a_v2_077","452bf98161717e84aefb5791cc64d64cec67c9ba8e2edb58f6a8cd2fd4eaae74","0.625","0.389","coach:inter2024:inzaghi","coach:samp1991:boskov","Who coached Inter when they won their twentieth Italian league title in 2024?","Simone Inzaghi","Who coached Sampdoria when they won their first Italian league title in 1991?","Vujadin Boskov"
"serie_a_v2_045/serie_a_v2_163","d919dfeb96968df7d0868ade4668a0e713fe98236820c8a611354242de95aabd","0.625","0.278","coach:inter2024:inzaghi","coach:napoli1987:bianchi","Who coached Inter when they won their twentieth Italian league title in 2024?","Simone Inzaghi","Who coached Napoli when they won their first Italian league title in 1987?","Ottavio Bianchi"
"serie_a_v2_077/serie_a_v2_163","afbf2994b575d09f882eaf7af059949f99da1f22716cb949dce14fa27c4698e1","0.733","0.333","coach:samp1991:boskov","coach:napoli1987:bianchi","Who coached Sampdoria when they won their first Italian league title in 1991?","Vujadin Boskov","Who coached Napoli when they won their first Italian league title in 1987?","Ottavio Bianchi"
"serie_a_v2_161/serie_a_v2_183","89557f3e47cd8bbe0e0f5d4fe64699e21cc0cc6f2c36c06c603fa223e766bc46","0.667","0.636","coach:atalanta1963:tabanelli","coach:vicenza1997:guidolin","Who coached Atalanta when they won the 1963 Coppa Italia?","Paolo Tabanelli","Who coached Vicenza when they won the 1997 Coppa Italia?","Francesco Guidolin"
"serie_a_v2_182/serie_a_v2_191","03e8e925570b449f8c5b07e7bf7b7ec7bf7a9d939ee0619c946209bb86f55529","0.381","0.6","history:milan:firstcapocannoniere","award:samp1961:firstcapocannoniere","Who was the first AC Milan player to top Serie A's scoring chart, in 1938–1939?","Aldo Boffi","Who was Sampdoria's first Serie A top scorer, in 1960–1961?","Sergio Brighenti"
