"id","hash","factKey","source","evidenceVerified","translationParity","difficultyReviewed","distinctFact","reviewDate"
"001","4508724deecabd6a5c5bdaf80af07cb3bc9fb829cac8b757f0398549dd932ef7","history:premierleague:inauguralseason","history","yes","yes","yes","yes","2026-10-07"
"002","d5364bd95e25ce6784b10c90543d1a84e9160382868cab998cb066fe794ff2fc","player:cantona:kingnickname","cantona","yes","yes","yes","yes","2026-10-07"
"003","81ab61029146aa2217ccdc6586afd9fd8f9504e75d2707790f61722a8abdb393","record:career:leadinggoalscorer","shearer","yes","yes","yes","yes","2026-10-07"
"004","42a7f6274d8aa22895a74a6e57529416dbb050b2ee1a8e72159e906372e1345b","player:rooney:boyhoodclub","rooney","yes","yes","yes","yes","2026-10-07"
"005","0cd01b147f0bfe068a7ed2fa640894f75939b40a7c5dfa5f8522ada405e8f63c","record:midfielder:leadinggoalscorer","lampard","yes","yes","yes","yes","2026-10-07"
"006","ec62e9c7ff319356660543db48a890ecda6b2fa4e328f4df091bb6895dd497ba","record:season:haaland36","records","yes","yes","yes","yes","2026-10-07"
"007","865a4762b72499c5d1b61de13dc26663598c93458e5a04398eda0c8c843cdb5e","record:goals:kanesoncombination","records","yes","yes","yes","yes","2026-10-07"
"008","9d1f074bd12d10c03f0f386d129da03032ea673b5aa54bab9273d6fc06f6499d","venue:arsenal:home","stadiums","yes","yes","yes","yes","2026-10-07"
"009","20e31d1a5ef3c85ab0652d2e8aa1a6b1c6de15d2752ea77520bbdcb22792646f","venue:united:theatreofdreams","stadiums","yes","yes","yes","yes","2026-10-07"
"010","f7232ed7deccdc32fb1950c89ea415c40fdc281be1b0152a286b9863984560ac","venue:chelsea:home","stadiums","yes","yes","yes","yes","2026-10-07"
"011","357f6fbaf169608df3e517f1fe182f13dae88a21e60cce7b44117b38a3623fd5","identity:arsenal:cannonsymbol","badges","yes","yes","yes","yes","2026-10-07"
"012","50c810a03048d406e44ec7569b238e4fef923b63468479d32c7a7a1154232ed7","identity:tottenham:birdsymbol","badges","yes","yes","yes","yes","2026-10-07"
"013","31fb61b1eafc93d3998711d96c0e8d8d8e42ca30fe3ff71b631c12063d4ad69d","identity:brighton:nickname","badges","yes","yes","yes","yes","2026-10-07"
"014","6fb7b9d43af3778364209ab0e2e9fa853be8bab348c97dd56c65052f981b6f1e","history:leicester:unexpectedtitle","leicester2016","yes","yes","yes","yes","2026-10-07"
"015","9e057852961162613f27d38ca2eb473233b85ad69c05bdc90ee30b52d79adc79","identity:arsenal:invincibles","invincibles","yes","yes","yes","yes","2026-10-07"
"016","4dd0c2e5a36fe6b65a128dccb4f8499f9f03d014adc6c6656d92943b47627ca1","coach:mourinho:specialone","mourinhotactics","yes","yes","yes","yes","2026-10-07"
"017","730fc55c9779c7b20fc0e66552f0ec2ca1c475a02a1d4ea0e9874b3f423b6e62","transfer:salah:premierfirstclub","salaharrival","yes","yes","yes","yes","2026-10-07"
"018","b41ef2245d2b2cc2438466c099cfef5a4b19910b1fec69018ab8c1decca47fcc","history:blackburn1995:champion","blackburn1995","yes","yes","yes","yes","2026-10-07"
"019","e45dac0f3f9d9ac9d2c2dc4f999a30b3f008b835225549ed596336bdf09d5f51","player:ronaldo2008:goldenboot","united2008","yes","yes","yes","yes","2026-10-07"
"020","b486c5246809f6837d03330589da4025f266fc7ea0bf095456c6ef600542a9dd","match:city2012:titlewinner","aguero2012","yes","yes","yes","yes","2026-10-07"
"021","c21d84b1aef8a359c864cda70c1a0f72fea670f4fce1efafb0adf121542496c7","player:hazard:nationality","hazard","yes","yes","yes","yes","2026-10-07"
"022","846b5288445a4b9270b7333d94cfc2634c59923c094e1f1612ab39f42fa08af5","player:terry:captainleaderlegend","terry","yes","yes","yes","yes","2026-10-07"
"023","dac96143f2dd87e9f9df257fb01dafa23c29e948217e51569fde8f70d0d69ce4","coach:ferguson:thirteentitles","ferguson","yes","yes","yes","yes","2026-10-07"
"024","a41f4cb1f1dcf64de68ab8189c57c5ce116c1975e30697ba37fd0f0840342eaf","player:vieira:invinciblescaptain","vieira","yes","yes","yes","yes","2026-10-07"
"025","70b56dddcc11094b294229ee7d9e6c183b1c5cac198c4e3ba8f06c44630f2b77","player:schmeichel:starfishsave","schmeichel","yes","yes","yes","yes","2026-10-07"
"026","3572bb9e80bef37d11cb9105c3fbeb88310def88d6ca512ba30ba29d13e19cab","player:keane:nationality","keane","yes","yes","yes","yes","2026-10-07"
"027","5f1fa1f0984d8c57b9260dc05832a9385c251f311e8895d713b9f788b3734103","player:bergkamp:nationality","bergkamp","yes","yes","yes","yes","2026-10-07"
"028","d8a1905605f7811530a59ce6d1e5cbb50aa88bafb4c081f62f69fc02ccfc714e","player:drogba:nationality","drogba","yes","yes","yes","yes","2026-10-07"
"029","e2ceddd65ec1477b5e7c499c0dd2b2d9776f4cb66ec7111d2b1cc1e4c449429b","player:gerrard:premierclub","gerrard","yes","yes","yes","yes","2026-10-07"
"030","bfeed3a85694a4e7c264aac4a11e15b3acc0ce5666aa65653d8faf50b2a3345b","match:alisson2021:winningkeeper","alissonheader","yes","yes","yes","yes","2026-10-07"
"031","942e024226cce1563bce7f8916a913867bca4feba74df87dc9ac81f1f732c4bb","match:rooney2011:overheadderby","united2011","yes","yes","yes","yes","2026-10-07"
"032","b6e6fd4aa221d7ff834a298a171377275aa9118c710834e8a352c9f1735451a7","match:sunderland2009:deflectingobject","beachball","yes","yes","yes","yes","2026-10-07"
"033","26d850757d1e3010b4e2898982cf48b37a7194f5f4f10eb455f1b874d3b93c5a","competition:format:matchesperclub","format","yes","yes","yes","yes","2026-10-07"
"034","2e508b2f837aa4a2e94da6ffbc1a8c5c6f7de1184d5445d877d9f1ea2683100a","competition:format:relegationdestination","format","yes","yes","yes","yes","2026-10-07"
"035","39677b43a0c9b547719c2abc65e529000b16295da119c85fc03820bdff4e13d8","derby:northlondon:clubs","northderby","yes","yes","yes","yes","2026-10-07"
"036","218136ae8204c231cae0e4ae43adb6166512ddb5c7e3b6e975f4aa6fa42abe44","derby:merseyside:clubs","mersey","yes","yes","yes","yes","2026-10-07"
"037","d7cf6b51b3273d92c1ee2097ce2719b7f9f50b005eae0cf96f7a3a86971925c3","club:everton:nickname","mersey","yes","yes","yes","yes","2026-10-07"
"038","77c91f602842ac9b67ddedebd873dc270f7bd7e3c41bcb7765d7fcaf2675289a","club:wolves:colours","wolvescolours","yes","yes","yes","yes","2026-10-07"
"039","f4ae8a52e4a5179e3d23adf17ab1985fe2a408808d65af8c608a016777e68e39","club:wolves:home","wolveshome","yes","yes","yes","yes","2026-10-07"
"040","1e13205bb4ab7473c80b8248c4e2017de31a17ba6c1c8d9dffa783435f351d63","club:westham:nickname","westhamnickname","yes","yes","yes","yes","2026-10-07"
"041","a1a063e723043ba35ae760bd8c5720d0a83c3de896c75682e7cdd90d13cdecc6","club:villa:colours","villacolours","yes","yes","yes","yes","2026-10-07"
"042","6bfcfccbef462672fe72517c4eca616c5a20ddc39c3ffc78388d35f9927b8380","player:alhabsi:nationality","alhabsi","yes","yes","yes","yes","2026-10-07"
"043","826a9f442ffdce625883c325bd01281aac84682954290b0cc9d288252802df2e","player:mahrez:nationality","mahrez","yes","yes","yes","yes","2026-10-07"
"044","f4c76232039f1d24ad5551d78e4565d1a067e31e4e70a8c9a20a0ef06e396011","player:okocha:nationality","okocha","yes","yes","yes","yes","2026-10-07"
"045","8816788ddc3f7f09a0ffb54d4d960939a15d8777f0af45487376afd466d349c4","trophy:design:thirdlion","trophycraft","yes","yes","yes","yes","2026-10-07"
"046","fc5e24f76b3c7f2542607b74787d1927bbdcdb8cc4e8d06573912094c7436020","coach:klopp:liverpooltitle","kloppchamp","yes","yes","yes","yes","2026-10-07"
"047","761cf8e0374632c0d4211bb18c330914e4270e2d80e93c20929cc17977bbf814","award:goldenboot:purpose","awardrules","yes","yes","yes","yes","2026-10-07"
"048","1f8d64acad4d49ca9e8fc319a25321155b9295bf63c9a19dfaf04586c6ef3760","award:goldenglove:purpose","awardrules","yes","yes","yes","yes","2026-10-07"
"049","8a956e4c0499f10e0c064404a352a9c2d0a48df0cae6cd5ceb7e649269fae10f","tech:vanishingspray:purpose","tech","yes","yes","yes","yes","2026-10-07"
"050","d799995a0b8c687438d19ecae89038d1fe18eee866102470082661d602364935","club:bournemouth:nickname","saintsguide","yes","yes","yes","yes","2026-10-07"
"051","4412a4c81a0450afd175602023f4c20e8b3410df07bbc741e8a3b8b7ec50a1bf","club:brentford:nickname","saintsguide","yes","yes","yes","yes","2026-10-07"
"052","d291751d8e22f9f100d9a9d1d4dd8ac46a7231b6066ea713ef0df9b955b82471","club:newcastle:nickname","saintsguide","yes","yes","yes","yes","2026-10-07"
"053","77af499b609d3844a4f0adec308ddc15a2fa69e869c6d5e72eb6f34ae598f1bf","club:leicester:nickname","saintsguide","yes","yes","yes","yes","2026-10-07"
"054","e313f683fff65253cad7b69b57f8ae2b7ac4ca611f61f8b29413f4bc6c27bad9","club:liverpool:home","saintsguide","yes","yes","yes","yes","2026-10-07"
"055","dfad5f719d328c4c567d88742ff56b5efd421317f814717211a25c078f08f210","player:suarez:nationality","suareznation","yes","yes","yes","yes","2026-10-07"
"056","28e880d715faedd2c38eda78f366c8fb89792fa60b77d9865a1dd22a38a8e03f","player:bale:nationality","bale","yes","yes","yes","yes","2026-10-07"
"057","e3ec092f3ca0d6f14e18d66884176f8223df6e00c88de10a462fe79c4c646877","player:silva:nickname","silvamagic","yes","yes","yes","yes","2026-10-07"
"058","ed36ecc67bdae1d85d96368705ade5ad4a10e1f018d4072da02106aebb6d8ad8","player:palmer:celebration","coldpalmer","yes","yes","yes","yes","2026-10-07"
"059","0d90f8ae42c1daa8e26141ef0e2e8cc45e074ec6bfa6f06305e7463c3725c59f","player:henderson:captain2020","hendersonlift","yes","yes","yes","yes","2026-10-07"
"060","d8ff18af54d78a31121633f97f498225f3962287a8e15a6f7813ee35d7163df7","club:city:fourstraight","fourinarow","yes","yes","yes","yes","2026-10-07"
"061","093c9f4fe60e7ae01079a50e5238a650886c2fd55f07ac74af3407d2de491791","player:bruno:nationality","pl2020","yes","yes","yes","yes","2026-10-07"
"062","eb1d6713350fe2b4fdc0b50961acc50fdbc99e72f1f796a3a3816a891c026089","season:2020:interruptioncause","pl2020","yes","yes","yes","yes","2026-10-07"
"063","63ce376cf1751c390647dd26b7cb03d3cd43146d260a818449252740354e11e0","coach:mancini:title2012","citymancini","yes","yes","yes","yes","2026-10-07"
"064","1cd0b70c7fea1777aba6ceef206890bc2d8a3834a1f243a16be4ba9fcc5b6363","club:newcastle:home","newcastlehome","yes","yes","yes","yes","2026-10-07"
"065","4cc5c9badc373bea64c13f459f376db810f8f1b64f6990e84ddf6eea7fa692f0","club:villa:home","saintsguide","yes","yes","yes","yes","2026-10-07"
"066","6e4454caaaba6c6026c473973223ec685395b902281dce75467f16f93e9d8f3e","club:swansea:country","rodgers","yes","yes","yes","yes","2026-10-07"
"067","44876d224c005f5680f74ad821a4fd53df188dd1ab5d944a387010c4dbc2e3e3","club:hull:nickname","hull","yes","yes","yes","yes","2026-10-07"
"068","7b07479aadcf76a95f4162f305a08bc0e16d95526bd5bbf84c253aff1d07e0f1","player:haaland:zen","celebrations","yes","yes","yes","yes","2026-10-07"
"069","1fd3ca774724bdeed62de4e0a7e7ead907b69d0a3f75301b76f8a09f1a213ad1","history:premierleague:initialclubcount","history","yes","yes","yes","yes","2026-10-07"
"070","607d3e063a3c8a7194411b9d01b7399248e520a519da526842221a056c95bf52","transfer:cantona:unitedorigin","cantona","yes","yes","yes","yes","2026-10-07"
"071","1c010f2da749fb70b9ec35eb79b4ef25ad9dc698f8dca55195cf480ab1a1158a","honour:halloffame:firstpair","halllaunch","yes","yes","yes","yes","2026-10-07"
"072","f5f60f2e78e98d997f8c2a79a2e1d7ef7ef5e377df354ee099146468dbc71c62","coach:henry:strikerconversion","henry","yes","yes","yes","yes","2026-10-07"
"073","a828b2085acbb46e3de2f3931549b04f85a34b9f15297ae2d7f4ddcd801b5fb9","match:rooney:firstgoalopponent","rooney","yes","yes","yes","yes","2026-10-07"
"074","dc34e8aa4c42880f20e32ab3ee7f549c4770abad50c95894b9a74fe1d58ec3f8","record:keeper:careercleansheets","cech","yes","yes","yes","yes","2026-10-07"
"075","d7f25eee3f4e3e7d179d0e75ce90e0f5b275ae2826ad749f36876bdefde88a14","match:kompany2019:longrangeopponent","kompany","yes","yes","yes","yes","2026-10-07"
"076","2ffaf61df87f3a08decbf3645e21c334dc61cae530afee95fb098d5176fb4960","record:mane:fastesthattrickclub","mane","yes","yes","yes","yes","2026-10-07"
"077","8d70c627755575fd295259e8944d183fb7e6598d9973b7d3de3a1c996d9418d4","record:goal:fastestscorer","records","yes","yes","yes","yes","2026-10-07"
"078","9c22d5e48114af008754d0e2de40ca62f0a6b907bc949f9f8b42798f4cd12363","record:vardy:consecutivescoring","records","yes","yes","yes","yes","2026-10-07"
"079","1253242b9582e8771d9fc6b5ef1d9a43d4a8257a767fcf8117dea826924fa79c","venue:city:previoushome","stadiums","yes","yes","yes","yes","2026-10-07"
"080","6495ddaa785ff8c48cf6f5af4c20fffa8b39b03b0c7dec3de0a9702b36a36c93","venue:everton:previoushome","stadiums","yes","yes","yes","yes","2026-10-07"
"081","cc56e2f01c4632c950a87ae744fd76cfb9c8f7e3ee6e0248ea6be474d9ec0d8d","history:united:previousname","names","yes","yes","yes","yes","2026-10-07"
"082","08db8427bdbaf6e96b4e7b2e1326993c36744b0e309d94eb97d55be472f8716e","history:city:previousname","names","yes","yes","yes","yes","2026-10-07"
"083","03767456435fd00fbf8aca804a66a6707512b0defbb9cedf0e8454f44e2b0181","history:liverpool:founder","names","yes","yes","yes","yes","2026-10-07"
"084","025266dfa02a38d1eb809735de7934f139a1e534368d816e24cfd045f1992178","identity:everton:crestlandmark","badges","yes","yes","yes","yes","2026-10-07"
"085","ebbd9994afcd69e0f6d72f2c3db5d8c1c28eaf450f583b3ed44c523837ab1ecf","coach:leicester2016:ranieri","leicester2016","yes","yes","yes","yes","2026-10-07"
"086","ef5768c81c5c96a15cefaf3e0cccc24d8b8cafa86f7da1d9007a66f3ccbb3a8b","player:blackburn:saspartner","blackburn1995","yes","yes","yes","yes","2026-10-07"
"087","133e596a12630bf28e753a49acf99161a87143a59ccb6b98ae608e058076ab30","transfer:ronaldo:unitedorigin","invincibles","yes","yes","yes","yes","2026-10-07"
"088","9d07f784d07d36d859972fae5c2693d294cba34e1438a5af990ea2e44b00f44a","transfer:salah:liverpoolorigin","salaharrival","yes","yes","yes","yes","2026-10-07"
"089","e8bac0f7be7948053394b94ef5b173b97f263d4ada31e9d63d8bfc8ce6eb26aa","record:chelsea2005:concededgoals","mourinhotactics","yes","yes","yes","yes","2026-10-07"
"090","aa418383cb58c6fef91e687bb1733b0ac077ee4bc13f8d00c7ead25d983ab9d3","record:derby2008:lowestpoints","united2008","yes","yes","yes","yes","2026-10-07"
"091","e9bfd1b74a4a9fbb6fc3b8edb716d3b469ed4f555c1e5301eb24c07ece21b5fd","player:leicester2016:titlecaptain","leicester2016","yes","yes","yes","yes","2026-10-07"
"092","a9b3b17e219ad70a217e8466285fb8c5613aa2d3819840944bf156afc56aeceb","match:city2012:winningassist","aguero2012","yes","yes","yes","yes","2026-10-07"
"093","03c02517c1fd0d9f352a8851f3ec84ba73a3e21298f849483ff08f0a3a0bdeab","player:ashleycole:titleclubs","ashleycole","yes","yes","yes","yes","2026-10-07"
"094","914105c6152460c436865d500f28ade318f4170edfffd3593be8982e9f0cbffe","player:ferdinand:firstseniorclub","ferdinand","yes","yes","yes","yes","2026-10-07"
"095","64dd72acb028cf9de1373e0ca38e56104f9e17d4ed6dcd2239ec4887c0f79860","transfer:wright:arsenalorigin","wright","yes","yes","yes","yes","2026-10-07"
"096","6a97f63bddc4b8b33c50ef09a26d6143c4489dab98bb64343ce9b21d69b33486","player:scholes:eleventitlemidfielder","scholes","yes","yes","yes","yes","2026-10-07"
"097","8ec624350c098ff7e7a0ec43cc2428e9f578507c62619fc626b68894eed75ff5","player:adams:mrarsenal","adams","yes","yes","yes","yes","2026-10-07"
"098","abedf927a5b1ced111c5160baa3de8d8bf7368d1377920dd7157a3204f8f62ba","match:beckham1996:halfwayopponent","beckham","yes","yes","yes","yes","2026-10-07"
"099","a8a7e3b2debdca5844b3e1c5683fce3db7a80c416cf3102c62cdacc0b8e3262b","match:bergkamp:best25yearsopponent","bergkamp","yes","yes","yes","yes","2026-10-07"
"100","010e8e1c7f3f51dfb1195d90f9bc9df94349f0deceb5af7a347a59721cae55ea","match:tiote2011:equaliser","tiotecomeback","yes","yes","yes","yes","2026-10-07"
"101","9c6b13532eabcbb09d734a6556643ee97bf7c96f32ed6e355b6f14eab1c9d10c","match:arshavin2009:fourgoals","chaoticmatches","yes","yes","yes","yes","2026-10-07"
"102","af9a0db2d2a0726ce3e94738d3d03326aed3cccbde880394d205c2f273fd05a4","match:owen2009:derbywinner","chaoticmatches","yes","yes","yes","yes","2026-10-07"
"103","b4ca88a60d34b07c47b1a4984c4c37ba5dd32eaad4f8fb96011cbcb12719e69a","match:kanu1999:comebackhattrick","kanucomeback","yes","yes","yes","yes","2026-10-07"
"104","fa31a313e5716e7dbf8047b5ded0ada99b4cb369e208510ad89cc9457168081b","match:berbatov2010:fivegoals","united2011","yes","yes","yes","yes","2026-10-07"
"105","5c92098c9e20031a848a08d9ee891dd8ba8852287fc04f125094c973c9b7a483","derby:blackcountry:clubs","blackcountry","yes","yes","yes","yes","2026-10-07"
"106","c8efe854af753ef6f7ba1ea07623b2d4dc0234c31ca6bfa694b478a2e4813883","club:westham:formername","westhamname","yes","yes","yes","yes","2026-10-07"
"107","84816307c9da397cf32aee933359d67a3e4a6434c5994675480f56ccd99e6091","player:campbell:free2001","northmoments","yes","yes","yes","yes","2026-10-07"
"108","64e36c83102e39c43db4ec21f472e33570c566df5485e92e79bc8f1e3e114002","match:lamela2021:rabona","northmoments","yes","yes","yes","yes","2026-10-07"
"109","633df1097f3f5d39cb978eae4117e018b4a5f3bda2b4d03fbbb71142a9c34e37","player:park:firstasianchampion","asianplayers","yes","yes","yes","yes","2026-10-07"
"110","4c9716443a32191f459c2cb1fb614230936dd4193f89d922897e03f78e4de03c","player:khusanov:nationality","foreignnations","yes","yes","yes","yes","2026-10-07"
"111","8dcb4d1c0a0ca2588e1fe9f1a540e3d6c04917bd255105932429f3b6d1836acd","player:delap:longthrows","delap","yes","yes","yes","yes","2026-10-07"
"112","940531f32162b1b051b3d48e7d4cdeacda06e90f805255b153721b365328992e","player:michu:breakthroughclub","michu","yes","yes","yes","yes","2026-10-07"
"113","688c8669ec83b20b111fb45a8fbb49c6aa13579aa4f9dfd0fc43f279e045edbb","player:deane:firstgoal","deane","yes","yes","yes","yes","2026-10-07"
"114","50ac4a8fdd337ec524bcae42af9cf02941d149a966292c8e583ef446688c06a7","coach:pochettino:firstplclub","argentinecoaches","yes","yes","yes","yes","2026-10-07"
"115","4cb7eb2b2ae98d91ee8b6a8d9404f3e95c403db2872cc235f8e84a1dc293ccd0","coach:ancelotti:chelsea2010","chelsea2010","yes","yes","yes","yes","2026-10-07"
"116","8ff01fc1da7cceb189ffc23c587dde334d27608a234b35870937e65e7ee9b3e3","match:jesus2018:centurywinner","centurygoal","yes","yes","yes","yes","2026-10-07"
"117","56c4decf335e2fc8883b10e4e5c950bb9017a07d6480a7f40bc1466332d79166","tactics:conte2017:formation","contebalance","yes","yes","yes","yes","2026-10-07"
"118","0a18a50ad30a5298d46f05ac6a821d8c3eacd9783ebbde65877e9d34ad1f5fec","award:playmaker:purpose","awardrules","yes","yes","yes","yes","2026-10-07"
"119","8901a5f8c4592fbbc1d6a5cfbf2cdfa3dd33cf918de5a792a719680efc0f41fb","tech:var:firstseason","tech","yes","yes","yes","yes","2026-10-07"
"120","ea2fc2530c397e4c333dbd304070eac597b85abdf73c0a2f858cc08253c97a47","match:yeboah1995:volley","yeboahvolley","yes","yes","yes","yes","2026-10-07"
"121","26b84335c1aeae59d741543e9968268b3401d89aba01568498fd1ca99e427527","coach:burnley:dyche2018","dyche","yes","yes","yes","yes","2026-10-07"
"122","ef2e52c1694cd8413296717e9ae11396191c0534b2ad09e14972b41a551c9fcc","coach:bournemouth:firstpromotion","howe","yes","yes","yes","yes","2026-10-07"
"123","dca6f5f987c1811bf61759a5eca770f6ec8dbe6df0d3d798f1b9d1d1b11e5966","player:grealish:previousclub","grealishmove","yes","yes","yes","yes","2026-10-07"
"124","e1fb6406e3511a71a7e3f95f0149ae7c63b1b1b3b22e5e84c0e296c125c391ea","match:watford2020:two-goals","watford2020","yes","yes","yes","yes","2026-10-07"
"125","0da56af69b9acd85f56f1aec627b4ae1709cec8b42aa3482377e66bad989ef36","player:phillips:europeanshoe","phillips","yes","yes","yes","yes","2026-10-07"
"126","bb2e36def7c5238fc460cad7bbbd80c8dbaa5bae3bbb977d312f315757189f75","player:wanyama:nationality","wanyama","yes","yes","yes","yes","2026-10-07"
"127","2b4aaa7301172b97889027147066906772b02cb9de0f9ed238e8e50cb67050f4","player:newcastle2012:senegalpair","senegalduo","yes","yes","yes","yes","2026-10-07"
"128","22fdbc1632d8f6d657d3023f5e45e2d07c3a2c5c5918ea6371fbea2f6c6a272f","match:kuyt2011:closerangehat","rivalmoments","yes","yes","yes","yes","2026-10-07"
"129","58bdd0b18a236498550ad4c97ce05a5a7e1b70ab06838960ffee390563b39ce7","match:salah2021:oldtraffordhat","rivalmoments","yes","yes","yes","yes","2026-10-07"
"130","5a353f361e7d1073ce24be405a5966aeffd3ef2da193b98417c5586736679244","player:son:previousclub","sonarrival","yes","yes","yes","yes","2026-10-07"
"131","e3238ee5cbbd246f977ab1dc2d472ddf06084823685988eb3ba6dd3639866a93","player:zola:previousclub","zolaarrival","yes","yes","yes","yes","2026-10-07"
"132","c5873f0774037b509828a5c19d9b538b2043ac24bdffdab9e617a282f82be260","coach:brentford:debut","brentforddebut","yes","yes","yes","yes","2026-10-07"
"133","a06e006047308c37195b0fa2e9c7a129304f8aeee4af7c5f5b61a7d9d136de08","club:ipswich:home","saintsguide","yes","yes","yes","yes","2026-10-07"
"134","59c3da26762a1b94b844dcde824e5c3b414c911a7ae0df50f81d08e4ee6985ff","coach:sheffield2019:wilder","pl2020","yes","yes","yes","yes","2026-10-07"
"135","4a80848afcb0f019256fc64ec7a4ab1f2250401838ab25aad5ccc052671ff883","match:ravanelli1996:debut","ravanellidebut","yes","yes","yes","yes","2026-10-07"
"136","0d235ada393eee74c85fdaab982bb83125640be5941686b9587e051093ff1010","player:solskjaer1999:foursub","solskcoach","yes","yes","yes","yes","2026-10-07"
"137","04d5404a62187c45a4c2cf92c9eb4c4242265065064fb50f8555aafe95c285bf","history:premierleague:twentyclubstart","history","yes","yes","yes","yes","2026-10-07"
"138","99638dbf0deb1a9b0e69749163217d0c4c71a32aff0e2a9047b26d275bbb8779","match:cantona:firsthattrickopponent","cantona","yes","yes","yes","yes","2026-10-07"
"139","40dff47ec612f0f8fd849a1e3321b37986ee9ac819617af263e12c7dad9b2b07","record:henry:assistseason2003","henry","yes","yes","yes","yes","2026-10-07"
"140","91c546bb9518c1cd8360649eb3c0fc0c800be39e0e91f62c3c726fae94a5877f","record:cech:debutseasoncleansheets","cech","yes","yes","yes","yes","2026-10-07"
"141","0b416ae5f991d7e2011d8cf564eccbf66b68b981a5ee8209f83c34e3710dd976","player:kompany:originalcityposition","kompany","yes","yes","yes","yes","2026-10-07"
"142","a4890924eb551725fcaab05ae8fca02fa90054dbe84356dc520b267b4df1919b","transfer:mane:southamptonorigin","mane","yes","yes","yes","yes","2026-10-07"
"143","9fb02889fc42411a6702d7a16541b8d1407c2eea4afd57d167f935343d3b8008","record:kluivert:threepenalties","records","yes","yes","yes","yes","2026-10-07"
"144","dc6f3b4b6e92836812dfe0f930b57e50a8eb068a05445bb5b970a91dacebdf06","venue:citystadium:originalevent","stadiums","yes","yes","yes","yes","2026-10-07"
"145","cd51880c317f8f825a5a6b1b7ab40c77cf471c6229126e09c3a4eb6bb1475896","venue:selhurst:tedlassoclub","stadiums","yes","yes","yes","yes","2026-10-07"
"146","c8dcc4812227a8a050cc22162e4c2f7b6ba1e49412b7a09315f4e8743d1835c0","history:arsenal:firstname","names","yes","yes","yes","yes","2026-10-07"
"147","ec36a3d69e21ff2db20a75161eb5af7a994dbff94eee855b4b9e66c3517305e0","history:forest:founderssport","names","yes","yes","yes","yes","2026-10-07"
"148","50166c11a39716b485978b5be555259e17a96ec9d0ced623d6b925bae45d5a67","identity:tottenham:namesake","names","yes","yes","yes","yes","2026-10-07"
"149","9dfc70c393505098072baf2ef9d61b87602657360432786b346d16932c6c0379","identity:bournemouth:crestsilhouette","badges","yes","yes","yes","yes","2026-10-07"
"150","2a0ede7389a747730bad71d043bb40f0e895f3fb46bb48d6acfec833b39d1fad","identity:ipswich:horsebreed","badges","yes","yes","yes","yes","2026-10-07"
"151","5bc3cda25b78a7a35d9a7a022574476b169fa7fae3de69901b490cbd8cfe81ed","identity:united:reddevilsorigin","badges","yes","yes","yes","yes","2026-10-07"
"152","015c36b1b2dac4b23f31850bb5ebbed4beeac506752b99e89a64d58a4b7f89a8","match:blackburn1995:opposingkeeper","blackburn1995","yes","yes","yes","yes","2026-10-07"
"153","6e025c45124faf832119d551ed859978376d0f134acf40d97d402cf2664bb719","history:blackburn1995:backer","blackburn1995","yes","yes","yes","yes","2026-10-07"
"154","fe6f305c923a61e6ec5ace879fa347963d213b5df48b235be0997393327896aa","celebration:leicester2016:operasinger","leicester2016","yes","yes","yes","yes","2026-10-07"
"155","76378a06c059ab69ad1781e5c167a3f1c592021b82c880428a298f38e39e1c06","coach:leicester2015:ranieripredecessor","leicester2016","yes","yes","yes","yes","2026-10-07"
"156","a4baca0b7ea039b9f0b7657e8f9f3ef495e6547339a0bb214f144d37e1a9372b","record:arsenal2002:scoringeverygame","wengerrecords","yes","yes","yes","yes","2026-10-07"
"157","b8a93f145b6ec5f3b7c09e9c5801ff95f43cb413b6f952a4511923c37487e8dd","match:arsenalrunend2004:birthdaygoal","arsenalrunend","yes","yes","yes","yes","2026-10-07"
"158","6fc35ca5533bc28841f7144213f79f3000550ebf57252751f80329cc5f77c713","match:fulham2008:survivalwinner","united2008","yes","yes","yes","yes","2026-10-07"
"159","e27650a2ef5dafe7861709146d1746334bbac0e7d1431c4054b4af5d81949f8a","player:chelsea2005:holdingpivot","mourinhotactics","yes","yes","yes","yes","2026-10-07"
"160","8a413532d73d2133a83d17986f5964d1f31b2255bb8cf44b6be3c98809e9ffc5","match:city2012:stoppageequaliser","aguero2012","yes","yes","yes","yes","2026-10-07"
"161","0abddb14d97f246749766b109352c4aa21bbc23e8ab689329ada2dff213f8044","player:andrewcole:careerpenalties","andrewcole","yes","yes","yes","yes","2026-10-07"
"162","e3cff0d8b69aaa630a4eaa573a118453b005242320c92e7ce31e4b9e2035a70a","player:solskjaer:previousclub","solskcoach","yes","yes","yes","yes","2026-10-07"
"163","2a4a5b2a030126f8c515f9c9fe70b46e6b6ec07843c9c6f21fc9d2090de6ac0f","record:wright:arsenalpredecessor","wright","yes","yes","yes","yes","2026-10-07"
"164","1b21e69f44e5edb16fdccb48a00af199b357fc502fe40276b439c80309b7c606","transfer:keane:unitedorigin","keane","yes","yes","yes","yes","2026-10-07"
"165","2260c12abfa52527c5a8b15b70b6a8ff25a4fc95b50c9274a9f357e31e8624d6","milestone:schmeichel:firstkeepergoalclub","alissonheader","yes","yes","yes","yes","2026-10-07"
"166","c227f002a87cb3099d5b8db2fc281eeb936913fb61aff0ca6ee900847ec4d950","match:robinson2007:scoringkeeper","alissonheader","yes","yes","yes","yes","2026-10-07"
"167","af194bb98c917c2cb7ba20825b538861ce144099526afa1821efee7e39ab35ae","fairplay:dicanio:ballcatch","dicaniofairplay","yes","yes","yes","yes","2026-10-07"
"168","17b589f8b50e7079c87ccac46713f6dd46a7f842a6fc60529f59d7aa85dbd63d","coach:ipswich2001:burley","dicaniofairplay","yes","yes","yes","yes","2026-10-07"
"169","2849cca6cecee4533cbe9ff8b3aabe1f4e0ebcb0d3a83f7af8507e39c46e450b","match:collymore1996:newcastlewinner","chaoticmatches","yes","yes","yes","yes","2026-10-07"
"170","23096eabfaafbb87fb566e23450573395eb8fff1a2881f458e65aa53d0d31b67","match:viduka2000:fourgoals","chaoticmatches","yes","yes","yes","yes","2026-10-07"
"171","0577deab7a4a91f9a6adf19a8328f43299f18b32bc706b923e195bead4cd759a","coach:blackpool2010:holloway","united2011","yes","yes","yes","yes","2026-10-07"
"172","aa811eea172244992cb2f1469852dc1cb2a77c58bd7ecc936332eb43d12082ab","match:bentley2008:volley","northmoments","yes","yes","yes","yes","2026-10-07"
"173","b11f5f368729ba825849f98e4fd2b9c14680deade71c71c2b89e6e050e79d70d","match:rose2010:debutvolley","northmoments","yes","yes","yes","yes","2026-10-07"
"174","dd6cd7e350b52988a36355acae13e9768e7f954b18c997af9f2b345beb4c00d6","player:kane2016:maskreason","northmoments","yes","yes","yes","yes","2026-10-07"
"175","d136da6b08174b48ca760aa21f160125e0400e1491abefd5b4036d9737b545be","player:alhamadi:firstiraqi","foreignnations","yes","yes","yes","yes","2026-10-07"
"176","5acb19f0f1cf26276469c6e8ece4991797a9c0560f7c5ccbd78a51cd668815cc","trophy:craft:maker","trophycraft","yes","yes","yes","yes","2026-10-07"
"177","a19b950ef308081a51b00130e59fad8ee8156aa23749b3b5340805bb5f3083ff","trophy:craft:basestone","trophycraft","yes","yes","yes","yes","2026-10-07"
"178","cf3dc71887eda541f41b76805cb232a6dcc2ef00eee16d19f748fe5727c11b54","player:djorkaeff:nickname","bigbest","yes","yes","yes","yes","2026-10-07"
"179","e38e99f5989c56edb128d418d0f90516ccd5245919279520f88d397730fbb407","player:gardner:convertedposition","bigbest","yes","yes","yes","yes","2026-10-07"
"180","f63f8658507b81ab02b3082a3369949bde1e27e438cc2e704b4c583e38672309","coach:michu2012:manager","michu","yes","yes","yes","yes","2026-10-07"
"181","2aba7bb606cc2d4c6d79c27a538e9a4f30a6483134e45b7a649c07d84523ffaf","match:hasselbaink2002:perfecthat","hasselhat","yes","yes","yes","yes","2026-10-07"
"182","57296dd0df1552af5c25a221853a123a43f5022b71aff5eeac1381b42dabbddf","coach:ardiles:firstargentine","argentinecoaches","yes","yes","yes","yes","2026-10-07"
"183","70f208136719caa21c757985b5b0ba8d453638b6b557cd7b09d0f610024a34f0","award:firstplayerofmonth:winner","awardrules","yes","yes","yes","yes","2026-10-07"
"184","dca4cd98257e5038d3e92e6e060e32965796a5fab980475514562f03a061663e","match:sheringham1992:firsttvgoal","firsttv","yes","yes","yes","yes","2026-10-07"
"185","3c4ec05b9b81a677dfe4953e0f1c17055bac0e9031075d8c102327cadc23ef2a","match:kinkladze1996:sologoal","kinkladze","yes","yes","yes","yes","2026-10-07"
"186","0a246ab33529285381d10f41d773a76e4db6d9528878b2d1efab90a4f3fd62d8","tech:glttest:firstground","glthistory","yes","yes","yes","yes","2026-10-07"
"187","a38cf92e855545edd1ac274f648a116bcad95b95d99e44061001285d3f4bb5e8","tech:glt:firstseason","glthistory","yes","yes","yes","yes","2026-10-07"
"188","736c1ec200258fff2efd1f283c8f046e26a4f7fd6c0b70a1e05f973f268ccb56","match:westham2006:spurswinner","finaldays","yes","yes","yes","yes","2026-10-07"
"189","f386c3a732e74dc74aa5ffd993be3125394013db15ca542e582be63d98f7bab2","match:brentford2021:firstscorer","brentforddebut","yes","yes","yes","yes","2026-10-07"
"190","3e822dc3dfba8a64dcbb6ed438f35a2fa8dba82e98da75329f2bdb224ce73f99","ceremony:liverpool2020:presenter","hendersonlift","yes","yes","yes","yes","2026-10-07"
"191","38f2cc5e4f6dabb63d36da5224282678f926d48411fb2bbfdb59562c15755288","match:dicanio2000:provider","dicanioscissor","yes","yes","yes","yes","2026-10-07"
"192","8bcc2f867a170f9a8703503272ad26710d38e058a5756613e8561bb9fd2cd56a","match:oshea2007:anfieldwinner","rivalmoments","yes","yes","yes","yes","2026-10-07"
"193","e16cf4c31fdc399e0b0131306865580e7c033d172e77e98f100af391de6a95aa","match:ruddock1994:equaliser","rivalmoments","yes","yes","yes","yes","2026-10-07"
"194","388f8f1bfa30db61aee5b19d799094fc7c280325f05b41925e1d763b9ca33018","match:mata2015:scissorbrace","rivalmoments","yes","yes","yes","yes","2026-10-07"
"195","0be20a4184cdb0df9ad3c1251552bff6476b7dccac82a36fbe94c41aa0190449","player:toure:perfectpenalties2018","perfecttoure","yes","yes","yes","yes","2026-10-07"
"196","703c6293e27e7c12b18a96d381f2c814bb7fdd805ab9f5702e8303221f842338","coach:arsenal2019:interim","pl2020","yes","yes","yes","yes","2026-10-07"
"197","88d79752b1d86fb0c03cee73b177f426dcda119f992ff3ac8505b26a2b2c3132","coach:southampton2020:recovery","pl2020","yes","yes","yes","yes","2026-10-07"
"198","e10e3907232702dfcfeb6589e59d0808e313635d86eb19c25857ab556b5f7273","coach:villa2020:survival","pl2020","yes","yes","yes","yes","2026-10-07"
"199","c9cc58f3c6adf5ec073b943b403fe63c4baae075b5a7bd4778ae2c6facc52725","match:howard2012:keepergoal","alissonheader","yes","yes","yes","yes","2026-10-07"
"200","5044d7de67bc1609822723526b844a98951e78bab9a581406504e4f6a496f435","match:begovic2013:keepergoal","alissonheader","yes","yes","yes","yes","2026-10-07"
"201","91100a15f5b2586676c0d5900d5dc23a5626e087138efa695c7846c82ec0d40f","coach:huddersfield2017:promotion","wagner","yes","yes","yes","yes","2026-10-07"
"202","16a5848b753c7baf5244275b1647049f5fdec7c133d70258f2228ee830eb7ae1","coach:zola:plclub","zolacoach","yes","yes","yes","yes","2026-10-07"
"203","8906a148f2c325bf438cc52021c2a55aafbfc5eaaa867f41f638efdbf288c861","coach:solskjaer:firstplclub","solskcoach","yes","yes","yes","yes","2026-10-07"
"204","00177acc4ef2a8a09a318374be2933f88bf0ac481168144a6f5dcef1fc1e3596","match:scholes2000:cornerprovider","dicanioscissor","yes","yes","yes","yes","2026-10-07"
