"entity","ids","hash","facts","decision","reason"
"song:kelmanasnas","001,069","b4fda6d9db3b881b1d4144db088b6394efd78e12fb4b9aa7513dc572155f9496","song:kelmanasnas:singer,song:kelmanasnas:lyricist","distinct","Reviewed musical attributes: Who sings the well-known self-composed recording of Kel Ma Nasnas? = Mohammed Abdu; Which prince and poet wrote Kel Ma Nasnas, sung by Mohammed Abdu? = Prince Khaled Al Faisal. Performer, lyricist, composer, arranger, album, venue and production credits denote different relations; no inverse question about one credited identity is retained."
"song:ikhtalafna","002,070,137","025202e9dcd0e9eddaf2e7d2aa7a0f84abc66d59244b5f55694918f3590e847e","song:ikhtalafna:singer,song:ikhtalafna:composer,song:ikhtalafna:lyricist","distinct","Reviewed musical attributes: Which Saudi singer performs Ikhtalafna? = Mohammed Abdu; Who composed Mohammed Abdu's Ikhtalafna? = Mohammed Abdu; Which prince wrote Mohammed Abdu's Ikhtalafna under the pen name Aseer Al Shooq? = Prince Nawaf bin Faisal. Performer, lyricist, composer, arranger, album, venue and production credits denote different relations; no inverse question about one credited identity is retained."
"song:roohitehebbek","003","f77c5fdc052f7a94038c90eced189168b33d1cefbbed5872aacabaff3bf0c0f0","song:roohitehebbek:singer","distinct","Reviewed musical attributes: Which Saudi singer performs Roohi Tehebbek? = Abdul Majeed Abdullah. Performer, lyricist, composer, arranger, album, venue and production credits denote different relations; no inverse question about one credited identity is retained."
"song:weshloonmaghleek","004","1e52318af0555f752d1cd906c39d23b1404eb441f151c48e59ab8adc6824f01e","song:weshloonmaghleek:singer","distinct","Reviewed musical attributes: Who sings Weshloon Maghleek? = Khalid Abdulrahman. Performer, lyricist, composer, arranger, album, venue and production credits denote different relations; no inverse question about one credited identity is retained."
"song:azeemehsasi","005,071,138","fb6a18f34e7edcdd37561c48fbe983f95399d364ecbfb17ba752e16f15f336ff","song:azeemehsasi:singer,song:azeemehsasi:composer,song:azeemehsasi:lyricist","distinct","Reviewed musical attributes: Who sings the original Azeem Ehsasi release on his official channel? = Rashed Al Majid; Who composed Rashed Al Majid's Azeem Ehsasi? = Ahmed Al Harmi; Who wrote the words of Rashed Al Majid's Azeem Ehsasi? = Anwar Al Mushairi. Performer, lyricist, composer, arranger, album, venue and production credits denote different relations; no inverse question about one credited identity is retained."
"song:rdy","006,072,139","8af3ed133835db3f230f968a05b6f0cde9c53875632857650f9069ea2c1f2b2e","song:rdy:singer,song:rdy:composer,song:rdy:lyricist","distinct","Reviewed musical attributes: Which Saudi singer performs the Luxury release Rdy? = Ayed; Who is credited with composing Ayed's Rdy? = Rakan; What pen name is credited for the words of Ayed's Rdy? = Dhay. Performer, lyricist, composer, arranger, album, venue and production credits denote different relations; no inverse question about one credited identity is retained."
"song:kathamumkin","007,140","3230ff75776466f79854d05ed23f88298b11ddd0a027f337a188d980e878795a","song:kathamumkin:singer,song:kathamumkin:lyricist","distinct","Reviewed musical attributes: Which Saudi female singer performs Katha Mumkin? = Dalia Mubarak; What pen name is credited for the lyricist of Dalia Mubarak's Katha Mumkin? = Samt. Performer, lyricist, composer, arranger, album, venue and production credits denote different relations; no inverse question about one credited identity is retained."
"song:entamalek","008,141,142","246d1e3f082f320fecc719175092895ae43452ea7522f56e40677ed00d84f464","song:entamalek:performercomposer,song:entamalek:lyricist,song:entamalek:arranger","distinct","Reviewed musical attributes: Which Saudi artist both sang and composed Enta Malek? = Rabeh Saqer; What pen name is credited for the words of Rabeh Saqer's Enta Malek? = Wahed; Who arranged Rabeh Saqer's Enta Malek according to the Music Commission's published score? = Hisham Al Sakran. Performer, lyricist, composer, arranger, album, venue and production credits denote different relations; no inverse question about one credited identity is retained."
"song:dukhoon","009,073,143","d1650e9d80c6ba3d28e3d7ea0135fdbb258aaff10a4f308034819e52fbc96eb4","song:dukhoon:singer,song:dukhoon:composer,song:dukhoon:lyricist","distinct","Reviewed musical attributes: Who sings Dukhoon, the title track of one of his albums? = Abadi Al Johar; Who composed Abadi Al Johar's Dukhoon? = Abadi Al Johar; Which prince and poet wrote Abadi Al Johar's Dukhoon? = Prince Abdulrahman bin Musaed. Performer, lyricist, composer, arranger, album, venue and production credits denote different relations; no inverse question about one credited identity is retained."
"song:azzah","010,125,144","2b6e929cb507c578ad90b771bef9ae54630237092a27cea8272d7095bf322226","song:azzah:singer,song:azzah:composer,song:azzah:lyricist","distinct","Reviewed musical attributes: Which Saudi singer performs Azzah? = Rashed Al Fares; Who composed Rashed Al Fares's Azzah? = Sahm; What pen name is credited for the lyrics of Rashed Al Fares's Azzah? = Al Aliyah. Performer, lyricist, composer, arranger, album, venue and production credits denote different relations; no inverse question about one credited identity is retained."
"song:ytayeb","011","10b6dc401df2a3858b8a7babfc5762e977b214148b23d6e794a87aa3a1c83c11","song:ytayeb:singer","distinct","Reviewed musical attributes: Which Saudi singer performs Ya Tayeb Alqalb? = Abdul Majeed Abdullah. Performer, lyricist, composer, arranger, album, venue and production credits denote different relations; no inverse question about one credited identity is retained."
"song:sarheeni","012","d40e2439c808d7ddb668abf6a6ab5af1f4086a6bfdbeab52fd187c6ce12ddb31","song:sarheeni:singer","distinct","Reviewed musical attributes: Who sings Sarheeni, the title track of one of his albums? = Khalid Abdulrahman. Performer, lyricist, composer, arranger, album, venue and production credits denote different relations; no inverse question about one credited identity is retained."
"song:feztbek","013,075,146,200","9c597e9b5e524215680b3867f31ad47612e5ca5123125a4219fe73cad5a3ea66","song:feztbek:singer,song:feztbek:composer,song:feztbek:lyricist,song:feztbek:arranger","distinct","Reviewed musical attributes: Which Saudi singer performs Fezt Bek? = Sultan Al Murshed; Who composed Sultan Al Murshed's Fezt Bek? = Al Anein; What pen name is credited for the lyrics of Sultan Al Murshed's Fezt Bek? = Watad; Who arranged Sultan Al Murshed's Fezt Bek? = Hisham Al Sakran. Performer, lyricist, composer, arranger, album, venue and production credits denote different relations; no inverse question about one credited identity is retained."
"song:dehkatayami","014,076","d2acd00005bc936d5a28f23b40ca232e4ac946f7da7961168d07b5fc6056db91","song:dehkatayami:singer,song:dehkatayami:composers","distinct","Reviewed musical attributes: Who sings Dehkat Ayami on Luxury's 2022 release? = Sultan Al Murshed; Which two names are jointly credited for the composition of Sultan Al Murshed's Dehkat Ayami? = Sultan and Watad. Performer, lyricist, composer, arranger, album, venue and production credits denote different relations; no inverse question about one credited identity is retained."
"song:wardabaida","015,077,147,148,202","87e0c842905c3dfea00403c8e323ac07842687b7e8b15ca2f1d3a039f356f53a","song:wardabaida:singer,song:wardabaida:composer,song:wardabaida:lyricist,song:wardabaida:animationdirector,song:wardabaida:arranger","distinct","Reviewed musical attributes: Which Saudi female singer performs Elwarda Elbaida? = Zena Emad; Who composed Zena Emad's Elwarda Elbaida? = Samer Abu Taleb; Who wrote the lyrics of Zena Emad's Elwarda Elbaida? = Amr Al Masry; Who directed the official animated video for Zena Emad's Elwarda Elbaida? = Ahmed Nady; Who arranged Zena Emad's Elwarda Elbaida? = Mohammed Najm. Performer, lyricist, composer, arranger, album, venue and production credits denote different relations; no inverse question about one credited identity is retained."
"song:yawesasadri","016,149,150","6e439dff3dc5dd86cce67f58a2ab15e45e855705f2196a41f0b6eab81e41c3f2","song:yawesasadri:singer,song:yawesasadri:lyricist,song:yawesasadri:composer","distinct","Reviewed musical attributes: Who sings Rotana's Ya Wesa Sadri? = Aseel Abu Bakr; Who wrote the lyrics of Aseel Abu Bakr's Ya Wesa Sadri? = Khaled Al Mutairi; Who composed Aseel Abu Bakr's Ya Wesa Sadri? = Nawaf Abdullah. Performer, lyricist, composer, arranger, album, venue and production credits denote different relations; no inverse question about one credited identity is retained."
"song:yasabr","017,133,151","bc9510bf8da591c820efb0dc95f576560a03d3a5f7ef72839a9a0fc86149e9f7","song:yasabr:singer,song:yasabr:composer,song:yasabr:lyricist","distinct","Reviewed musical attributes: Which Saudi singer performs Rotana's Ya Sabr? = Aseel Abu Bakr; Who composed Aseel Abu Bakr's Ya Sabr? = Abdullah Al Jassem; Who wrote the lyrics of Aseel Abu Bakr's Ya Sabr? = Ahmed Alawi. Performer, lyricist, composer, arranger, album, venue and production credits denote different relations; no inverse question about one credited identity is retained."
"song:lammah","018,079","6d1210d5dff9a55fc6b84d5eeb83204a93e7b96918bcffee5a15d4be87e1bfd3","song:lammah:singer,song:lammah:composer","distinct","Reviewed musical attributes: Who sings Lammah on Luxury's 2024 release? = Ayed; Who composed Ayed's Lammah? = Rakan. Performer, lyricist, composer, arranger, album, venue and production credits denote different relations; no inverse question about one credited identity is retained."
"song:watanialhabib","019","4a355f048f98f024c61a9e091a636653944c31d54627d9eb14ab51f403404a57","song:watanialhabib:performercomposer","distinct","Reviewed musical attributes: Who both sang and composed the Saudi patriotic song Watani Al Habib? = Talal Maddah. Performer, lyricist, composer, arranger, album, venue and production credits denote different relations; no inverse question about one credited identity is retained."
"genre:yanbawi","020,083,156","f96253572ab5e273c2e91ca9ead3668af703d26d76811d214357038407c656b3","genre:yanbawi:namingcity,genre:yanbawi:openingsection,genre:yanbawi:closingsection","distinct","Reviewed musical attributes: Which Saudi coastal city gives Yanbawi music its name? = Yanbu; Which type of singing opens a Yanbawi song before the dawr section? = Mawwal; What is the name of the section that closes the dawr in a Yanbawi song? = Tabheera. Performer, lyricist, composer, arranger, album, venue and production credits denote different relations; no inverse question about one credited identity is retained."
"genre:majass","021,084,157","ff72332ea940abd26b45f1ce49f0c80e17b447497b12f2b4f539dbad3f119a25","genre:majass:originregion,genre:majass:historicalwelcome,genre:majass:performertitle","distinct","Reviewed musical attributes: Which Saudi region is the original home of Al Majass singing? = Hijaz; Which religious caravans did Makkah's residents historically welcome with Al Majass singing? = Hajj pilgrim caravans; What is an Al Majass singer called in Hijazi terminology? = Jasees. Performer, lyricist, composer, arranger, album, venue and production credits denote different relations; no inverse question about one credited identity is retained."
"awards:joy2024","022","50a5a9a3bc5534583247077a8b1c2b7efdf6ebffd53d81b7a422eeb4e09e93fb","awards:joy2024:favouritemale","distinct","Reviewed musical attributes: Who won the favourite male music artist award at Joy Awards 2024? = Abdul Majeed Abdullah. Performer, lyricist, composer, arranger, album, venue and production credits denote different relations; no inverse question about one credited identity is retained."
"song:aghrab","023,126,159","fe8473597764f0663011108f6d87f918d04d267955c3e13e920a55bd2bf716e0","song:aghrab:singer,song:aghrab:composer,song:aghrab:lyricist","distinct","Reviewed musical attributes: Which Saudi singer performs Aghrab? = Talal Maddah; Who composed Talal Maddah's Aghrab? = Siraj Omar; Which prince and poet wrote Talal Maddah's Aghrab? = Prince Mohammed Al Abdullah Al Faisal. Performer, lyricist, composer, arranger, album, venue and production credits denote different relations; no inverse question about one credited identity is retained."
"song:lanaallah","024,086,127","90c9e2011e8385ecdcc35777dc49302fe8cec1b348b1eb1f9a25062e62b6c4f1","song:lanaallah:singer,song:lanaallah:lyricist,song:lanaallah:composer","distinct","Reviewed musical attributes: Who sings the Saudi classic Lana Allah? = Mohammed Abdu; Which Saudi poet wrote Mohammed Abdu's Lana Allah? = Ibrahim Khafaji; Who composed Mohammed Abdu's Lana Allah? = Tariq Abdulhakim. Performer, lyricist, composer, arranger, album, venue and production credits denote different relations; no inverse question about one credited identity is retained."
"song:entehel","025,087,160","b3cb2f37d76374ce105c27bb111e88c09f00f0f2ad4641b01ee0b4898a2b39ea","song:entehel:singer,song:entehel:composer,song:entehel:lyricist","distinct","Reviewed musical attributes: Which Saudi singer performs Entehel Shakhsetak? = Abdul Majeed Abdullah; Who composed Abdul Majeed Abdullah's Entehel Shakhsetak? = Sahm; What pen name is credited for the lyrics of Abdul Majeed Abdullah's Entehel Shakhsetak? = Qaws. Performer, lyricist, composer, arranger, album, venue and production credits denote different relations; no inverse question about one credited identity is retained."
"song:montaha","026,128,161","4b8024726b5891ec319f99830665d2b97b8fbae6940cdb8e9906602466292df1","song:montaha:singer,song:montaha:composer,song:montaha:lyricist","distinct","Reviewed musical attributes: Which Saudi singer performs Montaha Al Riqqa? = Rabeh Saqer; Who composed Rabeh Saqer's Montaha Al Riqqa? = Sahm; Who wrote the lyrics of Rabeh Saqer's Montaha Al Riqqa? = Mansour Al Shadi. Performer, lyricist, composer, arranger, album, venue and production credits denote different relations; no inverse question about one credited identity is retained."
"song:bentelnour","027,089,162","aadbeabacc5c14ec4dbf5431b6d9db16ba39f23d9ee21044841b8e3b8b0561df","song:bentelnour:singer,song:bentelnour:composer,song:bentelnour:lyricist","distinct","Reviewed musical attributes: Who sings Bent El Nour? = Mohammed Abdu; Who composed Mohammed Abdu's Bent El Nour? = Nasser Al Saleh; Which prince and poet wrote Mohammed Abdu's Bent El Nour? = Prince Faisal bin Turki bin Abdullah. Performer, lyricist, composer, arranger, album, venue and production credits denote different relations; no inverse question about one credited identity is retained."
"song:anaalabyad","028,090,163","fc1113e2dcf53e878179b2b1c504bb62e6e2980ba497c20ebe9d349855e66771","song:anaalabyad:singer,song:anaalabyad:composer,song:anaalabyad:lyricist","distinct","Reviewed musical attributes: Which Saudi singer performs Ana Al Abyad? = Rashed Al Majid; Who composed Rashed Al Majid's Ana Al Abyad? = Yasser Bou Ali; Who wrote the words of Rashed Al Majid's Ana Al Abyad? = Musaed Al Shamrani. Performer, lyricist, composer, arranger, album, venue and production credits denote different relations; no inverse question about one credited identity is retained."
"song:awalhekaya","029,091,164","b87f4c5cbe2056424def6de8a5a17376aac060ceca70c82508aa6fb575df1e97","song:awalhekaya:singer,song:awalhekaya:composer,song:awalhekaya:lyricist","distinct","Reviewed musical attributes: Who sings Awal Hekayatna on Aalam Mowazi? = Abdul Majeed Abdullah; Who composed Abdul Majeed Abdullah's Awal Hekayatna? = Tareq Mohammed; What name is credited for the lyrics of Abdul Majeed Abdullah's Awal Hekayatna? = Turki. Performer, lyricist, composer, arranger, album, venue and production credits denote different relations; no inverse question about one credited identity is retained."
"song:mawedthani","030,092,165","30e228c343f90d3d7ec5554874abb7e6f247a34a42fa009b88ef037e033c42cc","song:mawedthani:singer,song:mawedthani:composer,song:mawedthani:recordingengineer","distinct","Reviewed musical attributes: Which Saudi singer performs Al Mawed Al Thani? = Talal Maddah; Who composed Talal Maddah's Al Mawed Al Thani? = Siraj Omar; Which sound engineer recorded Talal Maddah's Al Mawed Al Thani at Maspero Studio 45, according to Siraj Omar's account? = Zakaria Amer. Performer, lyricist, composer, arranger, album, venue and production credits denote different relations; no inverse question about one credited identity is retained."
"song:insanakthar","031,093,166","3d62bf644d9b7131e95557c31ca5d7d79bbe0e007900439bb824c0dce21040ca","song:insanakthar:singer,song:insanakthar:composer,song:insanakthar:lyricist","distinct","Reviewed musical attributes: Who is the artist behind the song and album Ensan Akthar? = Abdul Majeed Abdullah; Who composed Abdul Majeed Abdullah's Ensan Akthar? = Tareq Mohammed; What name is credited for the lyrics of Abdul Majeed Abdullah's Ensan Akthar? = Turki. Performer, lyricist, composer, arranger, album, venue and production credits denote different relations; no inverse question about one credited identity is retained."
"song:wahm","032,094","37a344ba91bab604ba33f0ea30b1a6597bd4d09766b9c1f651a44030260cb88b","song:wahm:singer,song:wahm:lyricist","distinct","Reviewed musical attributes: Which Saudi singer performs Wahm, composed by Omar Kedres? = Mohammed Abdu; Which Kuwaiti poet wrote Mohammed Abdu's Wahm? = Faiq Abdul Jaleel. Performer, lyricist, composer, arranger, album, venue and production credits denote different relations; no inverse question about one credited identity is retained."
"song:hebrwarag","033,095,167","c8563e7989cd993e29f8fc29dc530955c86ce4272cab89e418cbc07cc24fa6f7","song:hebrwarag:singer,song:hebrwarag:composer,song:hebrwarag:lyricist","distinct","Reviewed musical attributes: Who sings Hebr W Warag? = Abadi Al Johar; Who composed Abadi Al Johar's Hebr W Warag? = Abadi Al Johar; Who wrote the words of Abadi Al Johar's Hebr W Warag? = Saleh Idris. Performer, lyricist, composer, arranger, album, venue and production credits denote different relations; no inverse question about one credited identity is retained."
"song:nadet","034,096,168","f78a7ff7e126035d8d1c0b86e177302c8a1fa8fbbfe33c1f86b469a979a9871c","song:nadet:singer,song:nadet:lyricist,song:nadet:composer","distinct","Reviewed musical attributes: Which Saudi singer performs Nadet? = Abbas Ibrahim; Which prince and poet wrote Abbas Ibrahim's Nadet? = Prince Khaled Al Faisal; Who composed Abbas Ibrahim's Nadet? = Bandar bin Fahad. Performer, lyricist, composer, arranger, album, venue and production credits denote different relations; no inverse question about one credited identity is retained."
"song:maazeem","035,097,169","8348887303d2ad5238a85a15388cbd95580548f77abf57ab2189bff110d7abce","song:maazeem:singer,song:maazeem:composer,song:maazeem:lyricist","distinct","Reviewed musical attributes: Who sings the Saudi song Al Maazeem? = Mohammed Abdu; Who composed Mohammed Abdu's Al Maazeem? = Adnan Khoj; Who wrote the words of Mohammed Abdu's Al Maazeem? = Faiq Abdul Jaleel. Performer, lyricist, composer, arranger, album, venue and production credits denote different relations; no inverse question about one credited identity is retained."
"song:tahdooh","036,098,170","30c122ab6e562f681b06ae865af7846b1f0f1949f974a19cc83939a3ae2abe68","song:tahdooh:singer,song:tahdooh:composer,song:tahdooh:lyricist","distinct","Reviewed musical attributes: Who sings Tahdooh Al Bashar? = Rashed Al Majid; Who composed Rashed Al Majid's Tahdooh Al Bashar? = Mishal Al Arouj; What pen name is credited for the lyrics of Rashed Al Majid's Tahdooh Al Bashar? = Al Ani. Performer, lyricist, composer, arranger, album, venue and production credits denote different relations; no inverse question about one credited identity is retained."
"competition:saudiidol","037","56078f11bfe490be3513f3b972a8bf68b2ba6a795d3e5c54c53b8ac961157267","competition:saudiidol:firstwinner","distinct","Reviewed musical attributes: Which female singer won the first season of Saudi Idol? = Hams Fikri. Performer, lyricist, composer, arranger, album, venue and production credits denote different relations; no inverse question about one credited identity is retained."
"song:janyasmar","038,099,171","e2c06d0878475db9801414af8dbebc121f3e257f42d2cad17436364921ccacdd","song:janyasmar:singer,song:janyasmar:composer,song:janyasmar:lyricist","distinct","Reviewed musical attributes: Which Saudi female singer performs the classic Jani Al Asmar? = Etab; Who composed Etab's Jani Al Asmar? = Fawzi Mahsoun; Which Saudi female poet wrote Etab's Jani Al Asmar? = Thuraiya Qabil. Performer, lyricist, composer, arranger, album, venue and production credits denote different relations; no inverse question about one credited identity is retained."
"song:radinak","039","8924a4b6899eaa736464b89fb9952958d045e9404c8ad44be2411803ee94e5e9","song:radinak:singer","distinct","Reviewed musical attributes: Which Saudi singer performs Radinak? = Talal Salamah. Performer, lyricist, composer, arranger, album, venue and production credits denote different relations; no inverse question about one credited identity is retained."
"song:ahyaqalbi","040,172","b5cebbe30b9e3cd9d2519c66da21beaae1a1a4f4f9534aabe5460e0215ae83cd","song:ahyaqalbi:singer,song:ahyaqalbi:writercomposer","distinct","Reviewed musical attributes: Who is the artist behind the song and album Ah Ya Qalbi? = Rashed Al Majid; Who both wrote and composed Rashed Al Majid's Ah Ya Qalbi? = Hamed Al Hamed. Performer, lyricist, composer, arranger, album, venue and production credits denote different relations; no inverse question about one credited identity is retained."
"song:rasayel","041,102","1d1f89c1a5145032f8f8d0bb0d22ba328f52bbc397e6dc3e79f541c1fc430bf0","song:rasayel:singer,song:rasayel:composer","distinct","Reviewed musical attributes: Who sings Al Rasayel? = Mohammed Abdu; Who composed Mohammed Abdu's Al Rasayel? = Mohammed Abdu. Performer, lyricist, composer, arranger, album, venue and production credits denote different relations; no inverse question about one credited identity is retained."
"song:sayedi","042,103","6a6b19efc434ba46398c362505a39f39c265d5bcb2b5ddc7164291e2d9c1c7de","song:sayedi:singer,song:sayedi:composer","distinct","Reviewed musical attributes: Which Saudi singer performs Sayedi Qum? = Talal Maddah; Who composed Talal Maddah's Sayedi Qum? = Talal Maddah. Performer, lyricist, composer, arranger, album, venue and production credits denote different relations; no inverse question about one credited identity is retained."
"song:ahebbak","043,104,178","fef8feeaa741c177699c1bda4ff00056dc8e85a4842157ceb069c40d46f8ec88","song:ahebbak:singer,song:ahebbak:composer,song:ahebbak:lyricist","distinct","Reviewed musical attributes: Who sings Ahebbak Law Tekoun Hader? = Talal Maddah; Who composed Talal Maddah's Ahebbak Law Tekoun Hader? = Talal Maddah; Who wrote Talal Maddah's Ahebbak Law Tekoun Hader? = Lotfi Zaini. Performer, lyricist, composer, arranger, album, venue and production credits denote different relations; no inverse question about one credited identity is retained."
"song:khalas","044,129","a5f83b61c26939abbec64a0c25c4bc1e2346daaffe5736e3c835c49be0a1924d","song:khalas:singer,song:khalas:composer","distinct","Reviewed musical attributes: Who sings Rotana's Khalas, written by Turki Al Musheiqih? = Rabeh Saqer; Who composed Rabeh Saqer's Khalas? = Ahmed Al Harmi. Performer, lyricist, composer, arranger, album, venue and production credits denote different relations; no inverse question about one credited identity is retained."
"song:menathabi","045,105","0d732f34acf6f3b367e2598ca2db4421ba82f25406cbc13f0a771fc7d3678efa","song:menathabi:singer,song:menathabi:composer","distinct","Reviewed musical attributes: Who sings Men Athabi on the album Tal Al Sukoot? = Abadi Al Johar; Who composed Abadi Al Johar's Men Athabi? = Abadi Al Johar. Performer, lyricist, composer, arranger, album, venue and production credits denote different relations; no inverse question about one credited identity is retained."
"song:allamtni","046,106,180","9f264218ff8e02dfcf1341bad97c10264ff083fc383b8361c149e1fdb7d09ec6","song:allamtni:singer,song:allamtni:composer,song:allamtni:lyricist","distinct","Reviewed musical attributes: Which Saudi singer performs Allamtni? = Rashed Al Majid; Who composed Rashed Al Majid's Allamtni? = Abdul Rab Idris; Who wrote the lyrics of Rashed Al Majid's Allamtni? = Talal Al Rasheed. Performer, lyricist, composer, arranger, album, venue and production credits denote different relations; no inverse question about one credited identity is retained."
"song:tahamaltak","047,130,181","e085ae16a01e0828999f389c739bb9a0c8d4b9f4fd02e849f6049efada1d7f34","song:tahamaltak:singer,song:tahamaltak:composer,song:tahamaltak:lyricist","distinct","Reviewed musical attributes: Which Saudi singer performs Tahamaltak? = Rabeh Saqer; Who composed Rabeh Saqer's Tahamaltak? = Sahm; Who wrote the words of Rabeh Saqer's Tahamaltak? = Mansour Al Shadi. Performer, lyricist, composer, arranger, album, venue and production credits denote different relations; no inverse question about one credited identity is retained."
"song:etjammal","048,182","99b8436a5262399006049cd319f111143a75c8e28a9d7894239d4635bafe0b51","song:etjammal:singer,song:etjammal:lyricist","distinct","Reviewed musical attributes: Which Saudi female singer performs Etjammal Lenafsi? = Dalia Mubarak; Who wrote Dalia Mubarak's Etjammal Lenafsi? = Anwar Al Mushairi. Performer, lyricist, composer, arranger, album, venue and production credits denote different relations; no inverse question about one credited identity is retained."
"song:hujja","049,183","4e8abde839ee8091743848c09b6aaeec2255f3b3b5cdd412928cc60191122050","song:hujja:singer,song:hujja:lyricist","distinct","Reviewed musical attributes: Which Saudi singer performs Hujjat Al Ghayeb? = Rashed Al Majid; Who wrote the lyrics of Rashed Al Majid's Hujjat Al Ghayeb? = Badr Al Mleihi. Performer, lyricist, composer, arranger, album, venue and production credits denote different relations; no inverse question about one credited identity is retained."
"song:mostageb","050,107,184","d804c5a046ddb954c7dfe5fda316413b14db7607d2fc7b2e40cb798bd0c98ad4","song:mostageb:singer,song:mostageb:melodyorigin,song:mostageb:lyricist","distinct","Reviewed musical attributes: Which Saudi singer performed Ya Mostageb Lel Daay in his 2002 Carthage programme? = Mohammed Abdu; Is the melody of Ya Mostageb Lel Daay credited on Mohammed Abdu's official release to a modern composer or to tradition? = To tradition; Which poet wrote Ya Mostageb Lel Daay, performed by Mohammed Abdu? = Hassan bin Ahmed Al Faseel. Performer, lyricist, composer, arranger, album, venue and production credits denote different relations; no inverse question about one credited identity is retained."
"song:seqa","051,108,109,185,201","c7497e7578078b1df2d6049cab7662f25fe4b800a44ebc3d3438e3af979db024","song:seqa:singer,song:seqa:composer,song:seqa:album,song:seqa:lyricist,song:seqa:arranger","distinct","Reviewed musical attributes: Who sings Seqa Allah on the album Awjeh Al Maana? = Rabeh Saqer; Who composed Rabeh Saqer's Seqa Allah? = Yasser Bou Ali; Which Rabeh Saqer album includes the 2015 release Seqa Allah? = Awjeh Al Maana; What pen name is credited for the lyrics of Rabeh Saqer's Seqa Allah? = Qaws; Who arranged Rabeh Saqer's Seqa Allah? = Cyrus. Performer, lyricist, composer, arranger, album, venue and production credits denote different relations; no inverse question about one credited identity is retained."
"song:ikhtafat","052,134,186","fa016813c184eeab3f8faa6c787c4513a9534bcb76ca85284e75a57ddd241f0f","song:ikhtafat:singer,song:ikhtafat:album,song:ikhtafat:lyricist","distinct","Reviewed musical attributes: Who sings Ikhtafat on the album Asdaq Ma Katabt? = Abadi Al Johar; Which Abadi Al Johar album includes Ikhtafat? = Asdaq Ma Katabt; Who wrote the lyrics of Abadi Al Johar's Ikhtafat? = Mohammed bin Khaled. Performer, lyricist, composer, arranger, album, venue and production credits denote different relations; no inverse question about one credited identity is retained."
"song:faman","053,110,187","e732f0919aea51422f5154544c9188febf31d0034cbd2d0a9be967cf73d90cb0","song:faman:singer,song:faman:composer,song:faman:lyricist","distinct","Reviewed musical attributes: Which Saudi singer performs the 2016 release Faman Allah? = Ayed; Who composed Ayed's Faman Allah? = Faisal Saud; What pen name is credited for the words of Ayed's Faman Allah? = Al Maha. Performer, lyricist, composer, arranger, album, venue and production credits denote different relations; no inverse question about one credited identity is retained."
"song:minkobraha","054,131,188","a1d6590e1bf6815e42197743310837d858592772047b633990cf86035613694b","song:minkobraha:singer,song:minkobraha:composer,song:minkobraha:lyricist","distinct","Reviewed musical attributes: Which Saudi singer performs Min Kobraha? = Rabeh Saqer; Who composed Rabeh Saqer's Min Kobraha? = Sahm; Who wrote the lyrics of Rabeh Saqer's Min Kobraha? = Saud Al Babtain. Performer, lyricist, composer, arranger, album, venue and production credits denote different relations; no inverse question about one credited identity is retained."
"song:lataht","055,111","0cde7879c562bd2aba76e375fdc616ad1880e5fa6c255c49860be87b5467489d","song:lataht:singer,song:lataht:album","distinct","Reviewed musical attributes: Which Saudi female singer performs La Taht? = Dalia Mubarak; Which Dalia Mubarak album includes La Taht? = Fi Hayatak Mostaheel. Performer, lyricist, composer, arranger, album, venue and production credits denote different relations; no inverse question about one credited identity is retained."
"song:thaheba","056,112","2a1e74350df376ca6e5855b95847052d52b7d644d58a69011df5627719f1c8e3","song:thaheba:singer,song:thaheba:composer","distinct","Reviewed musical attributes: Which Saudi singer performs Nasser Al Qahtani's Al Thaheba? = Khalid Abdulrahman; Who composed Al Thaheba, sung by Khalid Abdulrahman? = Khalid Abdulrahman. Performer, lyricist, composer, arranger, album, venue and production credits denote different relations; no inverse question about one credited identity is retained."
"song:akhqalbi","057,132,189","3b51f031f27533d2bee5f4720d5920c1a46c4bc39f9b7167ba74857cdb296466","song:akhqalbi:singer,song:akhqalbi:composer,song:akhqalbi:arranger","distinct","Reviewed musical attributes: Who sings Rotana's 2016 release Akh Qalbi? = Majid Al Mohandis; Who composed Majid Al Mohandis's Akh Qalbi? = Ali Saber; Who arranged Majid Al Mohandis's Akh Qalbi? = Hossam Kamel. Performer, lyricist, composer, arranger, album, venue and production credits denote different relations; no inverse question about one credited identity is retained."
"song:entithar","058,113,190","81fd695e5837db4c3105a1b264a1f5d8364601337cfa9517be7f6e431c3c15a2","song:entithar:singer,song:entithar:composer,song:entithar:lyricist","distinct","Reviewed musical attributes: Who sings Rotana's 2015 release Entitharak Saab? = Majid Al Mohandis; Who composed Majid Al Mohandis's Entitharak Saab? = Majid Al Mohandis; What pen name is credited for the words of Majid Al Mohandis's Entitharak Saab? = Sari. Performer, lyricist, composer, arranger, album, venue and production credits denote different relations; no inverse question about one credited identity is retained."
"song:saqiatash","059,114,191,203","dd639afe40b682bbf4126b93e68a6dd0b1654f2c68f96501ca2666149ffc82ed","song:saqiatash:singer,song:saqiatash:composer,song:saqiatash:lyricist,song:saqiatash:director","distinct","Reviewed musical attributes: Which Saudi singer performs Saqi Al Atash? = Ayed; Who composed Ayed's Saqi Al Atash? = Hamad Al Qattan; What pen name is credited for the lyrics of Ayed's Saqi Al Atash? = Yam; Who directed Ayed's Saqi Al Atash video, filmed in Lebanon? = Alaa Al Ansari. Performer, lyricist, composer, arranger, album, venue and production credits denote different relations; no inverse question about one credited identity is retained."
"song:istiraha","060,115,192","a80a54c0f9136d914831a8120529873a0dc134b1a9c31255fb35d221b1600de1","song:istiraha:singer,song:istiraha:composer,song:istiraha:lyricist","distinct","Reviewed musical attributes: Which Saudi singer performs Estrahet Mohareb? = Ayed; Who composed Ayed's Estrahet Mohareb? = Yasser Bou Ali; What pen name is credited for the lyrics of Ayed's Estrahet Mohareb? = Al Aliyah. Performer, lyricist, composer, arranger, album, venue and production credits denote different relations; no inverse question about one credited identity is retained."
"song:alabal","061,116","c7f35112b8407b111df7a79a31f9643fd87a904f3133567cb772b27659d5f367","song:alabal:singer,song:alabal:composer","distinct","Reviewed musical attributes: Who sings the Saudi song Ala El Bal, written by Aseer Al Shooq? = Mohammed Abdu; Who composed Mohammed Abdu's Ala El Bal? = Mohammed Abdu. Performer, lyricist, composer, arranger, album, venue and production credits denote different relations; no inverse question about one credited identity is retained."
"song:markeb","062,117","5c1e8689421ff96f3490d1fccc71b4748a7564d33cff940cd4870c9024b4f798","song:markeb:performercomposer,song:markeb:lyricist","distinct","Reviewed musical attributes: Which Saudi singer performed and composed Ya Markeb Al Hind? = Mohammed Abdu; Which prince and poet wrote Mohammed Abdu's Ya Markeb Al Hind? = Prince Badr bin Abdulmohsen. Performer, lyricist, composer, arranger, album, venue and production credits denote different relations; no inverse question about one credited identity is retained."
"song:wainkent","063,118,193","15c6f79b7486ed90b167634eeb733479eeffb7f90e12fbaedf7ded31ff337650","song:wainkent:singer,song:wainkent:composer,song:wainkent:arranger","distinct","Reviewed musical attributes: Who sings Wain Kent on the album Awjeh Al Maana? = Rabeh Saqer; Who composed Rabeh Saqer's Wain Kent? = Rabeh Saqer; Who arranged Rabeh Saqer's Wain Kent? = Khaled Ezz. Performer, lyricist, composer, arranger, album, venue and production credits denote different relations; no inverse question about one credited identity is retained."
"song:khamees","064,119,194","b84e86acc234a9e5bfecf843f5d33bffd5cb69f5d70a9cac5be81bea03db8d75","song:khamees:singer,song:khamees:composer,song:khamees:lyricist","distinct","Reviewed musical attributes: Who sings Khamees on the album Awjeh Al Maana? = Rabeh Saqer; Who composed Rabeh Saqer's Khamees? = Sahm; What name is credited for the lyrics of Rabeh Saqer's Khamees? = Turki. Performer, lyricist, composer, arranger, album, venue and production credits denote different relations; no inverse question about one credited identity is retained."
"song:mendala","065","c0c19ea267e95f9cee8c83bdda603f550c54d1aef2aef6928b2676d3e44da063","song:mendala:singer","distinct","Reviewed musical attributes: Which Saudi singer performs Men Dalaak? = Khalid Abdulrahman. Performer, lyricist, composer, arranger, album, venue and production credits denote different relations; no inverse question about one credited identity is retained."
"song:maaldunya","066,135","2cf109180cb3cfb1f367f791023514a1a9b94e0d047653ce1bedbacbb96b010a","song:maaldunya:singer,song:maaldunya:album","distinct","Reviewed musical attributes: Who sings Ma Ala Al Dunya Atab on the album Tal Al Sukoot? = Abadi Al Johar; Which Abadi Al Johar album includes Ma Ala Al Dunya Atab? = Tal Al Sukoot. Performer, lyricist, composer, arranger, album, venue and production credits denote different relations; no inverse question about one credited identity is retained."
"song:fazet","067","15c1ced66e20d4e6fc71c3b47f85e7e4ff9c547f0e05f20c123bbb410d2b66a5","song:fazet:saudicoverperformer","distinct","Reviewed musical attributes: Which Saudi singer performed Fazet Men Nomi at his Riyadh Season concert in 2024? = Abdul Majeed Abdullah. Performer, lyricist, composer, arranger, album, venue and production credits denote different relations; no inverse question about one credited identity is retained."
"song:atni","068,120","d1d693e8cc7252f203cbf47cbd5fe5f8f71394dfa3b7601d17b139677d6d0cf2","song:atni:singer,song:atni:composer","distinct","Reviewed musical attributes: Who sings Atni Al Mahabba? = Talal Maddah; Who composed Talal Maddah's Atni Al Mahabba? = Talal Maddah. Performer, lyricist, composer, arranger, album, venue and production credits denote different relations; no inverse question about one credited identity is retained."
"song:yahalawa","074,145","a7a06ab978db9a7df2e24342fbc8641a223e416e52fbbf30f742ba4dc2aae1b4","song:yahalawa:composer,song:yahalawa:lyricist","distinct","Reviewed musical attributes: Which artist composed Ya Halawa for Abadi Al Johar? = Talal Maddah; Who wrote the lyrics of Ya Halawa, performed by Abadi Al Johar? = Lotfi Zaini. Performer, lyricist, composer, arranger, album, venue and production credits denote different relations; no inverse question about one credited identity is retained."
"album:helwsowtak","078","e487101f28d7523d5f5787d465273bdd6960bdbda613d49f3136034fd0592d66","album:helwsowtak:yawesatrack","distinct","Reviewed musical attributes: Which Aseel Abu Bakr album includes Ya Wesa Sadri? = Helw Sowtak. Performer, lyricist, composer, arranger, album, venue and production credits denote different relations; no inverse question about one credited identity is retained."
"artist:tariq","080,152,153,204","b3e7ae22efbdc8d620c28d89ccaca40ab999888a491442c2c60893c1c4eecbee","artist:tariq:deannickname,artist:tariq:scholarshipcity,artist:tariq:armyschoolyear,artist:tariq:unescoawardyear","distinct","Reviewed musical attributes: Which Saudi composer is known as the Dean of Saudi Art? = Tariq Abdulhakim; To which city was Tariq Abdulhakim sent in 1952 to study military-band music? = Cairo; In which year did Tariq Abdulhakim establish Saudi Arabia's army music school? = 1954; In which year did Tariq Abdulhakim receive the music award documented by Saudipedia as the UNESCO music prize? = 1981. Performer, lyricist, composer, arranger, album, venue and production credits denote different relations; no inverse question about one credited identity is retained."
"museum:tariq","081,136,154","c99fc69db90657a3719aa3744209bc4e41cc7db1ce373c4a49c951019c33da7d","museum:tariq:city,museum:tariq:inaugurationyear,museum:tariq:building","distinct","Reviewed musical attributes: Which city houses the Tariq Abdulhakim Museum, showcasing Saudi musical history? = Jeddah; In which year were the Tariq Abdulhakim Centre and its museum inaugurated in historic Jeddah? = 2023; Which historic house in Al Balad, Jeddah, houses the Tariq Abdulhakim Museum? = Bayt Al Manoufi. Performer, lyricist, composer, arranger, album, venue and production credits denote different relations; no inverse question about one credited identity is retained."
"artist:talal","082","4a1bd1a78550ae641ac31d28504e227d5dc2acc058d93fd823f3c5ae496230ae","artist:talal:birthcity","distinct","Reviewed musical attributes: In which Saudi city was Talal Maddah born? = Makkah. Performer, lyricist, composer, arranger, album, venue and production credits denote different relations; no inverse question about one credited identity is retained."
"artist:abdmaj","085,158","01bfe9c8ac6f8227e39b82c55ffc23fc16b443ca0085485f397fa2846ffbd61c","artist:abdmaj:earlymentor,artist:abdmaj:radioprogramme","distinct","Reviewed musical attributes: Which composer mentored Abdul Majeed Abdullah early in his career and accompanied him to Egypt to record? = Sami Ihsan; What radio programme hosted by Hussein Najjar featured Abdul Majeed Abdullah early in his career? = Nadi Al Huwat. Performer, lyricist, composer, arranger, album, venue and production credits denote different relations; no inverse question about one credited identity is retained."
"album:ehsasrabeh","088","a4a394cd26842860b45fff86990dfbb9d13645c2ce9becede98207c9c499467c","album:ehsasrabeh:montahatrack","distinct","Reviewed musical attributes: Which Rabeh Saqer album contains Montaha Al Riqqa, reviewed by Al Jazirah in 2011? = Ehsas Rabeh. Performer, lyricist, composer, arranger, album, venue and production credits denote different relations; no inverse question about one credited identity is retained."
"artist:toha","100,173,174","a160d309d77878506bdd75049e7a9322ead0cd963e557fe53614e003e7742850","artist:toha:fatherinstrumentgift,artist:toha:birthname,artist:toha:brothermentor","distinct","Reviewed musical attributes: Which musical instrument did Toha receive from her father, describing it as Yemeni? = Oud; What is the birth name of the Saudi singer known as Toha? = Fathiya Hassan Yahya; Which brother of Toha taught her the foundations of singing and worked as a poet and composer? = Mohammed Amin Hassan Yahya. Performer, lyricist, composer, arranger, album, venue and production credits denote different relations; no inverse question about one credited identity is retained."
"song:ibtisamwadaa","101,175","8a71b99d839ce34dae1e498f9bb28cd808729287b1093455f7f1832c5180592d","song:ibtisamwadaa:composer,song:ibtisamwadaa:poet","distinct","Reviewed musical attributes: Which Egyptian composer set Wadaa for Ibtisam Lotfi? = Riad Al Sunbati; Who wrote Wadaa, sung by Ibtisam Lotfi to Riad Al Sunbati's composition? = Ahmed Rami. Performer, lyricist, composer, arranger, album, venue and production credits denote different relations; no inverse question about one credited identity is retained."
"artist:jameel","121,123,197","c1dea1270ea3f54ca7619fc4c109087db1d300e27322ee4530f586ee25d99e30","artist:jameel:tvprogramme,artist:jameel:upbringingcity,artist:jameel:salonname","distinct","Reviewed musical attributes: What music programme did Jameel Mahmoud present on Saudi television? = Watar Wa Samar; In which city did musician Jameel Mahmoud grow up in Al Misfalah district? = Makkah; What were Jameel Mahmoud's weekly Sunday music gatherings at his home called? = Al Ahadiyah. Performer, lyricist, composer, arranger, album, venue and production credits denote different relations; no inverse question about one credited identity is retained."
"song:samraa","122,195","4ed517453862234e03d16d0331cf7e87522dca5022bcec6e8759327336839dea","song:samraa:composer,song:samraa:lyricist","distinct","Reviewed musical attributes: Which Saudi composer wrote the music of Samraa, with words by Yahya Tawfiq? = Jameel Mahmoud; Which poet wrote Samraa, composed by Jameel Mahmoud? = Yahya Tawfiq. Performer, lyricist, composer, arranger, album, venue and production credits denote different relations; no inverse question about one credited identity is retained."
"song:yasariya","124","868319c4a5237f80e5659996cbde4df229d502dd18e9900b17ed90a3b9dd8c99","song:yasariya:composer","distinct","Reviewed musical attributes: Who composed Talal Maddah's Ya Sariya Khabbirini? = Omar Kedres. Performer, lyricist, composer, arranger, album, venue and production credits denote different relations; no inverse question about one credited identity is retained."
"theatre:talal","155","56f95a984982f92b1412938425501c68a1f51b4fe2b65cc7c46671ee34130ea5","theatre:talal:renamedvenue","distinct","Reviewed musical attributes: Which Abha theatre was renamed after Talal Maddah in 2019? = Al Muftaha Theatre. Performer, lyricist, composer, arranger, album, venue and production credits denote different relations; no inverse question about one credited identity is retained."
"artist:ghazi","176","54e8a093cc90e16f62c4384a34380174765eedf72cfa853fac3d38c6df06f4eb","artist:ghazi:educationmentor","distinct","Reviewed musical attributes: Which Egyptian composer did Ghazi Ali credit with making secondary-school study at Cairo's music institute possible? = Abu Bakr Khairat. Performer, lyricist, composer, arranger, album, venue and production credits denote different relations; no inverse question about one credited identity is retained."
"artist:siraj","177","30456d047d487038ba20413fc91c8c4963f8721358cf51961df71bde7cd707cf","artist:siraj:earlyensemble","distinct","Reviewed musical attributes: In which band did Siraj Omar play violin between 1964 and 1968? = Al Nujoom Music Band. Performer, lyricist, composer, arranger, album, venue and production credits denote different relations; no inverse question about one credited identity is retained."
"label:riyadfon","179","785b406c2da5d433cbbf8f607bdeb3830735c0eb8acebbe4ce27edd804eb9624","label:riyadfon:founder","distinct","Reviewed musical attributes: Which artist and lyricist founded the Riyad Fon record company on Qabil Street in Jeddah? = Lotfi Zaini. Performer, lyricist, composer, arranger, album, venue and production credits denote different relations; no inverse question about one credited identity is retained."
"song:yaamalatshan","196","da7558d5fe2767840aab2ae21142433b679efb6cdd7cb7c737b15f7f155ce942","song:yaamalatshan:maqam","distinct","Reviewed musical attributes: In which maqam did Jameel Mahmoud sing Ya Amal Atshan? = Saba. Performer, lyricist, composer, arranger, album, venue and production credits denote different relations; no inverse question about one credited identity is retained."
"artist:omar","198,199","84c4abb212d39b9b2085e9d8e2ddf9b73c2cf4cade1ef6b8be0eedceea3e6e01","artist:omar:birthname,artist:omar:studioalbum","distinct","Reviewed musical attributes: What is the birth name of the Saudi composer known as Omar Kedres? = Omar Nuh Fallatah; What was the title of Omar Kedres's vocal album of six studio-recorded songs? = Tadallal. Performer, lyricist, composer, arranger, album, venue and production credits denote different relations; no inverse question about one credited identity is retained."
