"pair","hash","decision","reason"
"world_cup_v2_001/world_cup_v2_138","21f19583d583ac97c6be6b90c9a14a9fbad9ce723e55a66a7ca0319565edf10e","distinct","Reviewed worldcup:trophy1966:dogfinder: What was the name of the dog that found the stolen World Cup trophy before the 1966 tournament? (Pickles); worldcup:trophy1966:owner: What was the name of Pickles' owner, who recovered the stolen World Cup trophy in 1966? (David Corbett). The stated edition, tournament or credited role differs. Shared match wording does not change the different requested contribution or attribute; women's and men's editions are explicitly distinguished."
"world_cup_v2_003/world_cup_v2_101","a9297ffa0d09b6d0a46635c7b605e78b3866dd51b34f7d482635659cfc65f743","distinct","Reviewed worldcup:final1970:opponent: Which team faced Brazil in the 1970 World Cup final? (Italy); worldcup:final1962:opponent: Which team faced Brazil in the 1962 World Cup final? (Czechoslovakia). The stated edition, tournament or credited role differs. Shared match wording does not change the different requested contribution or attribute; women's and men's editions are explicitly distinguished."
"world_cup_v2_008/world_cup_v2_022","d17276a068b114667802f0caa88a50e57b638945d540e747c89579816b9e9cfa","distinct","Reviewed worldcup:final2010:winner: Who scored Spain's winning goal in the 2010 World Cup final? (Andres Iniesta); worldcup:final2014:winner: Who scored Germany's winning goal in the 2014 World Cup final? (Mario Gotze). The stated edition, tournament or credited role differs. Shared match wording does not change the different requested contribution or attribute; women's and men's editions are explicitly distinguished."
"world_cup_v2_008/world_cup_v2_094","1a2868269019e4bf11d9933bd266d5627ea58fdc8f5f3922f7c9013a76dcc742","distinct","Reviewed worldcup:final2010:winner: Who scored Spain's winning goal in the 2010 World Cup final? (Andres Iniesta); worldcup:final1986:winnergoal: Who scored Argentina's winning goal in the 1986 World Cup final? (Jorge Burruchaga). The stated edition, tournament or credited role differs. Shared match wording does not change the different requested contribution or attribute; women's and men's editions are explicitly distinguished."
"world_cup_v2_008/world_cup_v2_096","ca642eb4999ba014143ceb5c98aed2c65c6a0608bf985d7de10955e5fe5ecec1","distinct","Reviewed worldcup:final2010:winner: Who scored Spain's winning goal in the 2010 World Cup final? (Andres Iniesta); worldcup:final1998:thirdscorer: Who scored France's third goal in the 1998 World Cup final? (Emmanuel Petit). The stated edition, tournament or credited role differs. Shared match wording does not change the different requested contribution or attribute; women's and men's editions are explicitly distinguished."
"world_cup_v2_008/world_cup_v2_105","acb81162fc79885b8668f6207253c93d90ab3f639db4bce655c7b60febfd5808","distinct","Reviewed worldcup:final2010:winner: Who scored Spain's winning goal in the 2010 World Cup final? (Andres Iniesta); womensworldcup:final2023:scorer: Who scored Spain's goal in the 2023 Women's World Cup final? (Olga Carmona). The stated edition, tournament or credited role differs. Shared match wording does not change the different requested contribution or attribute; women's and men's editions are explicitly distinguished."
"world_cup_v2_008/world_cup_v2_124","d2ddd80b9febae03d422afc4c9215b5a213ab58d667b94131f1ba32994dc78c5","distinct","Reviewed worldcup:final2010:winner: Who scored Spain's winning goal in the 2010 World Cup final? (Andres Iniesta); worldcup:final1974:winnergoal: Who scored West Germany's winning goal in the 1974 World Cup final? (Gerd Muller). The stated edition, tournament or credited role differs. Shared match wording does not change the different requested contribution or attribute; women's and men's editions are explicitly distinguished."
"world_cup_v2_008/world_cup_v2_143","faf1183eb3770fc84802ebfcb0dc0507dfc0f42db4166c7e836d6ad568a7da39","distinct","Reviewed worldcup:final2010:winner: Who scored Spain's winning goal in the 2010 World Cup final? (Andres Iniesta); worldcup:final1970:italianscorer: Who scored Italy's only goal in the 1970 World Cup final? (Roberto Boninsegna). The stated edition, tournament or credited role differs. Shared match wording does not change the different requested contribution or attribute; women's and men's editions are explicitly distinguished."
"world_cup_v2_008/world_cup_v2_169","727b46563f8a078630c66d4151b582d86362984988450d1e69839785ad6dbb6a","distinct","Reviewed worldcup:final2010:winner: Who scored Spain's winning goal in the 2010 World Cup final? (Andres Iniesta); worldcup:final1930:closinggoal: Who scored Uruguay's fourth goal in the 1930 World Cup final? (Hector Castro). The stated edition, tournament or credited role differs. Shared match wording does not change the different requested contribution or attribute; women's and men's editions are explicitly distinguished."
"world_cup_v2_008/world_cup_v2_196","f8a3d126428735a90e961779a0a082c4fc2003971a36642373b6b6605e5bd9d1","distinct","Reviewed worldcup:final2010:winner: Who scored Spain's winning goal in the 2010 World Cup final? (Andres Iniesta); worldcup:final1962:thirdgoal: Who scored Brazil's third goal in the 1962 World Cup final? (Vava). The stated edition, tournament or credited role differs. Shared match wording does not change the different requested contribution or attribute; women's and men's editions are explicitly distinguished."
"world_cup_v2_009/world_cup_v2_051","1b9470b59621edf93d34ae704501684f1074d60af37ba37f8a0c2d80e5fa2be8","distinct","Reviewed worldcup:semifinal2014:score: By what score did Germany beat Brazil in the 2014 World Cup semi-final? (7–1); worldcup:final1970:score: By what score did Brazil beat Italy in the 1970 World Cup final? (4–1). The stated edition, tournament or credited role differs. Shared match wording does not change the different requested contribution or attribute; women's and men's editions are explicitly distinguished."
"world_cup_v2_009/world_cup_v2_052","82bef41581860d77a90e33c7473c8657c09d39ddc647afdad418c22d87500a16","distinct","Reviewed worldcup:semifinal2014:score: By what score did Germany beat Brazil in the 2014 World Cup semi-final? (7–1); worldcup:final2002:score: By what score did Brazil beat Germany in the 2002 World Cup final? (2–0). The stated edition, tournament or credited role differs. Shared match wording does not change the different requested contribution or attribute; women's and men's editions are explicitly distinguished."
"world_cup_v2_009/world_cup_v2_053","bd601987e6bb3f57d00fabc861f6c19a1dced24fe5d735717490f2c5cac1a090","distinct","Reviewed worldcup:semifinal2014:score: By what score did Germany beat Brazil in the 2014 World Cup semi-final? (7–1); worldcup:final1998:score: By what score did France beat Brazil in the 1998 World Cup final? (3–0). The stated edition, tournament or credited role differs. Shared match wording does not change the different requested contribution or attribute; women's and men's editions are explicitly distinguished."
"world_cup_v2_012/world_cup_v2_080","1c7f1f7156455e6f95e56d33a8f2994e7050c539836d5a5bc79a5d0fd7f6f599","distinct","Reviewed worldcup:awards2022:goldenboot: Who won the Golden Boot at the 2022 World Cup? (Kylian Mbappe); worldcup:awards2018:goldenboot: Who won the Golden Boot at the 2018 World Cup? (Harry Kane). The stated edition, tournament or credited role differs. Shared match wording does not change the different requested contribution or attribute; women's and men's editions are explicitly distinguished."
"world_cup_v2_012/world_cup_v2_115","7fca24f131b56d1ebf540b845ba1a132f016fec4eecff51e5f1e286448d0d7fd","distinct","Reviewed worldcup:awards2022:goldenboot: Who won the Golden Boot at the 2022 World Cup? (Kylian Mbappe); worldcup:awards1986:goldenboot: Who won the Golden Boot at the 1986 World Cup? (Gary Lineker). The stated edition, tournament or credited role differs. Shared match wording does not change the different requested contribution or attribute; women's and men's editions are explicitly distinguished."
"world_cup_v2_012/world_cup_v2_118","eebaea3416c6edb89b36706eb28e94e0f186bdf1993f1abc673a8dc525f41226","distinct","Reviewed worldcup:awards2022:goldenboot: Who won the Golden Boot at the 2022 World Cup? (Kylian Mbappe); worldcup:awards2006:goldenboot: Who won the Golden Boot at the 2006 World Cup? (Miroslav Klose). The stated edition, tournament or credited role differs. Shared match wording does not change the different requested contribution or attribute; women's and men's editions are explicitly distinguished."
"world_cup_v2_014/world_cup_v2_043","4c1368987edbf4506fcb46b02f464ed1dfd385358e285f7ce2db70a484847635","distinct","Reviewed worldcup:final2022:stadium: At which stadium was the 2022 World Cup final played? (Lusail Stadium); worldcup:final1966:venue: At which stadium was the 1966 World Cup final played? (Wembley). The stated edition, tournament or credited role differs. Shared match wording does not change the different requested contribution or attribute; women's and men's editions are explicitly distinguished."
"world_cup_v2_019/world_cup_v2_029","cc57f6df95336dbbbbb73f141680326c81ed2e79465c9bd6d701757dbf8f9387","distinct","Reviewed worldcup:inaugural1930:champion: Which team won the first World Cup in 1930? (Uruguay); womensworldcup:inaugural1991:champion: Which team won the first Women's World Cup in 1991? (United States). The stated edition, tournament or credited role differs. Shared match wording does not change the different requested contribution or attribute; women's and men's editions are explicitly distinguished."
"world_cup_v2_019/world_cup_v2_040","bec6a50a4ed85a1c1320e23d53cd4c6db6e04bd5ab17f09c77cfaada8454533e","distinct","Reviewed worldcup:inaugural1930:champion: Which team won the first World Cup in 1930? (Uruguay); worldcup:champions2006:team: Which team won the 2006 World Cup in Germany? (Italy). The stated edition, tournament or credited role differs. Shared match wording does not change the different requested contribution or attribute; women's and men's editions are explicitly distinguished."
"world_cup_v2_021/world_cup_v2_096","7bbfa094a7fbb5ec7a37756e09fb2eeac912dbbfc6d8c4f8b7231ffae8235728","distinct","Reviewed worldcup:final1998:headers: Who scored two headers for France in the 1998 World Cup final? (Zinedine Zidane); worldcup:final1998:thirdscorer: Who scored France's third goal in the 1998 World Cup final? (Emmanuel Petit). The stated edition, tournament or credited role differs. Shared match wording does not change the different requested contribution or attribute; women's and men's editions are explicitly distinguished."
"world_cup_v2_022/world_cup_v2_094","e34ae8727889adbf6e7ba84f103c7b97e2753e04ff44249b44918bce932a81cf","distinct","Reviewed worldcup:final2014:winner: Who scored Germany's winning goal in the 2014 World Cup final? (Mario Gotze); worldcup:final1986:winnergoal: Who scored Argentina's winning goal in the 1986 World Cup final? (Jorge Burruchaga). The stated edition, tournament or credited role differs. Shared match wording does not change the different requested contribution or attribute; women's and men's editions are explicitly distinguished."
"world_cup_v2_022/world_cup_v2_096","782c1ed930ccb6eb0fd24613921af413f02187a19976d147d78b22138c1b10a1","distinct","Reviewed worldcup:final2014:winner: Who scored Germany's winning goal in the 2014 World Cup final? (Mario Gotze); worldcup:final1998:thirdscorer: Who scored France's third goal in the 1998 World Cup final? (Emmanuel Petit). The stated edition, tournament or credited role differs. Shared match wording does not change the different requested contribution or attribute; women's and men's editions are explicitly distinguished."
"world_cup_v2_022/world_cup_v2_105","f6a374018ea917723fdda090355ee00b7711dc53cf2a8f3ec2bd5f89f977cb4d","distinct","Reviewed worldcup:final2014:winner: Who scored Germany's winning goal in the 2014 World Cup final? (Mario Gotze); womensworldcup:final2023:scorer: Who scored Spain's goal in the 2023 Women's World Cup final? (Olga Carmona). The stated edition, tournament or credited role differs. Shared match wording does not change the different requested contribution or attribute; women's and men's editions are explicitly distinguished."
"world_cup_v2_022/world_cup_v2_124","1eb739c3dd0e6087cd3e89ce88edb72dcecad5b6951c81a98a235ad4959021a7","distinct","Reviewed worldcup:final2014:winner: Who scored Germany's winning goal in the 2014 World Cup final? (Mario Gotze); worldcup:final1974:winnergoal: Who scored West Germany's winning goal in the 1974 World Cup final? (Gerd Muller). The stated edition, tournament or credited role differs. Shared match wording does not change the different requested contribution or attribute; women's and men's editions are explicitly distinguished."
"world_cup_v2_022/world_cup_v2_143","0bffeecc4b1ebb38a15bea4e9d375715f6859cd43be96de6ccc99d3391313c21","distinct","Reviewed worldcup:final2014:winner: Who scored Germany's winning goal in the 2014 World Cup final? (Mario Gotze); worldcup:final1970:italianscorer: Who scored Italy's only goal in the 1970 World Cup final? (Roberto Boninsegna). The stated edition, tournament or credited role differs. Shared match wording does not change the different requested contribution or attribute; women's and men's editions are explicitly distinguished."
"world_cup_v2_022/world_cup_v2_169","d9e94ec5b96e6010753eee9633e0dfb60098d39657f32136bc35bfe002b22308","distinct","Reviewed worldcup:final2014:winner: Who scored Germany's winning goal in the 2014 World Cup final? (Mario Gotze); worldcup:final1930:closinggoal: Who scored Uruguay's fourth goal in the 1930 World Cup final? (Hector Castro). The stated edition, tournament or credited role differs. Shared match wording does not change the different requested contribution or attribute; women's and men's editions are explicitly distinguished."
"world_cup_v2_022/world_cup_v2_172","2a5ce3fa16aec4e26d94a54e7849b4a59ca709b1ce183fa52e2f93886f5da436","distinct","Reviewed worldcup:final2014:winner: Who scored Germany's winning goal in the 2014 World Cup final? (Mario Gotze); worldcup:japan2022:germanywinner: Who scored Japan's winning goal against Germany at the 2022 World Cup? (Takuma Asano). The stated edition, tournament or credited role differs. Shared match wording does not change the different requested contribution or attribute; women's and men's editions are explicitly distinguished."
"world_cup_v2_022/world_cup_v2_196","67af9f5ff548b5da6b60bcde6ac9e5b201af89aa425fd3603f5bdb18732b270f","distinct","Reviewed worldcup:final2014:winner: Who scored Germany's winning goal in the 2014 World Cup final? (Mario Gotze); worldcup:final1962:thirdgoal: Who scored Brazil's third goal in the 1962 World Cup final? (Vava). The stated edition, tournament or credited role differs. Shared match wording does not change the different requested contribution or attribute; women's and men's editions are explicitly distinguished."
"world_cup_v2_025/world_cup_v2_104","7595190533c624b70fdb10e6d3a5a97b456d80f45199978c2b4091287942b71d","distinct","Reviewed worldcup:final1966:hat-trick: Who scored a hat-trick for England in the 1966 World Cup final? (Geoff Hurst); womensworldcup:final2015:hat-trick: Who scored a hat-trick for the United States in the 2015 Women's World Cup final? (Carli Lloyd). The stated edition, tournament or credited role differs. Shared match wording does not change the different requested contribution or attribute; women's and men's editions are explicitly distinguished."
"world_cup_v2_029/world_cup_v2_030","5e40f80e237ab388e9ff4c4071c5666535c1d7962491dae87e71aa76da24fd29","distinct","Reviewed womensworldcup:inaugural1991:champion: Which team won the first Women's World Cup in 1991? (United States); womensworldcup:inaugural1991:host: Which country hosted the first Women's World Cup in 1991? (China). The stated edition, tournament or credited role differs. Shared match wording does not change the different requested contribution or attribute; women's and men's editions are explicitly distinguished."
"world_cup_v2_029/world_cup_v2_031","617713a9031dd59785c3318b69f2b3154245a15ba4b901867ffc49f58366a0cf","distinct","Reviewed womensworldcup:inaugural1991:champion: Which team won the first Women's World Cup in 1991? (United States); womensworldcup:final2011:champion: Which Asian team won the Women's World Cup in 2011? (Japan). The stated edition, tournament or credited role differs. Shared match wording does not change the different requested contribution or attribute; women's and men's editions are explicitly distinguished."
"world_cup_v2_029/world_cup_v2_106","c30ae0e8214a36e54a85d2ec6420cd4e391b70526727b9c3c73721c0404edec5","distinct","Reviewed womensworldcup:inaugural1991:champion: Which team won the first Women's World Cup in 1991? (United States); womensworldcup:final1995:champion: Which Scandinavian team won the 1995 Women's World Cup? (Norway). The stated edition, tournament or credited role differs. Shared match wording does not change the different requested contribution or attribute; women's and men's editions are explicitly distinguished."
"world_cup_v2_029/world_cup_v2_176","97fc1cc3a3272aee2e1b45d7162ad1fa257918afb014612a287f5faa1c4c5e2d","distinct","Reviewed womensworldcup:inaugural1991:champion: Which team won the first Women's World Cup in 1991? (United States); womensworldcup:awards1991:goldenball: Who won the Golden Ball at the first Women's World Cup in 1991? (Carin Jennings-Gabarra). The stated edition, tournament or credited role differs. Shared match wording does not change the different requested contribution or attribute; women's and men's editions are explicitly distinguished."
"world_cup_v2_031/world_cup_v2_106","a1b743d3ab059951d1953208b880dfbcbb4e1271f229019ccd13e9c102b87a37","distinct","Reviewed womensworldcup:final2011:champion: Which Asian team won the Women's World Cup in 2011? (Japan); womensworldcup:final1995:champion: Which Scandinavian team won the 1995 Women's World Cup? (Norway). The stated edition, tournament or credited role differs. Shared match wording does not change the different requested contribution or attribute; women's and men's editions are explicitly distinguished."
"world_cup_v2_039/world_cup_v2_055","3c8153597106f1bce6e7a8e4ea770b63628eb431ff83a4af90425533fab5207b","distinct","Reviewed worldcup:egypt:firstafrican: Which Arab country was the first African country to qualify for the World Cup? (Egypt); worldcup:africa2010:firsthost: Which country was the first African country to host the World Cup? (South Africa). The stated edition, tournament or credited role differs. Shared match wording does not change the different requested contribution or attribute; women's and men's editions are explicitly distinguished."
"world_cup_v2_042/world_cup_v2_062","c4706fcaf1185365c56d527584e6e23d18822d63f4b1a2f29cc30a437ede8ff6","distinct","Reviewed worldcup:final2014:venue: Which Brazilian stadium hosted the 2014 World Cup final? (Maracana); worldcup:host2014:country: Which country hosted the 2014 World Cup? (Brazil). The stated edition, tournament or credited role differs. Shared match wording does not change the different requested contribution or attribute; women's and men's editions are explicitly distinguished."
"world_cup_v2_050/world_cup_v2_131","f3cd4cb54136f098d21332d7d7a7ee1254fb9961270eba09c1ed2b16bd9bb0cf","distinct","Reviewed worldcup:france1998:coach: Who coached France when they won the 1998 World Cup? (Aime Jacquet); worldcup:spain2010:coach: Who coached Spain when they won the 2010 World Cup? (Vicente del Bosque). The stated edition, tournament or credited role differs. Shared match wording does not change the different requested contribution or attribute; women's and men's editions are explicitly distinguished."
"world_cup_v2_051/world_cup_v2_052","646749e4a568be3acd8d7177681e1806132d3ab9ccf268c308e743150423a4a4","distinct","Reviewed worldcup:final1970:score: By what score did Brazil beat Italy in the 1970 World Cup final? (4–1); worldcup:final2002:score: By what score did Brazil beat Germany in the 2002 World Cup final? (2–0). The stated edition, tournament or credited role differs. Shared match wording does not change the different requested contribution or attribute; women's and men's editions are explicitly distinguished."
"world_cup_v2_051/world_cup_v2_053","ba5483ef6d3b562269f34bbe48395f38f0bc8de3153b0565036e6c5011307899","distinct","Reviewed worldcup:final1970:score: By what score did Brazil beat Italy in the 1970 World Cup final? (4–1); worldcup:final1998:score: By what score did France beat Brazil in the 1998 World Cup final? (3–0). The stated edition, tournament or credited role differs. Shared match wording does not change the different requested contribution or attribute; women's and men's editions are explicitly distinguished."
"world_cup_v2_052/world_cup_v2_053","f79ef985df674217c20ee63941fd8bffce2753e9da1652668b19cda6bbcda813","distinct","Reviewed worldcup:final2002:score: By what score did Brazil beat Germany in the 2002 World Cup final? (2–0); worldcup:final1998:score: By what score did France beat Brazil in the 1998 World Cup final? (3–0). The stated edition, tournament or credited role differs. Shared match wording does not change the different requested contribution or attribute; women's and men's editions are explicitly distinguished."
"world_cup_v2_057/world_cup_v2_059","49cca998c12255bb79d7d52a7d9aaded3c6209e3d7bed8f67d8772aafe21bd06","distinct","Reviewed worldcup:host2018:country: Which country hosted the 2018 World Cup? (Russia); worldcup:host1998:country: Which country hosted the 1998 World Cup? (France). The stated edition, tournament or credited role differs. Shared match wording does not change the different requested contribution or attribute; women's and men's editions are explicitly distinguished."
"world_cup_v2_057/world_cup_v2_060","69cd226a61acd7a1ef3e18beecbebbfb766e3f919527b4016ff3327a5cf344fb","distinct","Reviewed worldcup:host2018:country: Which country hosted the 2018 World Cup? (Russia); worldcup:host2006:country: Which country hosted the 2006 World Cup? (Germany). The stated edition, tournament or credited role differs. Shared match wording does not change the different requested contribution or attribute; women's and men's editions are explicitly distinguished."
"world_cup_v2_057/world_cup_v2_061","631ec47c7df000866531f60c10b4c7e9d38fc2d4b6f2f734ced014e186596be7","distinct","Reviewed worldcup:host2018:country: Which country hosted the 2018 World Cup? (Russia); worldcup:host1994:country: Which country hosted the 1994 World Cup? (United States). The stated edition, tournament or credited role differs. Shared match wording does not change the different requested contribution or attribute; women's and men's editions are explicitly distinguished."
"world_cup_v2_057/world_cup_v2_062","d8ab17b18161a4097aef41da7c5de85c2dec6c832083ec94382827ecc8be1209","distinct","Reviewed worldcup:host2018:country: Which country hosted the 2018 World Cup? (Russia); worldcup:host2014:country: Which country hosted the 2014 World Cup? (Brazil). The stated edition, tournament or credited role differs. Shared match wording does not change the different requested contribution or attribute; women's and men's editions are explicitly distinguished."
"world_cup_v2_059/world_cup_v2_060","0e182a86d7d96cf46ba58bc74dfd0271e76e8333f6eefa4530a7c10bea0f5335","distinct","Reviewed worldcup:host1998:country: Which country hosted the 1998 World Cup? (France); worldcup:host2006:country: Which country hosted the 2006 World Cup? (Germany). The stated edition, tournament or credited role differs. Shared match wording does not change the different requested contribution or attribute; women's and men's editions are explicitly distinguished."
"world_cup_v2_059/world_cup_v2_061","d2304b79d090213f23ba30aaaea774e60bd864cc84b84dc70e719fc08c8574fc","distinct","Reviewed worldcup:host1998:country: Which country hosted the 1998 World Cup? (France); worldcup:host1994:country: Which country hosted the 1994 World Cup? (United States). The stated edition, tournament or credited role differs. Shared match wording does not change the different requested contribution or attribute; women's and men's editions are explicitly distinguished."
"world_cup_v2_059/world_cup_v2_062","a0975d4e3659359cf1448b74b7633bb40cbc2302bd13d5b2888baf5881ce89b6","distinct","Reviewed worldcup:host1998:country: Which country hosted the 1998 World Cup? (France); worldcup:host2014:country: Which country hosted the 2014 World Cup? (Brazil). The stated edition, tournament or credited role differs. Shared match wording does not change the different requested contribution or attribute; women's and men's editions are explicitly distinguished."
"world_cup_v2_060/world_cup_v2_061","44b8ec4e323f2ad9c36bd20fca0a66b1cbaf774061b55f33fc96ef0b3d9c84c3","distinct","Reviewed worldcup:host2006:country: Which country hosted the 2006 World Cup? (Germany); worldcup:host1994:country: Which country hosted the 1994 World Cup? (United States). The stated edition, tournament or credited role differs. Shared match wording does not change the different requested contribution or attribute; women's and men's editions are explicitly distinguished."
"world_cup_v2_060/world_cup_v2_062","92fe13471c3877fda30060113c9d7af998cb37a349ef26764877cb92ea8415ad","distinct","Reviewed worldcup:host2006:country: Which country hosted the 2006 World Cup? (Germany); worldcup:host2014:country: Which country hosted the 2014 World Cup? (Brazil). The stated edition, tournament or credited role differs. Shared match wording does not change the different requested contribution or attribute; women's and men's editions are explicitly distinguished."
"world_cup_v2_061/world_cup_v2_062","c1cbef75467f3c3edbf8aef0f53679fba907f75767b4dc32f8923ab008f8c3b9","distinct","Reviewed worldcup:host1994:country: Which country hosted the 1994 World Cup? (United States); worldcup:host2014:country: Which country hosted the 2014 World Cup? (Brazil). The stated edition, tournament or credited role differs. Shared match wording does not change the different requested contribution or attribute; women's and men's editions are explicitly distinguished."
"world_cup_v2_066/world_cup_v2_081","57ec2ed6cfbe3e91dbe2af7ff2210baf295993da7a6d1bd7885dcf06540a9e27","distinct","Reviewed worldcup:awards2018:youngplayer: Who won the Young Player Award at the 2018 World Cup? (Kylian Mbappe); worldcup:awards2022:youngplayer: Who won the Young Player Award at the 2022 World Cup? (Enzo Fernandez). The stated edition, tournament or credited role differs. Shared match wording does not change the different requested contribution or attribute; women's and men's editions are explicitly distinguished."
"world_cup_v2_071/world_cup_v2_141","8dbfc71f4dbd1e365db95bc9f3ccabdd3a5a91cc4f7f1b8256db14910594fba2","distinct","Reviewed worldcup:maracanazo1950:winnergoal: Who scored Uruguay's winning goal against Brazil in the decisive match of the 1950 World Cup? (Alcides Ghiggia); worldcup:maracanazo1950:equaliser: Who equalised for Uruguay before Ghiggia's goal in the decisive match of the 1950 World Cup? (Juan Alberto Schiaffino). The stated edition, tournament or credited role differs. Shared match wording does not change the different requested contribution or attribute; women's and men's editions are explicitly distinguished."
"world_cup_v2_077/world_cup_v2_153","ac5a91b64e964a284fca37f377233927ad66b8fed27ed9d0464d07fed46b78b3","distinct","Reviewed worldcup:croatia1998:brace: Who scored both France goals against Croatia in the 1998 World Cup semi-final? (Lilian Thuram); worldcup:croatia1998:openinggoal: Who scored Croatia's opening goal against France in the 1998 World Cup semi-final? (Davor Suker). The stated edition, tournament or credited role differs. Shared match wording does not change the different requested contribution or attribute; women's and men's editions are explicitly distinguished."
"world_cup_v2_079/world_cup_v2_149","0fc250456ccfbc53062ea7e948ea85b49e74741b1b0cdbec2d3fea220516f8d2","distinct","Reviewed worldcup:awards2010:goldenball: Who won the Golden Ball as the best player at the 2010 World Cup? (Diego Forlan); worldcup:awards2018:goldenglove: Who won the Golden Glove as the best goalkeeper at the 2018 World Cup? (Thibaut Courtois). The stated edition, tournament or credited role differs. Shared match wording does not change the different requested contribution or attribute; women's and men's editions are explicitly distinguished."
"world_cup_v2_080/world_cup_v2_115","d3c2ff008dbc0fa5067217352796e7191ff2049d462f2472862e0b4046caa25e","distinct","Reviewed worldcup:awards2018:goldenboot: Who won the Golden Boot at the 2018 World Cup? (Harry Kane); worldcup:awards1986:goldenboot: Who won the Golden Boot at the 1986 World Cup? (Gary Lineker). The stated edition, tournament or credited role differs. Shared match wording does not change the different requested contribution or attribute; women's and men's editions are explicitly distinguished."
"world_cup_v2_080/world_cup_v2_118","e9ad4340be889e6a9df42b51f8bdae11bed56685ff56afa824c84615c31a4ef7","distinct","Reviewed worldcup:awards2018:goldenboot: Who won the Golden Boot at the 2018 World Cup? (Harry Kane); worldcup:awards2006:goldenboot: Who won the Golden Boot at the 2006 World Cup? (Miroslav Klose). The stated edition, tournament or credited role differs. Shared match wording does not change the different requested contribution or attribute; women's and men's editions are explicitly distinguished."
"world_cup_v2_080/world_cup_v2_149","fe3829b6a012a8b33430faf4e9ecaf45f16ccd89d480e1ab55e801597b3341aa","distinct","Reviewed worldcup:awards2018:goldenboot: Who won the Golden Boot at the 2018 World Cup? (Harry Kane); worldcup:awards2018:goldenglove: Who won the Golden Glove as the best goalkeeper at the 2018 World Cup? (Thibaut Courtois). The stated edition, tournament or credited role differs. Shared match wording does not change the different requested contribution or attribute; women's and men's editions are explicitly distinguished."
"world_cup_v2_085/world_cup_v2_086","21b0d7290c705dfcca3a30264e6bbba1fa2851da5756c33bf9bd5e801494980b","distinct","Reviewed worldcup:mascot1998:name: What was the name of the mascot of the 1998 World Cup in France? (Footix); worldcup:mascot1982:name: What was the name of the mascot of the 1982 World Cup in Spain? (Naranjito). The stated edition, tournament or credited role differs. Shared match wording does not change the different requested contribution or attribute; women's and men's editions are explicitly distinguished."
"world_cup_v2_085/world_cup_v2_157","024f5f748bced5f03fa8f041c036bcf83631d41a2ebc3594ebed8ac749098b4f","distinct","Reviewed worldcup:mascot1998:name: What was the name of the mascot of the 1998 World Cup in France? (Footix); worldcup:mascot1990:name: What was the name of the mascot of the 1990 World Cup in Italy? (Ciao). The stated edition, tournament or credited role differs. Shared match wording does not change the different requested contribution or attribute; women's and men's editions are explicitly distinguished."
"world_cup_v2_086/world_cup_v2_157","69bcb190eba383cadc39e22f5402c7bf10e99b91dad19f9e058da56acc7b8590","distinct","Reviewed worldcup:mascot1982:name: What was the name of the mascot of the 1982 World Cup in Spain? (Naranjito); worldcup:mascot1990:name: What was the name of the mascot of the 1990 World Cup in Italy? (Ciao). The stated edition, tournament or credited role differs. Shared match wording does not change the different requested contribution or attribute; women's and men's editions are explicitly distinguished."
"world_cup_v2_087/world_cup_v2_088","02b2ab33c59b912e64f7487db39e68130a4ad17911131860e33e53e951922207","distinct","Reviewed worldcup:ball2010:name: What was the name of the official ball of the 2010 World Cup in South Africa? (Jabulani); worldcup:ball2014:name: What was the name of the official ball of the 2014 World Cup in Brazil? (Brazuca). The stated edition, tournament or credited role differs. Shared match wording does not change the different requested contribution or attribute; women's and men's editions are explicitly distinguished."
"world_cup_v2_087/world_cup_v2_158","3dfaacec73f4a2ca9c18b8510bddab0c211598c36e029e84a56ca671319762d6","distinct","Reviewed worldcup:ball2010:name: What was the name of the official ball of the 2010 World Cup in South Africa? (Jabulani); worldcup:ball1994:name: What was the name of the official ball of the 1994 World Cup in the United States? (Questra). The stated edition, tournament or credited role differs. Shared match wording does not change the different requested contribution or attribute; women's and men's editions are explicitly distinguished."
"world_cup_v2_088/world_cup_v2_158","262102dd17b7bdefabc2bae7adf50695399af85ea25a0a6cd57f3017f3180da9","distinct","Reviewed worldcup:ball2014:name: What was the name of the official ball of the 2014 World Cup in Brazil? (Brazuca); worldcup:ball1994:name: What was the name of the official ball of the 1994 World Cup in the United States? (Questra). The stated edition, tournament or credited role differs. Shared match wording does not change the different requested contribution or attribute; women's and men's editions are explicitly distinguished."
"world_cup_v2_094/world_cup_v2_096","11fcaf3dc701350a994a90fb5f6e7907c53c230f40c3284258fc28aee7f4f7ba","distinct","Reviewed worldcup:final1986:winnergoal: Who scored Argentina's winning goal in the 1986 World Cup final? (Jorge Burruchaga); worldcup:final1998:thirdscorer: Who scored France's third goal in the 1998 World Cup final? (Emmanuel Petit). The stated edition, tournament or credited role differs. Shared match wording does not change the different requested contribution or attribute; women's and men's editions are explicitly distinguished."
"world_cup_v2_094/world_cup_v2_105","7ae9983b62638e95a5c7af746fdd73c1b04caf68576259133b60fcca706ec6e2","distinct","Reviewed worldcup:final1986:winnergoal: Who scored Argentina's winning goal in the 1986 World Cup final? (Jorge Burruchaga); womensworldcup:final2023:scorer: Who scored Spain's goal in the 2023 Women's World Cup final? (Olga Carmona). The stated edition, tournament or credited role differs. Shared match wording does not change the different requested contribution or attribute; women's and men's editions are explicitly distinguished."
"world_cup_v2_094/world_cup_v2_124","3e62ce852fc96d23b548939ebf4317f33b363236234759f0d38aa80cffe04135","distinct","Reviewed worldcup:final1986:winnergoal: Who scored Argentina's winning goal in the 1986 World Cup final? (Jorge Burruchaga); worldcup:final1974:winnergoal: Who scored West Germany's winning goal in the 1974 World Cup final? (Gerd Muller). The stated edition, tournament or credited role differs. Shared match wording does not change the different requested contribution or attribute; women's and men's editions are explicitly distinguished."
"world_cup_v2_094/world_cup_v2_143","dabc2770c75c6327b5b8238b33f531e95a01d9e21032f16dea20e7c853287bdd","distinct","Reviewed worldcup:final1986:winnergoal: Who scored Argentina's winning goal in the 1986 World Cup final? (Jorge Burruchaga); worldcup:final1970:italianscorer: Who scored Italy's only goal in the 1970 World Cup final? (Roberto Boninsegna). The stated edition, tournament or credited role differs. Shared match wording does not change the different requested contribution or attribute; women's and men's editions are explicitly distinguished."
"world_cup_v2_094/world_cup_v2_169","b94dab2bf42784cbd2556694b4c3e4e63c2f1a271a7e051556cb256da5307c04","distinct","Reviewed worldcup:final1986:winnergoal: Who scored Argentina's winning goal in the 1986 World Cup final? (Jorge Burruchaga); worldcup:final1930:closinggoal: Who scored Uruguay's fourth goal in the 1930 World Cup final? (Hector Castro). The stated edition, tournament or credited role differs. Shared match wording does not change the different requested contribution or attribute; women's and men's editions are explicitly distinguished."
"world_cup_v2_094/world_cup_v2_196","3f6293a7f7fe3b94328aba08219c6ba56eadaed1cac857434b2c876e9f4e40e4","distinct","Reviewed worldcup:final1986:winnergoal: Who scored Argentina's winning goal in the 1986 World Cup final? (Jorge Burruchaga); worldcup:final1962:thirdgoal: Who scored Brazil's third goal in the 1962 World Cup final? (Vava). The stated edition, tournament or credited role differs. Shared match wording does not change the different requested contribution or attribute; women's and men's editions are explicitly distinguished."
"world_cup_v2_096/world_cup_v2_105","759995e39b24fbb33e498e9aba81575b2279f8b1c629cda177faff2120a11fef","distinct","Reviewed worldcup:final1998:thirdscorer: Who scored France's third goal in the 1998 World Cup final? (Emmanuel Petit); womensworldcup:final2023:scorer: Who scored Spain's goal in the 2023 Women's World Cup final? (Olga Carmona). The stated edition, tournament or credited role differs. Shared match wording does not change the different requested contribution or attribute; women's and men's editions are explicitly distinguished."
"world_cup_v2_096/world_cup_v2_143","1913a90a9a97a740cb6463f70927e57340ec4c1db7e33857cde0992d4de49043","distinct","Reviewed worldcup:final1998:thirdscorer: Who scored France's third goal in the 1998 World Cup final? (Emmanuel Petit); worldcup:final1970:italianscorer: Who scored Italy's only goal in the 1970 World Cup final? (Roberto Boninsegna). The stated edition, tournament or credited role differs. Shared match wording does not change the different requested contribution or attribute; women's and men's editions are explicitly distinguished."
"world_cup_v2_096/world_cup_v2_153","6a9ddf53e9403609563569763626ae3e18a5fd96fcfc3351a25fdf88346a6ea8","distinct","Reviewed worldcup:final1998:thirdscorer: Who scored France's third goal in the 1998 World Cup final? (Emmanuel Petit); worldcup:croatia1998:openinggoal: Who scored Croatia's opening goal against France in the 1998 World Cup semi-final? (Davor Suker). The stated edition, tournament or credited role differs. Shared match wording does not change the different requested contribution or attribute; women's and men's editions are explicitly distinguished."
"world_cup_v2_096/world_cup_v2_169","a45f58c6b8dba1b59f907ed28bf7dbb5582f4b01eb98537890f71c785131b167","distinct","Reviewed worldcup:final1998:thirdscorer: Who scored France's third goal in the 1998 World Cup final? (Emmanuel Petit); worldcup:final1930:closinggoal: Who scored Uruguay's fourth goal in the 1930 World Cup final? (Hector Castro). The stated edition, tournament or credited role differs. Shared match wording does not change the different requested contribution or attribute; women's and men's editions are explicitly distinguished."
"world_cup_v2_096/world_cup_v2_196","2cb7e31fe656d862e2110728f682b06b215e7e1f0dac04ae43232572022e9a00","distinct","Reviewed worldcup:final1998:thirdscorer: Who scored France's third goal in the 1998 World Cup final? (Emmanuel Petit); worldcup:final1962:thirdgoal: Who scored Brazil's third goal in the 1962 World Cup final? (Vava). The stated edition, tournament or credited role differs. Shared match wording does not change the different requested contribution or attribute; women's and men's editions are explicitly distinguished."
"world_cup_v2_098/world_cup_v2_152","e2f9de249f29f3c9ef97f36393d93d871199d907f2f083f59d986bb8191cbb77","distinct","Reviewed worldcup:morocco2022:quartergoal: Who scored Morocco's goal against Portugal in the 2022 World Cup quarter-final? (Youssef En-Nesyri); worldcup:portugal1966:fifthscorer: Who scored Portugal's fifth goal against Korea DPR in the 1966 World Cup quarter-final? (Jose Augusto). The stated edition, tournament or credited role differs. Shared match wording does not change the different requested contribution or attribute; women's and men's editions are explicitly distinguished."
"world_cup_v2_098/world_cup_v2_179","894bb8b99c987ed7e426824ab152f3a99332379228ad036af5ef864a6eb16525","distinct","Reviewed worldcup:morocco2022:quartergoal: Who scored Morocco's goal against Portugal in the 2022 World Cup quarter-final? (Youssef En-Nesyri); worldcup:turkey2002:goldengoal: Who scored Turkey's golden goal against Senegal in the 2002 World Cup quarter-final? (Ilhan Mansiz). The stated edition, tournament or credited role differs. Shared match wording does not change the different requested contribution or attribute; women's and men's editions are explicitly distinguished."
"world_cup_v2_103/world_cup_v2_104","afbfb80a227cc5ea44aaf9ba51e1b8c0f5849ef3590a637360e4cf116e4f4f1f","distinct","Reviewed womensworldcup:final1999:decisivekick: Who scored the decisive shoot-out kick for the United States in the 1999 Women's World Cup final? (Brandi Chastain); womensworldcup:final2015:hat-trick: Who scored a hat-trick for the United States in the 2015 Women's World Cup final? (Carli Lloyd). The stated edition, tournament or credited role differs. Shared match wording does not change the different requested contribution or attribute; women's and men's editions are explicitly distinguished."
"world_cup_v2_105/world_cup_v2_143","d3e9697ab5b587d0985464d0d6ad790850abeb566c2d32099034e4b82fd32c8a","distinct","Reviewed womensworldcup:final2023:scorer: Who scored Spain's goal in the 2023 Women's World Cup final? (Olga Carmona); worldcup:final1970:italianscorer: Who scored Italy's only goal in the 1970 World Cup final? (Roberto Boninsegna). The stated edition, tournament or credited role differs. Shared match wording does not change the different requested contribution or attribute; women's and men's editions are explicitly distinguished."
"world_cup_v2_105/world_cup_v2_169","256a85354081d528bf5bd424bbce3279eec376ca94f3926f680b80869e232eb3","distinct","Reviewed womensworldcup:final2023:scorer: Who scored Spain's goal in the 2023 Women's World Cup final? (Olga Carmona); worldcup:final1930:closinggoal: Who scored Uruguay's fourth goal in the 1930 World Cup final? (Hector Castro). The stated edition, tournament or credited role differs. Shared match wording does not change the different requested contribution or attribute; women's and men's editions are explicitly distinguished."
"world_cup_v2_105/world_cup_v2_177","b79f6efee13aeafeb567bf11035e12c3fcf8b5ba8f8e09e66ff335363892db44","distinct","Reviewed womensworldcup:final2023:scorer: Who scored Spain's goal in the 2023 Women's World Cup final? (Olga Carmona); womensworldcup:final1995:opener: Who scored Norway's opening goal in the 1995 Women's World Cup final? (Hege Riise). The stated edition, tournament or credited role differs. Shared match wording does not change the different requested contribution or attribute; women's and men's editions are explicitly distinguished."
"world_cup_v2_105/world_cup_v2_196","0c312ba7eb200217f6deec741e07684243c73a1dab768a2bd581c0901629bf2e","distinct","Reviewed womensworldcup:final2023:scorer: Who scored Spain's goal in the 2023 Women's World Cup final? (Olga Carmona); worldcup:final1962:thirdgoal: Who scored Brazil's third goal in the 1962 World Cup final? (Vava). The stated edition, tournament or credited role differs. Shared match wording does not change the different requested contribution or attribute; women's and men's editions are explicitly distinguished."
"world_cup_v2_115/world_cup_v2_118","4d0829b6fd13f58f75fd7962e22030bceaa6282577fccaa48251ed4d1e81a74c","distinct","Reviewed worldcup:awards1986:goldenboot: Who won the Golden Boot at the 1986 World Cup? (Gary Lineker); worldcup:awards2006:goldenboot: Who won the Golden Boot at the 2006 World Cup? (Miroslav Klose). The stated edition, tournament or credited role differs. Shared match wording does not change the different requested contribution or attribute; women's and men's editions are explicitly distinguished."
"world_cup_v2_119/world_cup_v2_124","86d233b16fbe25d6d1c88c738bf65a239cbc40e8c1ae85de23653fcfd0f96e77","distinct","Reviewed worldcup:algeria1982:winninggoal: Who scored Algeria's winning goal against West Germany at the 1982 World Cup? (Lakhdar Belloumi); worldcup:final1974:winnergoal: Who scored West Germany's winning goal in the 1974 World Cup final? (Gerd Muller). The stated edition, tournament or credited role differs. Shared match wording does not change the different requested contribution or attribute; women's and men's editions are explicitly distinguished."
"world_cup_v2_119/world_cup_v2_172","5480e87dfffc2f9028c5443b777ac9d8d7f0aa3e6e9f6c6482a5e1e13300c751","distinct","Reviewed worldcup:algeria1982:winninggoal: Who scored Algeria's winning goal against West Germany at the 1982 World Cup? (Lakhdar Belloumi); worldcup:japan2022:germanywinner: Who scored Japan's winning goal against Germany at the 2022 World Cup? (Takuma Asano). The stated edition, tournament or credited role differs. Shared match wording does not change the different requested contribution or attribute; women's and men's editions are explicitly distinguished."
"world_cup_v2_124/world_cup_v2_144","d7a89fe0d53f1d3720d6ccb780f166218e871c83627ac33c519aef3766575ab4","distinct","Reviewed worldcup:final1974:winnergoal: Who scored West Germany's winning goal in the 1974 World Cup final? (Gerd Muller); worldcup:final1974:equaliser: Who scored West Germany's equaliser from a penalty in the 1974 World Cup final? (Paul Breitner). The stated edition, tournament or credited role differs. Shared match wording does not change the different requested contribution or attribute; women's and men's editions are explicitly distinguished."
"world_cup_v2_124/world_cup_v2_180","2f0fcb1310c853c109acd958f224c8e0f716f2897768be52a4a18e793bf64ab9","distinct","Reviewed worldcup:final1974:winnergoal: Who scored West Germany's winning goal in the 1974 World Cup final? (Gerd Muller); worldcup:eastgermany1974:scorer: Who scored East Germany's goal in their victory over West Germany at the 1974 World Cup? (Jurgen Sparwasser). The stated edition, tournament or credited role differs. Shared match wording does not change the different requested contribution or attribute; women's and men's editions are explicitly distinguished."
"world_cup_v2_127/world_cup_v2_128","bffac829b2eb7aae1720015c9aa7b3be0a9fd1260996da3ce33886ac94a780e3","distinct","Reviewed worldcup:format2022:teamcount: How many teams competed at the 2022 World Cup? (32 teams); worldcup:format1930:teamcount: How many teams competed at the first World Cup in 1930? (13 teams). The stated edition, tournament or credited role differs. Shared match wording does not change the different requested contribution or attribute; women's and men's editions are explicitly distinguished."
"world_cup_v2_129/world_cup_v2_130","2fca82ae717bbb1078c99ab3ebc8b0c62c9f15cd2bce26a35d4a25ccf01bc993","distinct","Reviewed worldcup:france2018:coach: Who coached France to the 2018 World Cup title? (Didier Deschamps); worldcup:italy2006:coach: Who coached Italy to the 2006 World Cup title? (Marcello Lippi). The stated edition, tournament or credited role differs. Shared match wording does not change the different requested contribution or attribute; women's and men's editions are explicitly distinguished."
"world_cup_v2_129/world_cup_v2_132","438dd305e61a2edccd19c69cfc8c857b5adc7babcb549798db0d66cbe1bc1dcd","distinct","Reviewed worldcup:france2018:coach: Who coached France to the 2018 World Cup title? (Didier Deschamps); worldcup:germany2014:coach: Who coached Germany to the 2014 World Cup title? (Joachim Low). The stated edition, tournament or credited role differs. Shared match wording does not change the different requested contribution or attribute; women's and men's editions are explicitly distinguished."
"world_cup_v2_130/world_cup_v2_132","5fa2b3a27961a1530ff2cc2733fab01f462fe068fec1c7319d7be2476a6f454d","distinct","Reviewed worldcup:italy2006:coach: Who coached Italy to the 2006 World Cup title? (Marcello Lippi); worldcup:germany2014:coach: Who coached Germany to the 2014 World Cup title? (Joachim Low). The stated edition, tournament or credited role differs. Shared match wording does not change the different requested contribution or attribute; women's and men's editions are explicitly distinguished."
"world_cup_v2_143/world_cup_v2_169","d4ebd60b842a7eb790fb74de489e5c108e595319be923b846d7b9da824223766","distinct","Reviewed worldcup:final1970:italianscorer: Who scored Italy's only goal in the 1970 World Cup final? (Roberto Boninsegna); worldcup:final1930:closinggoal: Who scored Uruguay's fourth goal in the 1930 World Cup final? (Hector Castro). The stated edition, tournament or credited role differs. Shared match wording does not change the different requested contribution or attribute; women's and men's editions are explicitly distinguished."
"world_cup_v2_143/world_cup_v2_196","1bee2ad8857942e223035a37e0337574dc9743ba7ba1d6e5f7462d605248f512","distinct","Reviewed worldcup:final1970:italianscorer: Who scored Italy's only goal in the 1970 World Cup final? (Roberto Boninsegna); worldcup:final1962:thirdgoal: Who scored Brazil's third goal in the 1962 World Cup final? (Vava). The stated edition, tournament or credited role differs. Shared match wording does not change the different requested contribution or attribute; women's and men's editions are explicitly distinguished."
"world_cup_v2_168/world_cup_v2_196","6db48637363dbaa5dfb0af9a6af5df73ba6b74fb7536c915035b8637b606f8ad","distinct","Reviewed worldcup:final1962:equaliser: Who scored Brazil's equaliser in the 1962 World Cup final? (Amarildo); worldcup:final1962:thirdgoal: Who scored Brazil's third goal in the 1962 World Cup final? (Vava). The stated edition, tournament or credited role differs. Shared match wording does not change the different requested contribution or attribute; women's and men's editions are explicitly distinguished."
"world_cup_v2_169/world_cup_v2_196","a8ca29e2994e544bae10c842630ec35edf5b214ed4e36090cb40b7d41eafffa8","distinct","Reviewed worldcup:final1930:closinggoal: Who scored Uruguay's fourth goal in the 1930 World Cup final? (Hector Castro); worldcup:final1962:thirdgoal: Who scored Brazil's third goal in the 1962 World Cup final? (Vava). The stated edition, tournament or credited role differs. Shared match wording does not change the different requested contribution or attribute; women's and men's editions are explicitly distinguished."
"world_cup_v2_172/world_cup_v2_173","3262cecb6a05d7de9242218f18dc970568fba683d6f3356f952c85119612bfc3","distinct","Reviewed worldcup:japan2022:germanywinner: Who scored Japan's winning goal against Germany at the 2022 World Cup? (Takuma Asano); worldcup:germany2022:spainequaliser: Who scored Germany's equaliser against Spain at the 2022 World Cup? (Niclas Fullkrug). The stated edition, tournament or credited role differs. Shared match wording does not change the different requested contribution or attribute; women's and men's editions are explicitly distinguished."
"world_cup_v2_189/world_cup_v2_190","409e9cd44bd2bfd8c3e213216d0ed6d61074a720d4db1c8b97d64f04e03a40aa","distinct","Reviewed worldcup:scotland1978:solohero: Who scored Scotland's famous solo goal against the Netherlands at the 1978 World Cup? (Archie Gemmill); worldcup:peru1978:freekick: Who scored Peru's famous free-kick against Scotland at the 1978 World Cup? (Teofilo Cubillas). The stated edition, tournament or credited role differs. Shared match wording does not change the different requested contribution or attribute; women's and men's editions are explicitly distinguished."
