035	human brain anatomy model	thunderstorm dark clouds
036	full moon night sky	industrial factory exterior
037	human eye close up	eagle bird portrait
038	human tongue close up	sea coast ocean
039	spider close up	house exterior
040	analog clock face	sand dunes desert
041	ocean wave breaking	bright hot sun sky
042	round ball isolated	planet Earth from space
043	heavy weight gym plate	white feather isolated
044	open road asphalt	speedometer high speed
045	full moon night	beam of light dark
046	rose flower close up	clear water glass
047	family group portrait	large tree branches
048	wooden door close up	open sea ocean
049	human heart anatomy model	lion animal portrait
050	human head profile	money banknotes cash
051	open human hand	person helping another person
052	human eye close up	natural water spring landscape
053	straight painted line	fire flames close up
054	bridge structure	hanging rope close up
055	wooden chair furniture	electric spark lightning
056	brick wall texture	goalkeeper blocking football
057	round circle object	table furniture
058	metal key close up	car automobile exterior
059	boxing glove punching	bright midday sun
060	black leather clothing belt silver buckle isolated	safety shield check symbol
061	painted straight line	checkered finish flag
062	market stalls outdoors	black fabric texture
063	house exterior	white paint wall texture
064	open sea water	dead dry tree
065	round ball isolated	iron metal texture
066	adult man portrait	business office meeting
067	blank paper sheet	money banknotes cash
068	star night sky	sunrise early morning