"family","ids","separateFacts","decision","reviewDate"
"art:wetland","182,183","award-winning-exhibition; cement-feedstock","distinct","2026-10-07"
"building:burj-arab","020,086","silhouette; opening-year","distinct","2026-10-07"
"building:etihad-museum","089,135,149","roof-inspiration; columns-symbolism; architects","distinct","2026-10-07"
"building:future","084,085,122,148","opening-date; calligrapher; quote-author; design-firm","distinct","2026-10-07"
"building:louvre","024,083,088,193","emirate; architect; dome-effect; dome-diameter","distinct","2026-10-07"
"building:qasr-watan","025,123","function; light-show-name","distinct","2026-10-07"
"building:zayed-bridge","090,130","architect; form-inspiration","distinct","2026-10-07"
"culture:ayyala","042,159","art-identification; joint-inscription","distinct","2026-10-07"
"culture:sadu","044,160","craft-type; original-list","distinct","2026-10-07"
"culture:sharjah","028,093","book-capital-title; arab-cultural-capital-year","distinct","2026-10-07"
"culture:talli","043,094,158","craft-type; unesco-year; alternate-name","distinct","2026-10-07"
"education:nyuad","173,174","first-class-year; first-commencement-speaker","distinct","2026-10-07"
"education:uaeu","040,107","city; establishment-year","distinct","2026-10-07"
"emirates:area","007,008","largest; smallest","distinct","2026-10-07"
"energy:barakah","033,105,106,150","energy-type; region; reactor-count; reactor-design","distinct","2026-10-07"
"energy:irena","108,163","headquarters-development; building-rating","distinct","2026-10-07"
"energy:shams-dubai","063,133","panel-type; surplus-destination","distinct","2026-10-07"
"energy:shams1","112,162,191","generation-method; collector-shape; capacity","distinct","2026-10-07"
"event:cop28","038,117,118","purpose; venue; stocktake-name","distinct","2026-10-07"
"event:expo2020","037,066,113,114,115,116","host-city; opening-year; theme; subthemes; sustainability-pavilion; central-plaza","distinct","2026-10-07"
"geography:hatta","017,055,082","emirate; mountain-range; former-name","distinct","2026-10-07"
"geography:khorfakkan","018,068","emirate; surrounding-emirate","distinct","2026-10-07"
"geography:uae","013,014,050,051","peninsula; land-neighbours; climate-type; northern-gulf","distinct","2026-10-07"
"heritage:alain","110,157","unesco-year; aflaj-period","distinct","2026-10-07"
"heritage:bidya","124,194","domes-count; roof-support","distinct","2026-10-07"
"heritage:dhayah","058,169,201","emirate; present-fort-century; historic-battle-year","distinct","2026-10-07"
"heritage:faya","121,156","unesco-year; earliest-occupation","distinct","2026-10-07"
"literature:ousha","064,175,176","poet-name; biographer; earlier-pen-name","distinct","2026-10-07"
"money:currency","005,049","name; international-code","distinct","2026-10-07"
"money:dirham","006,078,141","fils-count; introduction-date; first-thousand-note","distinct","2026-10-07"
"nature:dugong","067,198","local-name; population-comparison","distinct","2026-10-07"
"nature:ghaf","012,052,120,164","national-tree; 2019-symbol; national-designation-year; scientific-name","distinct","2026-10-07"
"space:hazza","030,104","first-emirati; visited-station","distinct","2026-10-07"
"space:hope","029,102,136,154","planet; mars-arrival-date; scientific-focus; ultraviolet-instrument","distinct","2026-10-07"
"space:khalifasat","103,151","fully-uae-built-identity; launch-country","distinct","2026-10-07"
"space:nora","032,152","astronaut-selection; training-centre","distinct","2026-10-07"
"space:sultan","031,153","spacewalk-person; spacewalk-partner","distinct","2026-10-07"
"state:anthem","009,073","title; lyricist","distinct","2026-10-07"
"state:emblem","011,074","bird; stars-meaning","distinct","2026-10-07"
"state:flag","010,072","colours; designer","distinct","2026-10-07"
"state:fnc","076,096","member-count; first-female-speaker","distinct","2026-10-07"
"state:union","003,069,137","proclamation-date; last-joining-emirate; nine-state-proposal","distinct","2026-10-07"
"transport:dxb","061,098,145,146","airport-name; opening-year; original-runway; terminal-three-year","distinct","2026-10-07"
"transport:emirates","034,100,143,144","home-city; first-destinations; first-lessor; first-owned-model","distinct","2026-10-07"
"transport:etihad","035,101","home-city; first-commercial-destination","distinct","2026-10-07"
"transport:mahatta","195,204","historic-route; first-airfield-year","distinct","2026-10-07"
"transport:metro","036,097,132","line-colours; red-line-opening-date; interchange-pair","distinct","2026-10-07"
